2024388359
2024381649
2024417592
2026204484
2024407156
2026204392
2024376764
2026204533
2026204553
2023477307
2026204561
2024414221
2024384836
2025239561
2024382581
2026204455
2024394524
2024392570
2024372141
2024384393
2024396242
2025218804
2024395504
2026204263
2024388664
2024415754
2024390185
2024388318
2023471703
2024401228
2025215264
2024417199
2024399918
2024427084
2025207937
2024391338
2024395991
2024407004
2024408724
2024386341
2024421563
2024391380
2024407153
2025206929
2024402228
2024395163
2024452608
2026204109
2024397960
2024392088
2026203940
2025212930
2024368406
2024400340
2024389968
2026203871
2023471098
2024382550
2024406563
2024411830
2024404984
2024388019
2026203778
2024390388
2024384323
2026203790
2024398207
2026204045
2024389953
2025210264
2024395293
2024363734
2026203799
2024400916
2024404733
2024410574
2024403856
2024395984
2024395796
2024382085
2024406976
2024369772
2024389335
2024375011
2025207679
2024401609
2025205886
2024375438
2026203391
2026203340
2024355055
2024387810
2024391239
2024375026
2024371732
2024412295
2026203638
2024371658
2026203720
2024386004
2024398358
2024374545
2024352234
2024361342
2026203542
2026203646
2026203596
2026203510
2026203169
2026203115
2026203144
2026203073
2026203152
2024376724
2024374561
2026203026
2024372435
2026203038
2026203020
2024380229
2026203234
2024361723
2024367069
2024373668
2026203430
2023469583
2026203685
2024356467
2026202951
2024380221
2024405224
2024359348
2024371795
2024362583
2023470291
2024377543
2024365321
2024339334
2024367762
2026202727
2026203417
2024388686
2024366839
2024350618
2023466161
2026202944
2024354215
2024361768
2025316666
2024374955
2024351206
2026202605
2024371367
2026202772
2024407237
2024357834
2024364549
2024364205
2026202565
2024362391
2024362918
2024392459
2024348439
2024372861
2026202522
2026202639
2024332283
2024355938
2026202500
2024357175
2024336355
2024359841
2024357096
2026202913
2026203212
2024358746
2024336986
2026202601
2024344474
2026202430
2024336422
2026202296
2024373326
2024341199
2024331446
2024351520
2024339326
2023466489
2024353336
2024342954
2024358539
2024361412
2024344411
2024453796
2024339053
2024368730
2026202153
2026202178
2026202608
2026202121
2026202165
2026202166
2026202168
2026202167
2024344010
2023465088
2024334249
2024358142
2026202038
2026202458
2026201939
2024358341
2026202371
2024349991
2023465693
2024329035
2026201927
2024353746
2024354568
2024350893
2024344156
2026202308
2026201941
2026201943
2024340324
2026202342
2024337604
2026201940
2024369740
2024340717
2024353211
2024374390
2026201832
2026202188
2024395153
2024345004
2026201719
2026201905
2024342565
2023464687
2024332984
2024319668
2024391123
2024334964
2026202012
2026201529
2023467842
2026201605
2026201577
2024330916
2024351373
2026202051
2026202058
2026201437
2024329759
2026201553
2024330582
2023467014
2026201459
2026201366
2023467598
2026201337
2024331551
2024342405
2026201849
2024354389
2026201848
2024327348
2024328041
2024355160
2024330850
2024339652
2024364169
2024342567
2024344391
2026201194
2024327194
2026201418
2024334250
2024320183
2023466408
2024353210
2024343424
2024331569
2026201154
2024320442
2024320853
2026201596
2026201139
2023461945
2024300679
2024323703
2024299268
2024439059
2026201359
2024325330
2026201297
2024299578
2026200957
2026200950
2024324889
2024324723
2024325218
2026201282
2024299855
2026200931
2026200899
2024328721
2024323124
2026201193
2024320580
2024321702
2026201241
2026200838
2026200832
2026200757
2025278208
2024348036
2024325219
2024322154
2026200714
2026200890
2024329135
2024288296
2024315890
2024399811
2024317380
2024296851
2026200696
2024318139
2024315697
2023466990
2026200675
2026201071
2026200955
2026200623
2024315994
2024317517
2026200612
2024407767
2024318895
2024309291
2025293334
2026200547
2024321319
2026200550
2026200486
2026200465
2024301643
2023459396
2026200897
2024297293
2026200471
2024313518
2026200436
2024298516
2026200374
2024314884
2026200383
2024297569
2024291267
2024301078
2024320972
2026200327
2026200186
2024358688
2024301311
2026200183
2024315411
2026200184
2024393997
2024292957
2024303227
2024374433
2024318556
2026200150
2025268291
2026200077
2024298350
2024310215
2024338275
2024291618
2026200062
2026200058
2026200041
2023471620
2024315146
2023461957
2024288042
2024299420
2024278799
2024354191
2025287425
2025287393
2024408479
2024292439
2024288438
2025287397
2024294714
2026200379
2024315439
2023457149
2024300185
2024414899
2026200123
2024295481
2026200085
2024287899
2026200040
2026200024
2024316973
2025287353
2025283666
2025287391
2024292914
2025283689
2024291196
2025283575
2024308611
2024288960
2024291671
2024315113
2024283141
2025283691
2025279808
2024289691
2025287304
2024286860
2025283490
2024295509
2025283570
2024281481
2023458219
2024397846
2025283488
2025279802
2024282571
2025279804
2024294994
2025279806
2025279709
2025279762
2024293507
2024291631
2024314230
2025279596
2025279738
2024273487
2023448807
2024284386
2025283501
2023447446
2025279805
2025275184
2023464646
2025275142
2024436572
2024273423
2025279607
2025271577
2025275136
2024304933
2024444880
2024284266
2024282884
2025271511
2025261063
2025271459
2024430604
2025279685
2025279646
2024282145
2024275261
2024310056
2025275151
2024263086
2025271383
2023445053
2025275306
2024267511
2025271335
2024263291
2024304832
2025271382
2024282061
2025275283
2025279660
2024310123
2024313086
2023450337
2024273668
2025271081
2025279815
2024279418
2025271460
2025271458
2024269457
2024283753
2024309668
2023458797
2025271037
2023457113
2024289899
2024272995
2025271127
2025271262
2025271408
2024274321
2024280313
2024274584
2025271257
2024271649
2025271239
2025270969
2023450791
2025271241
2025271171
2024252226
2024305676
2025232989
2025267471
2024250420
2025237442
2024410143
2025267427
2024264128
2024263769
2025263870
2024260183
2025267340
2025271019
2025263820
2023459118
2025263919
2025263867
2025267468
2024273970
2025263843
2024263627
2025263802
2024264980
2023442130
2023444467
2025263781
2024273693
2024253986
2024257343
2024318632
2024251062
2025263759
2025267532
2025267509
2023476387
2025260009
2025260004
2024273309
2025259927
2024258430
2023451352
2025263752
2024302028
2025259942
2024263597
2024439269
2024272553
2024279756
2025259933
2025259936
2025267419
2025259928
2024269633
2024242609
2024267291
2024308350
2023453786
2024273059
2025259884
2023457859
2023440398
2025256235
2025256207
2024303991
2025256149
2024265299
2025256122
2024253661
2024274464
2025256128
2024266684
2024280032
2024286151
2025256114
2024268616
2025252657
2025256093
2024240376
2024437410
2025252663
2024256357
2025259910
2024265269
2024259495
2024242951
2025252565
2025252575
2024259109
2024234452
2024272049
2025252549
2025256167
2024307048
2023436556
2024253804
2025256206
2024267362
2024244908
2024266448
2024245781
2025256165
2024234462
2024259478
2024248472
2024303399
2024254890
2024258899
2024265898
2025256121
2024266036
2024264960
2024266033
2024305090
2025242281
2024250064
2025248644
2025242208
2024235744
2024252075
2025242204
2024244334
2025252530
2023441334
2023442813
2024342193
2025242081
2025252531
2023442872
2025242158
2024254079
2024342246
2025242159
2025248703
2023445677
2024264368
2024252845
2025252529
2023441819
2023441207
2024262296
2024253094
2025238117
2025238140
2024246843
2025238081
2023427441
2025238057
2025238082
2023430612
2024236958
2025238049
2024272217
2024277784
2024290483
2025238018
2024244923
2024238379
2023465630
2025242175
2024247436
2024285254
2023442899
2024262114
2024257530
2024239768
2024239585
2024245342
2024230932
2023435665
2024225224
2023432973
2024251883
2024244557
2024246689
2024240270
2024242577
2023468880
2024267203
2024246753
2024258114
2025234180
2025234202
2023430550
2024239035
2024260382
2024253466
2024245879
2025242087
2025234139
2023440030
2024259944
2024221434
2024244669
2024230654
2024222581
2025230785
2024381387
2024231347
2024228171
2024258318
2024258597
2024254636
2024237226
2025230741
2025230712
2025234275
2024253411
2024252357
2025234295
2025230653
2024237958
2025226832
2024286781
2024243827
2025230670
2024229256
2025230655
2024242038
2024264053
2024233495
2024241465
2023438220
2024231667
2025226806
2025226819
2025226807
2024229324
2024231805
2025226675
2025226763
2024242485
2025226741
2025226794
2025226719
2024303646
2025230748
2025226704
2025226805
2025223929
2024267765
2023433227
2023431557
2024231662
2024242652
2024233743
2024218683
2024234961
2024236117
2024248639
2024227900
2024249909
2025223839
2023456818
2025220893
2025223909
2024224987
2025220722
2024224185
2025212746
2025220707
2025220703
2024302339
2024224623
2024248181
2025223751
2025220695
2024216570
2025220704
2025217386
2024226775
2025217433
2025217425
2025226691
2025223779
2024226656
2025217322
2025217323
2024242028
2024232585
2025220691
2025213704
2025217305
2023439421
2025220905
2024229355
2025213705
2024218532
2024209750
2023436610
2025217308
2024220651
2025217274
2025220753
2024222607
2024218990
2025210895
2025210861
2025210855
2024299389
2024316702
2025210811
2025210853
2023438544
2023369186
2024222145
2025210783
2024215904
2025208552
2023420186
2024207494
2024226284
2025213707
2023430518
2023434225
2023430218
2025217282
2025208471
2025208487
2025208476
2024209924
2025208497
2025213661
2025210907
2025208474
2023427990
2024211168
2025206426
2025210775
2025210921
2025210806
2025206427
2025208426
2024228532
2023417154
2025210779
2023409921
2024212734
2023421347
2023425963
2024247501
2025208438
2024406853
2024210501
2024211859
2024218063
2025208528
2023422212
2025205586
2025208544
2024239169
2023413665
2025205504
2025205495
2024283130
2023414780
2024246594
2025205445
2025206383
2023373309
2025208442
2024392078
2024208236
2024416009
2025205368
2023430474
2023393260
2023407207
2025205230
2024417779
2025205442
2024330449
2022487842
2025205144
2023434397
2025205164
2024211334
2025205148
2024205326
2023425071
2024211578
2023435249
2023370301
2023394126
2025205439
2024213898
2025205008
2025205021
2023420138
2024217825
2025205065
2025205490
2023408595
2025205437
2024210835
2023379127
2025205438
2023426077
2023417599
2025205194
2022490999
2023369199
2023410365
2022487843
2023418202
2023388792
2025205133
2023401078
2024392549
2023426434
2025204758
2023390409
2023417774
2023399573
2023409235
2025204661
2025204769
2025205055
2023425553
2025205041
2025204643
2025204624
2025204596
2025204598
2025204603
2022491154
2025204619
2023409829
2023409330
2025204597
2024211738
2025204530
2024205428
2025204876
2025204546
2025204475
2023381307
2023390248
2025204389
2023383698
2025204756
2023395733
2025204241
2025204415
2023421649
2023401105
2025204268
2023381766
2023375369
2023407906
2025204384
2023399925
2025204248
2023416114
2023388201
2023424338
2023369196
2023388728
2025204163
2024387089
2025204736
2023400582
2025204095
2023420610
2025204151
2023375712
2024269449
2022487152
2025204089
2023404822
2025204050
2023384812
2023370446
2023421619
2025204609
2024207414
2024234293
2025204056
2023474225
2025204022
2025204484
2025204018
2023397589
2023413577
2025203966
2025203976
2023390074
2023412944
2025203918
2023394018
2025203911
2023375014
2022489895
2025203785
2025203912
2023410991
2024224844
2025203797
2023417383
2023385645
2023386712
2025203671
2023383369
2023363891
2024378983
2025203696
2023396294
2023386713
2025203616
2025203692
2025203588
2023370838
2025203584
2023373870
2023375184
2023425728
2023390347
2023379578
2023376941
2025203568
2025203362
2025203977
2025203439
2025203431
2023383017
2023386203
2023376799
2025203427
2023377463
2023370629
2025203318
2023413468
2025203262
2022485995
2023377454
2025203329
2025203289
2025203744
2023372350
2023390255
2025203201
2023414375
2025203267
2023357883
2024252508
2025203755
2023381347
2025203685
2023378892
2023382655
2023374228
2025203062
2023371024
2025203125
2025203047
2023355392
2023354541
2022482559
2025202935
2025203358
2023370984
2023348662
2023350692
2023414297
2023414357
2023372520
2025203309
2023382068
2025202891
2023358221
2023377086
2025203316
2025203306
2022483600
2023365342
2024203707
2025202902
2023365684
2025202746
2025202692
2023365963
2023377730
2025202698
2025202815
2023361507
2023340203
2025202756
2023404594
2023381536
2024354213
2023377819
2023365551
2025202582
2025202588
2025202593
2025202560
2025203055
2025202506
2025202480
2023413266
2023387913
2023365228
2023354139
2023363667
2025202522
2023358920
2023341725
2023382156
2023358828
2023345758
2025202786
2023360971
2025202379
2023336969
2023356081
2023379646
2023347079
2025202340
2023361988
2022483721
2023374847
2023369577
2025202792
2024347765
2023348810
2023355955
2023354143
2023354153
2023343605
2023335279
2023414349
2025202750
2023354146
2025202273
2023337006
2023350789
2023350306
2022481799
2023364860
2025202149
2023362882
2023348394
2025202565
2023402603
2025202144
2025202248
2023336028
2025202135
2025202148
2023343345
2025202095
2025202380
2023356809
2023404605
2023366141
2025202109
2025202061
2023337308
2025202060
2023364018
2023360961
2023355719
2023335826
2023356080
2023356065
2023328885
2025202339
2025202278
2025201975
2023335438
2025202241
2023358354
2023349337
2025202000
2025202370
2025201938
2023445887
2025201994
2023390970
2025201915
2023429815
2025201907
2022479287
2025201782
2023347949
2025201832
2025201763
2023324867
2023342451
2025201791
2025201739
2023349826
2025201705
2023330013
2023366154
2025201735
2023331938
2023341365
2023321973
2025202134
2023333455
2025202054
2025202056
2023462921
2025201695
2022479527
2023433089
2023328887
2023345765
2023374240
2025201986
2023323860
2023334871
2024329874
2022480348
2025201640
2022485543
2025201550
2025201578
2023325670
2022473555
2025201573
2023334598
2025201497
2022480096
2025201512
2025100006
2023344595
2025201490
2023327801
2023358099
2025201906
2023329569
2023351577
2022482938
2023313623
2023343205
2023343085
2025201399
2023353732
2023331902
2025201429
2024216941
2025201377
2023326683
2023334958
2023363179
2024258925
2025201318
2023320911
2025201325
2023359586
2025201232
2023347017
2023320506
2023329700
2022479292
2025201647
2025201313
2023326044
2025201604
2025201106
2023356669
2025201111
2023337510
2025201095
2023315854
2025201068
2025201043
2023333529
2023315160
2025201029
2025201055
2025201003
2023326913
2023320351
2023357793
2025200948
2025200917
2023321661
2023358738
2023344876
2023314394
2023313524
2022483180
2025200800
2023349457
2023351431
2023323498
2023321871
2025201382
2023342724
2023326875
2025200751
2025200678
2023308028
2025201196
2023355540
2023317449
2023320002
2025201164
2023307889
2023303840
2024323228
2025201020
2023353108
2025200566
2025201203
2023314273
2023326741
2023302084
2023379251
2025200691
2023318840
2025200507
2022480084
2025200476
2025200493
2022473859
2023318933
2025200504
2025200506
2023287265
2023315795
2023306880
2025200445
2023345582
2025200771
2023312643
2023323328
2023338806
2025200772
2023310709
2025200416
2023353009
2023317588
2022472704
2023319292
2023328822
2023318795
2023322405
2023331065
2023289782
2023353008
2025200380
2025200460
2023300174
2025200391
2023336051
2025200712
2023335996
2023289826
2023309560
2023335997
2025200326
2025200505
2023308992
2023312724
2022473582
2023290182
2025200210
2023306965
2023322371
2023297955
2025200152
2023427722
2023315607
2023311900
2023311225
2025200161
2023305836
2023324694
2025200125
2023350069
2023283707
2023341904
2025200055
2023305578
2025200070
2025200072
2025200421
2025200009
2025200413
2023306441
2022475686
2023301919
2024287274
2025200003
2023452508
2025200011
2023288777
2023317827
2023394916
2024287256
2023309554
2023300533
2023370512
2023284865
2023295418
2024287240
2023312740
2023302723
2025200214
2023310663
2024287085
2023307461
2023308269
2023306105
2024287082
2023284367
2023337047
2023286652
2023299026
2023270496
2023307485
2023286092
2024235961
2024278456
2023283886
2024287130
2023298431
2023281908
2024278511
2024278452
2023303729
2024278446
2024278461
2023315830
2024278406
2023273298
2023284885
2023295918
2024278403
2023297915
2024278616
2024278402
2024278382
2023282892
2024278404
2023318231
2023328211
2023298016
2023356403
2023299130
2023287078
2023277729
2023267431
2024278315
2023291138
2023296580
2023284413
2024278419
2023285631
2024278447
2023404430
2024278441
2024278106
2023271365
2024278459
2024278099
2024270638
2023303021
2023269197
2023287379
2023342692
2024212507
2023294392
2024267070
2024221664
2024278405
2023281637
2024278346
2023273662
2023281600
2024267040
2023269897
2023278991
2024267044
2023439308
2023279211
2024231727
2023275390
2023297169
2024266977
2024266928
2023275477
2023264731
2024274537
2023275689
2024266938
2023282842
2024275219
2023283749
2024270628
2024266883
2023289034
2023258468
2024249551
2024266859
2024266872
2023260431
2022461760
2024267105
2023446737
2024267098
2023275705
2023273610
2023273726
2023292779
2023279786
2024266740
2023295552
2022461227
2023269215
2024266697
2024266927
2023257644
2023283453
2023296954
2024266966
2023272141
2023272946
2023269274
2024264629
2024264659
2024264643
2023260836
2023264102
2023255204
2023278871
2023277832
2023257723
2024247902
2023258042
2024266776
2024259830
2023444874
2022453500
2023258063
2024259899
2024259860
2024264578
2023302057
2024259845
2023264195
2023260398
2023276715
2023276714
2023248246
2023248658
2023266939
2024259719
2023256294
2024259707
2024264610
2022469913
2024259692
2023290253
2023263320
2024259642
2023280486
2023315251
2024259859
2023289659
2022473505
2024256084
2024259829
2024259872
2021320231
2023258986
2023281871
2024259790
2024227713
2024227773
2023266675
2023247751
2023358945
2023272579
2024227604
2023266575
2024227716
2024227582
2023289066
2024227607
2022470696
2023273605
2023272445
2024227559
2024227563
2024227538
2022484369
2023262151
2024259696
2024227505
2024227450
2024259720
2023244578
2023265491
2024227482
2024259657
2023263416
2022460731
2024227397
2023366640
2024227427
2024227358
2023254005
2023257255
2024227758
2023280488
2023270700
2023328486
2023245564
2024227350
2023266797
2023260828
2024227567
2024227544
2024227347
2023264655
2023265511
2024227282
2024227458
2023261381
2023266116
2024227245
2023254054
2023264712
2023259453
2023258518
2023327991
2024227214
2023258574
2023236974
2024227227
2024227268
2023230030
2024227178
2024224009
2024227337
2024227145
2023247488
2024227177
2024227316
2023277222
2023250495
2023250983
2024227034
2023279157
2022450406
2023243296
2023280163
2023432025
2024220212
2023241834
2023349665
2024223969
2024222212
2024220214
2024210972
2022460007
2023368466
2023264656
2024220148
2024220150
2023269364
2024220159
2024220200
2024220099
2024227107
2023256621
2024227123
2024220075
2023238025
2023251651
2024223984
2023247494
2024220107
2023249688
2023249253
2023243592
2023247848
2023240236
2023259352
2024227106
2024220010
2023247499
2023264238
2024220029
2024220213
2023245225
2022453431
2023233662
2023233631
2023234397
2024219826
2024219925
2023260438
2023242305
2023275584
2024219894
2024219881
2024219904
2023251928
2023379132
2023269214
2024219948
2024219908
2023240401
2023355052
2024220068
2023235297
2024219807
2023237288
2024219774
2023220527
2023278276
2023228709
2024219723
2023239943
2024219707
2023313304
2023232127
2023234895
2024219734
2023236365
2024219553
2024219505
2023228630
2023421715
2022445583
2023237898
2023245776
2023225603
2024219479
2023430177
2024219482
2024219402
2024219944
2023326196
2023234337
2024219384
2024100032
2024219445
2024219342
2023227427
2023227961
2023381837
2023226165
2024219340
2024216523
2024216536
2023409219
2024216522
2023247940
2024219715
2024216521
2022444027
2023354390
2024216525
2023234613
2024216455
2024219509
2022457138
2023405444
2024219602
2024219401
2023248708
2023239087
2023234600
2023227770
2023281492
2024216526
2024219474
2024219491
2023228872
2023302618
2022480950
2024216392
2024216379
2023221644
2023240523
2024216281
2024216486
2023351995
2023237885
2023228221
2024216485
2024216331
2024216360
2023225442
2023221188
2023228967
2023223754
2023224853
2022443462
2024216292
2024213184
2024213107
2023223479
2023248698
2022441292
2024216437
2023301315
2024213110
2023259684
2023231518
2022440229
2024216512
2024211011
2023286309
2024211002
2023210193
2024205829
2023227204
2024205849
2024205787
2024216361
2022443265
2023242704
2022471961
2024205764
2024205739
2022444592
2024205737
2023232189
2024205742
2023221382
2024205728
2023253503
2024205707
2022440578
2023219085
2023213913
2024211001
2024205688
2023221395
2023205774
2024205637
2024205653
2024205602
2023216713
2023228953
2024205844
2023225939
2023204934
2024205545
2023387355
2024205402
2023218884
2024205274
2024205382
2024205468
2024205278
2023264873
2024205807
2024205255
2024205758
2024205534
2022454092
2023206664
2024205220
2022431848
2024205126
2024205202
2024205224
2024205184
2023217631
2024205173
2024205107
2024205171
2024205073
2024205584
2024205514
2023207688
2024205001
2022422775
2024205566
2023204822
2023227622
2024205215
2024204952
2024205279
2022421423
2023234374
2024205044
2024204832
2022432618
2023212085
2023205562
2023206378
2023214017
2024205026
2023216645
2022420588
2022418530
2023206308
2023221883
2024205040
2023209422
2022432849
2023204428
2023215134
2023216501
2024204994
2024204711
2022405439
2023215790
2022424122
2022410057
2023212943
2024204689
2022442240
2022412023
2022403869
2023205944
2023205258
2022415717
2021480811
2022428781
2024204894
2022431986
2023222491
2024204563
2022421642
2024204547
2023205955
2024204909
2024205555
2022410229
2024204490
2023387760
2022406948
2024204570
2023234289
2024204523
2022427984
2024204456
2024204720
2022420862
2022414203
2022425754
2023211162
2024204428
2022413409
2024204709
2022413419
2021478824
2023205745
2024204376
2022410087
2024204654
2023231454
2022417287
2024204652
2024204629
2024204372
2022408043
2022421672
2022424925
2023229266
2021479967
2024204349
2023217913
2022391675
2024204544
2022421989
2024204204
2023208007
2024204346
2023309624
2022429313
2024204100
2024204044
2024204232
2024204246
2023370550
2024204117
2024204059
2024204102
2024204123
2022398236
2023205539
2024204083
2023208017
2024204216
2022426813
2024204025
2022437917
2023208907
2022417000
2022409837
2022413292
2022422127
2022395070
2021477534
2024203935
2023272559
2022470715
2022457415
2024203899
2022410724
2024203903
2022405040
2022396247
2023208758
2022420664
2024203670
2022432152
2024204034
2022399687
2022429804
2022430343
2022412872
2023217324
2022386079
2024203814
2022413752
2024203651
2022400401
2022396031
2022407175
2022416387
2024203694
2022423611
2022381586
2021475458
2022397404
2022400963
2022421026
2024203901
2024203900
2022434487
2022380384
2022391898
2022407559
2022399986
2024203433
2022409165
2022405704
2022398322
2022425230
2021473334
2022390804
2022385578
2023225226
2022425066
2021474749
2024203430
2023205870
2022376876
2022398491
2022431750
2022396539
2024203374
2022428809
2024203325
2022399278
2022456053
2023272512
2022382969
2024203256
2024203241
2022405094
2021472623
2022371473
2022386365
2021476591
2021479950
2024203304
2017101946
2022386072
2024203255
2022398348
2024203187
2022462020
2024203136
2024203083
2024203122
2022381055
2022391653
2022384229
2024203025
2022389715
2022381922
2022446988
2024203201
2022384299
2024202973
2022388446
2024203127
2022376497
2022476896
2024203102
2022378548
2024202927
2024202960
2024202991
2022384663
2022379992
2022385574
2022392233
2022416430
2022390024
2022390181
2024202853
2022381754
2024202855
2022450885
2022381145
2024203080
2024202817
2023206461
2024202805
2024203107
2022356453
2023343924
2024202733
2022396523
2024202744
2022390057
2022386790
2022439641
2022380484
2022378553
2024202666
2022375672
2022383161
2022349005
2022388757
2024202701
2022370023
2022350581
2024202607
2022369271
2022369132
2022361909
2022381713
2022374061
2022361898
2022375768
2021465754
2022356775
2024202536
2022395092
2024202842
2022347799
2022367093
2023246287
2024202406
2022371198
2022380766
2024202416
2024202376
2022444811
2024202415
2024202834
2024202349
2024202383
2024202716
2022410620
2024202359
2022374796
2022368339
2022345509
2024202281
2023211867
2024202532
2022367098
2022370570
2022386138
2022373360
2024202216
2024202178
2022361681
2021468499
2022395738
2022357505
2022359625
2022353804
2024202111
2022377289
2021466965
2021477256
2022375208
2024202077
2022353768
2022373333
2022367616
2022365960
2022359253
2022360124
2022336957
2024202288
2022361390
2022356230
2022340842
2022358503
2023266473
2022373777
2024202313
2022352222
2022375204
2021473364
2021480738
2021476807
2024201932
2021365997
2022376150
2022411259
2022429329
2022436719
2021479664
2024201803
2024201808
2024202107
2022349459
2022358651
2024202089
2021470708
2024201784
2024201831
2022353910
2021467326
2022347443
2023289367
2022388627
2024201638
2024201900
2022346828
2022337484
2022371316
2024201635
2021323983
2022397673
2022357458
2022334070
2021460811
2022344559
2021107694
2022379488
2024201576
2022341520
2022348581
2024201541
2022433364
2024201575
2022451414
2024201740
2022359405
2022354180
2022434088
2022337018
2024201521
2021480748
2024201480
2024201515
2021462649
2022344807
2021464946
2022342162
2021460868
2022326656
2024201404
2022346850
2024201410
2024201520
2022320143
2024201491
2024201463
2021466987
2022369776
2024201421
2024201424
2022340445
2024201345
2022357542
2024201296
2022341113
2022346271
2022340938
2022326490
2024201302
2022323667
2024201226
2022319860
2022334031
2022339791
2022323312
2022334740
2022342002
2023213470
2024201250
2024201182
2024201235
2024201153
2024201208
2024201161
2022320196
2022319175
2021463157
2024201152
2024201156
2022353555
2024201095
2021466220
2024201076
2024201055
2022347030
2022321707
2022341130
2024201075
2022323499
2022331841
2024201081
2021477258
2024200960
2024201180
2022327457
2024200845
2021455735
2022327451
2024200919
2024201129
2024200965
2024200972
2024201037
2022319791
2024200829
2022314888
2024200838
2022380638
2022307542
2022320939
2022331027
2022332215
2022322856
2022350994
2024200707
2024200767
2022444393
2024200908
2022321483
2024200723
2024200700
2024100004
2022352555
2022328940
2022315102
2024200705
2024200646
2022326458
2022308059
2024200550
2024200626
2024200584
2024200572
2022321906
2023312379
2022321528
2024200571
2024200788
2024200752
2024200516
2022315559
2022323822
2022347394
2024200721
2024200477
2022330226
2024200480
2022323006
2022317060
2022298452
2022323739
2024200643
2022322340
2024200653
2024200359
2021452086
2022333140
2022315175
2024200475
2022313924
2022330384
2024200338
2024200410
2024200360
2022300855
2022324039
2024200364
2023305024
2024200378
2022327116
2022315233
2022327115
2022323379
2022326664
2022324400
2024200317
2024200418
2024200307
2022325804
2024200272
2024200276
2024200319
2022297921
2022328089
2022327561
2022320784
2024200435
2022324567
2022293134
2022324696
2024200223
2022310030
2024200347
2024200192
2024200177
2024100001
2022311773
2022313873
2022306374
2024200246
2024200139
2022326371
2024200221
2022331198
2024200258
2022323972
2024200109
2022300269
2024200179
2024200166
2024200052
2022303618
2022322004
2024200078
2022303140
2022294745
2024200062
2024200089
2024200235
2021454890
2024200017
2022280631
2024200007
2023286035
2021449863
2024200025
2023286034
2022304697
2022284878
2024200039
2022463051
2023285975
2022330133
2022313781
2022309659
2023285948
2023285980
2023285938
2022309011
2021448792
2022437623
2022293671
2023285951
2023285884
2022301095
2022305653
2023285912
2022311800
2023285892
2023285908
2022301336
2022328378
2022314858
2022292704
2022294957
2023234670
2023285765
2022303897
2021454223
2022313202
2022305545
2023285802
2022294092
2023285841
2023285945
2023285762
2022304240
2022281967
2022424380
2023250540
2022329648
2022301094
2022354098
2022288131
2022283025
2022297182
2022303321
2022421156
2024200033
2023285833
2022358391
2023285746
2023285812
2023246691
2022325908
2023285702
2023282302
2022419500
2022308403
2023285756
2023285707
2022304088
2023282244
2023285704
2022349615
2023246851
2023282270
2022278865
2022294088
2023266209
2023282232
2022284393
2023278132
2022279661
2022297521
2023282330
2021448510
2022291997
2022291168
2023278120
2023282266
2022421282
2023278064
2022296056
2022282142
2022309839
2023282253
2022327619
2023278057
2023278054
2022304683
2023278007
2022274268
2022291759
2023278011
2022282156
2022309979
2022299498
2021450619
2023278009
2021456362
2023278010
2023278004
2023282174
2023278073
2022455648
2023278034
2023278005
2022306016
2023274225
2023278047
2022294637
2023278058
2023274157
2021446677
2022295672
2022293063
2023274190
2022266523
2022275760
2023274125
2023274195
2022295477
2022297798
2021473992
2023274154
2022458718
2022294329
2023274198
2022354707
2022269899
2022332888
2022306583
2022280893
2022280894
2023274109
2022289713
2022275748
2021453532
2023274061
2022304654
2018102253
2023270307
2022286402
2021451244
2022281999
2022286984
2023274056
2023270204
2022281172
2022456401
2022300143
2022287270
2022300011
2022299436
2022312530
2023270202
2023270207
2022280886
2023266368
2023270191
2022277431
2023266290
2022262295
2022275971
2023266358
2023266274
2023266309
2022277426
2022265022
2023266313
2022276473
2022288157
2022290444
2022275056
2022286687
2023266349
2023266316
2022279124
2021448459
2022281268
2023263535
2023263526
2022274846
2023263525
2023270190
2022264812
2021450034
2021107687
2021449966
2022281407
2022257125
2023100095
2022456752
2018102252
2023263487
2023263446
2022264438
2021449885
2022253363
2023263428
2022254081
2022274152
2022284770
2023258431
2022258444
2022255324
2023263556
2023258402
2023258413
2023258435
2022260264
2022306036
2022283936
2023258384
2023258395
2022269614
2023258346
2022431598
2022272611
2023266249
2021438015
2022270884
2023255056
2022305651
2022269686
2023263467
2022276018
2021393483
2021445975
2023254971
2022278101
2023255026
2023254929
2022281289
2022273943
2022257926
2022268619
2022270727
2023254967
2023254887
2023254881
2023254895
2022264934
2023251527
2022264021
2023251494
2023254883
2022266856
2023251447
2023258367
2020104496
2023251421
2023258377
2022262647
2022267599
2022264302
2021440146
2022286819
2023258361
2022255028
2023251413
2022247450
2021448087
2022260800
2022271320
2023248190
2022244101
2022247502
2021447431
2022260505
2022272870
2022279886
2022263361
2023248111
2021442100
2023248156
2022268248
2023251475
2023248099
2021444143
2023248100
2022258469
2022262833
2022269916
2021460024
2022445522
2023248065
2023241397
2023243054
2022266287
2023248178
2023251461
2022286253
2021443409
2022250122
2021446673
2023241354
2022253360
2022254939
2023241344
2022257254
2022260655
2022260125
2023248046
2021438351
2022264813
2022257980
2022249044
2022267857
2023241296
2023241270
2022252299
2022246663
2021432630
2022378702
2022260255
2022340353
2023237154
2022248996
2022261427
2022250360
2023237190
2023237093
2022253213
2022447729
2023237037
2022264758
2023237031
2022261713
2022261115
2022241991
2022226332
2023233221
2022255377
2022252126
2021439922
2022254519
2023233126
2023233147
2022234677
2022251506
2023241341
2022254772
2022258184
2022234766
2022236390
2023241308
2022236362
2022255315
2022249218
2022247513
2023237112
2023237108
2022259391
2023229571
2021438215
2022221681
2023237042
2023237121
2022248566
2022231807
2022242012
2022240944
2022230780
2022242698
2023229515
2023229514
2023229580
2023229510
2022245816
2022245322
2023233152
2023233192
2022254655
2022243303
2023229477
2021438879
2022421756
2023226793
2022259060
2022234783
2022236757
2021437226
2023226748
2022251417
2022219149
2023233092
2022235791
2022230620
2023226662
2023226700
2022227921
2022266655
2022253026
2021428588
2022262327
2022217797
2022244614
2022233253
2023222996
2023222966
2023222965
2022254638
2021431870
2023222967
2022240642
2022234271
2023222971
2022249734
2023222964
2023222943
2022239851
2022245985
2022225282
2022416127
2022398781
2022240733
2022230996
2023219975
2023222822
2023219979
2021435212
2022248060
2023219958
2023219949
2021429371
2023219930
2021439775
2022247583
2022230636
2022212950
2023219851
2022223981
2022246569
2022249075
2022237538
2022225580
2022440629
2022227171
2023219822
2022221990
2023216863
2022229176
2022230997
2022288462
2022252857
2023216771
2023216808
2023216784
2022245333
2023214402
2022223205
2023214355
2021431934
2022208211
2022215421
2022220522
2021428448
2021436510
2022224103
2021430556
2023214327
2023214332
2023214322
2022226651
2022217172
2022442099
2023214276
2022222753
2022224053
2023219995
2023219823
2022225827
2021437421
2022212123
2023216831
2023214391
2022226845
2023210626
2023214365
2022223410
2022231185
2021437956
2022226186
2022218413
2023210622
2023210584
2023210623
2022227563
2022245291
2022226116
2022210438
2022206052
2022417378
2021205853
2023214211
2022219107
2021432226
2023210593
2023210672
2023208220
2023210525
2022212918
2023208218
2022214554
2021426995
2021443661
2023208177
2023208069
2022221953
2022219906
2023208132
2023208127
2022264615
2023208083
2023208075
2023208124
2022217587
2023210621
2023206163
2021411767
2023206165
2023206207
2023206208
2023206159
2022265744
2021420388
2023206145
2022432100
2023206083
2023206133
2023204679
2023206147
2023206108
2022211161
2023204695
2023204609
2023204620
2023204667
2022215002
2023208185
2022430004
2023204360
2021395472
2021409721
2022212809
2022214074
2021397401
2023208078
2023204328
2021399702
2023204301
2023204315
2023204333
2021430302
2021418118
2023204203
2022208873
2023206076
2023206098
2023204278
2023204623
2023204650
2022210442
2023204208
2022208371
2021413624
2023204608
2023204576
2023204177
2022207654
2021396589
2021411975
2022213313
2021414155
2023204181
2023204180
2022417277
2021425047
2022417276
2023204182
2023204232
2023204197
2023204191
2023204156
2023204178
2022210340
2022208266
2020484046
2023204185
2023204179
2023204152
2020482458
2021397434
2023204124
2022207090
2021409960
2023204030
2023204097
2021388521
2023204001
2023203928
2023204004
2021418920
2022210349
2021412721
2021390530
2021395887
2020476749
2023203866
2021412527
2022212797
2021418124
2021430612
2021418030
2023203794
2022219482
2021386369
2021410628
2021400179
2023203804
2023203803
2023203755
2021380574
2021381102
2021413229
2022208500
2021402858
2021377710
2021417897
2022207973
2021396459
2023203717
2023203623
2023203632
2021400533
2023203640
2022211352
2023203505
2023203630
2021401817
2023203604
2021404408
2021405506
2023203553
2021415514
2023203536
2021401809
2020483580
2023203508
2023203506
2023203460
2021404877
2023203454
2023203464
2022404321
2021373487
2021401434
2021424908
2021375992
2021384675
2021401078
2023203419
2023203432
2021409136
2023203398
2023203417
2023203409
2023203329
2023203407
2021373731
2021387793
2021382923
2021386438
2021420107
2021386895
2022205038
2021376672
2021393818
2023203280
2021416740
2021392638
2021380737
2021387755
2023203239
2023203230
2023203229
2021372556
2023203182
2023203244
2023203315
2021397309
2023203248
2021392585
2021363805
2023203193
2023203145
2021431583
2021404771
2023203107
2023203092
2023202988
2021401661
2022383820
2023203052
2021383742
2022207503
2021364692
2021374754
2023202970
2020475551
2020477040
2021368759
2023202958
2023202942
2023203218
2021363139
2021369443
2023203172
2021377685
2023202891
2020471536
2023203157
2021387987
2021383892
2023202895
2021395126
2021378007
2022205449
2022205060
2021366658
2021358482
2021376203
2021368139
2021385065
2021360589
2021365794
2022374192
2021371453
2021357944
2021399229
2021373518
2021389166
2020481043
2022239291
2021383307
2021369641
2023202732
2021393601
2020476710
2021470577
2023202611
2020472120
2023202633
2022374188
2023203061
2023202539
2020477304
2023202567
2023202574
2023202887
2023202555
2022368363
2023202899
2022368365
2021359747
2021363640
2023202485
2022361894
2023202477
2021358061
2021381766
2021369215
2023202570
2021379051
2022368364
2023202492
2023202430
2020473677
2022280908
2023202373
2023202484
2021360581
2021374236
2021371434
2020481929
2021377119
2023202635
2023100035
2021364331
2021381550
2021349237
2021355468
2021349420
2021366253
2023202344
2020472959
2021373171
2022293513
2021397790
2023202200
2023202210
2023202261
2023202189
2023202186
2023202244
2023202235
2021347175
2020468136
2023202152
2021362735
2021345361
2023202071
2023202097
2023202072
2020474460
2021411389
2023202044
2021340002
2020445437
2023202043
2023201988
2021410048
2023201973
2021355853
2021406419
2023202062
2021376442
2023201982
2021340791
2021353062
2021332597
2021341770
2021370352
2021338535
2021410074
2021340295
2021342788
2021332019
2021348167
2023201850
2021354282
2023201828
2023201829
2022206552
2021412912
2021334178
2021416082
2023202100
2023201979
2021346654
2023201774
2021359474
2022247599
2021334365
2023201767
2023201964
2021358768
2023201754
2021355407
2021371167
2021362825
2021332078
2021339584
2021349382
2021338777
2021343372
2023201786
2023201845
2021347699
2021339814
2023201776
2020455928
2021352452
2021332888
2021366701
2021377491
2023201787
2023201594
2023201696
2023201715
2023201547
2021344967
2021360263
2021358680
2021420664
2023201523
2020468483
2023201689
2020468806
2021351505
2023201519
2023201543
2023201535
2021359236
2023201550
2020468291
2021332246
2023201491
2023201478
2023201492
2020468530
2023201432
2023201489
2023201476
2021358831
2023201403
2023201423
2023201347
2021339045
2021343572
2021337736
2021338376
2023201405
2023201336
2021338303
2021336432
2021320048
2021338321
2021325900
2021323257
2020104490
2021345448
2023201388
2023201328
2023201203
2021336875
2023201238
2023201381
2023201334
2023201393
2021337857
2021339956
2021337236
2021321883
2021342943
2023201169
2021459219
2021418658
2023201121
2021372108
2021344340
2021340625
2023201080
2021353782
2022327551
2023201078
2023201134
2021320210
2021338607
2021321531
2021322072
2021329841
2023201017
2023201057
2022244547
2021348394
2021323751
2023201105
2023201094
2021320067
2021334701
2020463541
2021329814
2021366907
2021364691
2021328048
2021329297
2021312427
2021319651
2023201023
2021328261
2021333661
2020463350
2022325173
2020462630
2021320641
2021312245
2021309534
2023200955
2021351215
2021350947
2023200956
2023200878
2021325073
2021329524
2023200897
2021350084
2021321730
2021331337
2021375694
2021310145
2023200802
2023200823
2023200851
2021341897
2023200822
2023200801
2023200837
2023200746
2020462418
2021319594
2023200741
2021318264
2023200732
2021307585
2021312187
2023200747
2021310874
2023200663
2020458433
2021319660
2023200699
2023200627
2021321909
2023200615
2021308791
2021314320
2020461676
2021328553
2023200633
2023200597
2021308699
2023200600
2021326057
2021301958
2023200567
2023200602
2023200564
2023200549
2023200723
2021336062
2021299783
2023200531
2021333763
2021313127
2021270820
2021322743
2023200535
2021328270
2023200580
2023200482
2021266391
2023200487
2021320649
2023200629
2023200467
2023200480
2021322806
2023200392
2023200391
2021328601
2020459888
2021319714
2023200560
2023200413
2020471163
2023200423
2021294421
2020104488
2023200466
2021343196
2022262325
2023200332
2021326409
2023200460
2021301276
2021307947
2021312111
2021319150
2023200407
2021292112
2022272956
2021320591
2021455532
2021308253
2021313706
2021304862
2021321325
2023200321
2020459346
2023200221
2023200179
2021299554
2021308384
2021316103
2021299487
2021308950
2021286779
2023200186
2021322785
2021325335
2021296379
2022305655
2021322696
2021307783
2023200117
2021300304
2021297788
2023200114
2021315578
2021286810
2021307771
2021302094
2021316062
2021321287
2023200020
2021290852
2023200059
2021311033
2020457240
2021308328
2023200077
2022291676
2023200037
2021309929
2022291666
2021325237
2021304710
2021298068
2022291641
2022291639
2022291648
2021299309
2021319883
2021274178
2022291564
2021309123
2022291581
2021318674
2021283889
2022291483
2021283948
2021312278
2021303407
2022291672
2021297896
2021303292
2021308733
2021315124
2021298392
2021296274
2021285887
2021291579
2021281863
2022287658
2022291561
2022278582
2021291265
2021286199
2021310639
2021297513
2020457348
2021285502
2022291481
2021294240
2022214943
2022287647
2021301647
2021286566
2021293921
2022287561
2021296160
2021287371
2021291731
2021334293
2022287644
2021293998
2021274490
2021292323
2021277234
2021275547
2021270057
2021277142
2021305935
2021326677
2021300201
2021286916
2021293954
2021297787
2021288582
2021294334
2021233699
2021286653
2021291586
2021290455
2020458122
2021305184
2021287836
2021297198
2021302317
2021291140
2021285555
2021277231
2021302551
2021293245
2021301180
2022283677
2021268575
2021325471
2022283679
2022283743
2021281287
2021287206
2021286093
2021284974
2021426284
2022279523
2022279493
2021300121
2021297136
2021299025
2021320480
2021292460
2021301699
2021325685
2022275508
2021269127
2021276728
2021283683
2021297880
2021267932
2022281288
2022279550
2021263690
2021280023
2021285881
2022279417
2021265364
2021276239
2021306181
2021283545
2022279392
2021263694
2021297658
2021223865
2021281967
2017101937
2021262976
2022275523
2022275474
2021285520
2021278969
2017101936
2021285711
2022275439
2021263591
2022271493
2021313713
2021409643
2021300252
2022275390
2021338761
2022271472
2021380016
2021275139
2022275389
2021399113
2022275447
2021406375
2022275388
2021274166
2020397131
2021293186
2021286043
2022275407
2021274721
2022275496
2022271427
2022271393
2022271385
2020452696
2022271399
2021273296
2021260985
2021300808
2021306386
2021283746
2021292881
2021303154
2021280754
2021263673
2022268339
2021305435
2022271416
2021260963
2022271494
2022263905
2021281270
2021263637
2021286579
2021278130
2020444025
2022100162
2022271365
2021275906
2022271397
2021351611
2021279215
2021278033
2022263615
2020445940
2022268306
2021269599
2021275769
2021289635
2022263531
2021267381
2021264532
2021326569
2021269714
2022263527
2021271082
2021246134
2021274633
2021266418
2021276226
2021279510
2020447271
2021285093
2021268363
2022263516
2022263451
2022263518
2022263450
2020445354
2022263514
2021280233
2021287900
2022263483
2021269955
2022259836
2021253293
2021279008
2021299216
2022259833
2021283195
2022259757
2022259723
2021263432
2021283607
2022259794
2022256222
2022256192
2021241126
2022256208
2021275168
2022256139
2021247741
2021270780
2022256129
2021247167
2021280311
2021272167
2021263967
2021294837
2022256137
2021237204
2021255683
2022252810
2021264555
2022256099
2022252849
2021256599
2021269916
2021272534
2021274636
2022252821
2021257642
2021263475
2021265248
2021248280
2022252749
2022252796
2022252797
2021261647
2022252783
2021273796
2022252784
2021282994
2022252257
2021248552
2022252757
2021255576
2021235450
2021291475
2021276733
2021290959
2021251673
2021257378
2021254797
2021291976
2021240063
2021279026
2021270888
2021279033
2021236680
2022246430
2021236866
2021234957
2021254787
2020436768
2021260798
2021269556
2021251780
2022241545
2021265107
2021251266
2021238794
2021273485
2020432497
2021271726
2021226601
2022246471
2021251784
2021257379
2022235625
2021246026
2022235634
2022235592
2021264963
2022235583
2021256985
2022235590
2021227740
2022241475
2022100134
2021261342
2021223146
2022235564
2022235610
2022235571
2022241621
2021244177
2022241595
2021275224
2021263636
2021251717
2022235536
2021248806
2022235512
2022231771
2021252536
2021238885
2021240949
2021249146
2022231758
2022241539
2021290153
2020450939
2021246046
2021294867
2021258812
2021246430
2021244766
2021271951
2021253210
2021251439
2022231713
2021231648
2021229303
2022228201
2022228180
2021282269
2022228209
2022231680
2021233227
2022235563
2021234216
2022228177
2021248851
2020428899
2020427124
2022228093
2022224851
2020434019
2021229692
2021230583
2021245285
2020443019
2021232040
2021329212
2021227229
2021231886
2022235532
2021219094
2021230848
2022224849
2020433835
2022224736
2021237381
2022224767
2021219100
2021215986
2021236602
2021246603
2020437170
2021227295
2021231686
2021261643
2021212265
2021214471
2021240037
2021230282
2021241639
2020434239
2022221447
2022221413
2021238937
2021227529
2022221437
2021251204
2022224775
2022221377
2021235688
2022224810
2020433128
2020442585
2021211902
2020445633
2021246718
2022218592
2021246640
2021251463
2022218555
2021427874
2021232606
2022221420
2020427906
2021230133
2021218895
2021208647
2021332794
2021215807
2021276147
2021220811
2021268448
2021427872
2021215764
2022215320
2022221471
2020423361
2021216601
2020432174
2020429886
2021207668
2022218482
2021210868
2022215297
2021253125
2021214117
2021231850
2021220164
2021227420
2021221148
2021224253
2021209836
2021227716
2022215175
2021229456
2021427873
2022215197
2021222990
2022215201
2021221217
2021211150
2021249420
2021213813
2021207505
2022215321
2021213737
2021215878
2021224760
2022211864
2021211706
2022211850
2022211863
2021241674
2022211807
2020439803
2021253507
2021226688
2020428397
2021213677
2022209344
2022209278
2022211890
2022215215
2021236965
2022211911
2022209253
2022215252
2022209299
2020423946
2021210471
2021209929
2021227061
2022203843
2020420364
2022209361
2022209211
2021209917
2021216612
2022206791
2020421140
2021333741
2021218959
2020406798
2020443361
2022206822
2021214827
2021210956
2021201607
2021206074
2021215061
2021231830
2021219571
2021210440
2022206742
2022206821
2022209249
2021214776
2021210856
2021209101
2022206694
2020411009
2020414291
2021234176
2020470228
2021214758
2021211707
2020407270
2021210954
2020420882
2022206793
2022204935
2020406770
2020418147
2020459846
2020420057
2022205151
2020394885
2022206740
2022205175
2020418917
2020395346
2021205444
2022204892
2021213927
2022204836
2021273879
2020427309
2020400813
2021212319
2020415402
2020430353
2022206741
2020414207
2020417752
2020401367
2020405366
2021205821
2022205203
2022205251
2021206097
2020402029
2021207704
2021231104
2020407062
2020439978
2021224058
2021206431
2021209616
2022204650
2021207780
2022204664
2020396956
2021231574
2022204592
2020412962
2022204683
2021211931
2022204530
2022204734
2020403654
2020418382
2022204474
2020422442
2022204649
2020414917
2022204422
2020392151
2022204452
2019479604
2020414737
2022204587
2020416421
2022204353
2021206666
2020417285
2020418819
2022204469
2020397031
2020418490
2022204397
2022204347
2020388978
2022204534
2022204501
2021359279
2020401535
2020421011
2021217948
2020417304
2021263605
2021241444
2020393728
2020404975
2022204258
2022204316
2020388338
2020398164
2022204264
2021221330
2022204212
2021209907
2020387317
2022204210
2020411035
2020386767
2020410417
2022204184
2020408301
2020395181
2020397955
2020365352
2022204147
2022204101
2022204086
2020401034
2020398076
2019475509
2020408801
2019475867
2020385023
2022204049
2022203982
2022203988
2020378138
2020405301
2019478729
2020397503
2020401028
2020412699
2020414435
2022204142
2020383599
2019478563
2020383880
2020395776
2019473469
2020409879
2020399503
2022203832
2022203752
2020394396
2022203715
2020426065
2019478845
2022203875
2022203784
2020384660
2022203790
2020396954
2020381566
2020394302
2022203764
2020412458
2022203693
2020388558
2022203690
2020391193
2020425747
2020407984
2020375735
2020383888
2021223970
2020394370
2019478487
2020389036
2020398008
2022203648
2020389322
2022203722
2021210217
2022203487
2020375440
2020408618
2022203591
2020369979
2020412360
2021289313
2020393923
2020416573
2020389020
2020409995
2020392713
2021311376
2020421460
2020396492
2022203411
2022203642
2022203458
2020388678
2022203323
2020386444
2022203428
2020382454
2020391108
2021376720
2020399650
2020386834
2020371527
2020412766
2022203236
2020399885
2019474941
2020374893
2020407929
2022203235
2020378460
2022203549
2020379827
2020388039
2020386373
2020374879
2020405942
2020391402
2020378123
2020420676
2022203078
2020399936
2020392885
2020385005
2022203262
2020386374
2022203068
2020365419
2022203061
2022203118
2022203242
2021372957
2022203036
2022203091
2022203046
2022203114
2020366375
2020375809
2020422557
2022203014
2020391167
2020387253
2020403242
2020400079
2020368382
2022203040
2022202938
2020375627
2022203026
2020374440
2020370719
2022202972
2020394404
2020400880
2022100064
2020381141
2021270154
2020426055
2020354476
2020378435
2021367389
2022202815
2020410837
2022202704
2020382698
2022202786
2019475468
2021257725
2020354261
2020370014
2020367926
2022202669
2020376239
2020374624
2020355405
2020351254
2022202606
2020353366
2020418619
2020367106
2019473822
2020356933
2022202575
2020370160
2022202552
2022202530
2020351524
2022202647
2020354484
2020376229
2020349591
2022202436
2020348730
2022202447
2022202472
2022202473
2020364505
2020373046
2020382138
2020346979
2020379096
2022202379
2020365140
2020367536
2022202499
2020386867
2020392975
2022202470
2019468598
2020397853
2022202291
2022202279
2019473996
2020374952
2019474809
2020352828
2020415281
2019469665
2020354883
2020375212
2022202191
2020351811
2021311260
2019469004
2022202157
2020352918
2020341335
2020337943
2020354283
2020373330
2020358799
2019468544
2020354000
2020354645
2020367092
2020354648
2020348499
2020352914
2020352589
2019468802
2020352377
2022202022
2020354918
2022202190
2020352903
2019466774
2020361082
2020354942
2020356952
2020354916
2022201978
2019471214
2020372024
2020352900
2022201918
2021346299
2020335843
2020349082
2020377079
2022100048
2020359663
2019467252
2022201898
2020359295
2020354393
2020349689
2020367203
2020333760
2020348551
2020349632
2020405493
2022202027
2020345621
2022201892
2022201869
2020361511
2020357978
2022201851
2020364234
2020347150
2022201769
2020363457
2022202044
2022201792
2020328402
2022201787
2020364242
2019464406
2020346072
2020337244
2020336115
2022201692
2020348394
2022201784
2022201896
2022201871
2022201703
2020347030
2022201863
2020371592
2020415280
2020333663
2020336229
2020324317
2022201655
2020341422
2020380505
2022201463
2022201569
2020351296
2020358124
2020348304
2022201721
2022201682
2022201728
2019461734
2020345874
2020354489
2022201492
2022201459
2020338480
2020321531
2020354228
2022201474
2022201422
2022201356
2020341932
2020334080
2020334705
2022201377
2020350415
2022201568
2022201374
2020340919
2020342923
2019256729
2020333769
2020334638
2022201430
2020327592
2020342539
2020336448
2020335028
2020328458
2022201355
2020348001
2020337678
2022201218
2020328267
2022201231
2022201486
2020380906
2022201343
2022201460
2022201262
2022201178
2020334695
2022201137
2020322242
2020318572
2020319138
2022201380
2022201143
2020342299
2020333411
2020326410
2020343927
2020334772
2020361670
2020335919
2020345028
2022201090
2020327987
2020414467
2021338583
2022201069
2020327856
2022201105
2018102235
2020334982
2020326731
2020257304
2020326730
2020327874
2020332948
2022201078
2020323929
2020341156
2020332854
2020322283
2022200948
2020359506
2020322427
2019462982
2020336308
2020327651
2020314674
2020330507
2020332998
2020350118
2020327667
2020310940
2020351739
2022200809
2020318446
2022200824
2020358845
2020315219
2020322315
2020340368
2022200953
2022200996
2020323860
2022200700
2020331235
2022201054
2022200674
2020460273
2022200667
2022200547
2020337871
2020329305
2022200537
2022200839
2020364083
2020321986
2020321987
2020337330
2020309839
2022200498
2022100030
2020315955
2020340968
2022200734
2020314167
2019477996
2022200806
2022200463
2020318950
2022200446
2022200721
2022200401
2020322553
2020336151
2022200422
2020334051
2022200703
2020345178
2020315837
2022200411
2020310613
2020341540
2020337927
2022200517
2020310275
2020338317
2020319063
2022200367
2022200364
2022200386
2020350501
2020314490
2019474900
2022200274
2020329576
2020295272
2020325223
2020294636
2020322728
2020315424
2022200319
2020318816
2020309514
2020317303
2022200299
2020297232
2020323541
2020327367
2022200228
2022200232
2020317375
2020323522
2021307015
2020321128
2020310932
2022200183
2022200174
2020297346
2020315323
2022200121
2020309443
2020294004
2022200081
2020310860
2020299301
2019468770
2019456622
2020309663
2022200023
2021290430
2019449137
2020288436
2020308366
2020329777
2020354589
2020320867
2021290378
2020293389
2020309601
2020315134
2020340411
2020300838
2020315362
2020285476
2022200015
2020315416
2020289090
2020303591
2020299634
2020299608
2021290284
2020295066
2020297214
2020300781
2020298542
2021290209
2021286448
2021286428
2020281477
2021213088
2021215984
2019451182
2020294625
2020299384
2020282835
2020274322
2020295588
2021286283
2020351230
2020290622
2021281698
2021286272
2020295684
2020282922
2020296895
2020308565
2020283902
2020290508
2020297040
2021282540
2020323703
2021282487
2020297014
2020310113
2020304508
2019454248
2021286249
2020293611
2019445584
2020297534
2020299153
2021286259
2020316240
2021282439
2020357489
2021286275
2021282537
2020277711
2019454278
2020287647
2021282413
2020282816
2020293224
2019450412
2020302940
2020308096
2020294783
2019449128
2020267632
2020294096
2020301426
2020287388
2021234084
2020277559
2021107630
2020278740
2020308316
2020297835
2020265655
2020288377
2020301543
2020309478
2020289333
2019444189
2020264654
2020275902
2020301216
2020264882
2020288753
2020406041
2021277639
2020267597
2020283880
2020267138
2020307566
2020266874
2020294454
2021273630
2021273639
2020275413
2021273633
2020298425
2020282322
2021273568
2020282943
2020286014
2020281617
2021273617
2020278126
2020261691
2021269388
2020278256
2020283954
2020281619
2021266924
2020295978
2019457337
2021273661
2019441740
2020261022
2020281838
2020323158
2021269309
2021269425
2021273563
2021269302
2021269284
2020257200
2021269336
2019446476
2020282737
2021266330
2020296735
2020262101
2020267541
2020268559
2021266313
2021266355
2021266287
2019449405
2020266940
2020266572
2021246513
2020268813
2020287090
2021266240
2020293557
2016102483
2021266257
2020275833
2021261956
2019446426
2020294893
2020294089
2020274853
2020266926
2020251753
2020273469
2021261883
2021266319
2021261872
2020286370
2020270246
2020297006
2020279106
2020269603
2020268954
2020299019
2020285565
2021261947
2020268338
2020271905
2021261922
2021258068
2020268718
2020279107
2020274164
2021251058
2020274610
2020313091
2020283387
2021261888
2021258019
2021251670
2020279221
2021258048
2020267365
2019445440
2020283912
2020278519
2020382764
2020268145
2021254670
2020245713
2021249220
2020245904
2020265942
2020277020
2021254574
2021254628
2020262371
2020284233
2020253878
2020273945
2020276531
2020281379
2019440423
2020266614
2020418431
2020274120
2020254746
2020259177
2021254644
2021257892
2021254666
2020269377
2020279846
2021254521
2020243456
2020260079
2020240007
2020416598
2020260078
2019437150
2020268735
2020260657
2020243574
2020240943
2020251018
2020259889
2020240320
2019433371
2020250381
2019439793
2020262824
2020247240
2019437374
2020236358
2020260025
2019441003
2020255012
2020247162
2020256749
2020237108
2020247242
2020264946
2020249188
2019446837
2020231258
2020266496
2020267130
2020242931
2021245117
2021245126
2020245205
2020268160
2020315785
2020272887
2020261351
2020263199
2020267132
2021245157
2021240284
2020271070
2020428058
2021240285
2020417994
2021240259
2021240260
2020259847
2021240311
2020242490
2020248982
2020257009
2020240981
2020256912
2021240199
2020246733
2020329833
2021240131
2021240132
2021240156
2020259567
2020415292
2021240312
2020242051
2021236591
2020275447
2021240206
2020233401
2021236512
2020253473
2020255008
2021240182
2020351099
2020245086
2021240273
2020417163
2020246590
2019443684
2020256029
2021240234
2021240155
2021240203
2020228333
2020249191
2020226393
2020307364
2019434295
2021236504
2021236529
2021236516
2020364313
2020277336
2019436290
2020356392
2020226206
2020248738
2020372880
2021107564
2020350697
2020245399
2021236431
2020297857
2020267811
2020356457
2021232816
2020349504
2020231586
2020241106
2020247700
2019434742
2020348402
2021232786
2020258915
2020227153
2020290387
2020245716
2020272920
2020302866
2020420655
2020364348
2020247686
2021232678
2020269077
2020294855
2020244716
2020229078
2020316410
2020229784
2021222844
2020352996
2020275559
2020234561
2020227915
2020294605
2020248492
2020253043
2020322639
2021229197
2021229257
2021229175
2020220812
2021229222
2020244264
2020262140
2021229201
2020220383
2020245322
2021229204
2020224954
2020222335
2020256776
2021232780
2020221172
2020263787
2021232694
2020252872
2021229178
2020241040
2019430032
2018102222
2020234722
2021229163
2020262057
2020396889
2020237590
2020218241
2020233909
2020233121
2021107540
2020238668
2020219147
2020219111
2020301123
2021107535
2020242919
2020219048
2020271014
2020241751
2020432845
2020241727
2021225163
2019426405
2021221856
2020399592
2020407967
2019434866
2020235929
2021107440
2021107514
2021221666
2021107380
2021107645
2020216064
2021107383
2021107178
2021107377
2021107417
2020217604
2021107101
2020253798
2021107438
2021107093
2020218326
2019431307
2021221652
2021221702
2020238582
2020235239
2020234574
2021107392
2021107501
2021221864
2021221923
2021107391
2021221668
2020232283
2021107324
2021107516
2021221774
2021107075
2021221769
2021107381
2021107403
2021221664
2021107043
2021221786
2021221878
2021107378
2021221843
2021221470
2021221755
2021107252
2021107104
2021107299
2021106708
2021221469
2021221669
2021106710
2021107232
2021107479
2021107057
2021106757
2021106899
2021106741
2021106705
2019424684
2019429551
2021107052
2021106825
2020238850
2021221479
2021107405
2021106600
2021221456
2021107379
2021106921
2021106574
2021106780
2021106580
2020227908
2021106592
2020220479
2021351010
2021106622
2021106582
2021106561
2021106843
2021106586
2021106400
2021106577
2021106996
2021106429
2021106985
2021106581
2021106540
2021106410
2021106321
2021106500
2021106357
2021106350
2021106217
2020225197
2021106383
2021106178
2021106139
2021106014
2020253340
2021106009
2021351009
2021106194
2020211601
2021106083
2021218187
2021218157
2021105968
2020229857
2021105926
2021106663
2021106084
2021105939
2021105929
2021106006
2020256115
2021106031
2021105893
2021221387
2021105779
2019386395
2020210990
2021105740
2021105808
2020226219
2021105753
2021106420
2021105762
2021105826
2021105744
2020218258
2021106058
2021106284
2021218055
2021105628
2020239051
2021105721
2021105615
2021218100
2020224256
2020235190
2021105665
2021105532
2021106247
2020234957
2021105516
2021105597
2020221388
2021106017
2021105550
2020209603
2021105515
2021105802
2021218125
2021105488
2021105563
2021105469
2020321751
2021105420
2021105860
2020264142
2020418421
2021105327
2021215207
2019422590
2021215182
2019431055
2021105287
2021218001
2020276527
2021215138
2021218017
2021105214
2021215143
2020219093
2020223039
2021105120
2021105543
2021105079
2021105481
2021105144
2021105520
2020240270
2020224581
2021212122
2020221580
2021105447
2020212661
2021105022
2021212084
2021212118
2021212040
2020212984
2020251783
2021104883
2020209288
2021105012
2020213574
2020240317
2021105190
2021212163
2021215115
2021105162
2020207472
2021212165
2019419087
2020242007
2021104854
2020204938
2020218190
2021104792
2021212053
2021104800
2021104816
2020219289
2021104765
2020231602
2020239985
2021104758
2021104783
2020241282
2020213747
2021104780
2020226553
2020219110
2019423293
2020225760
2021209252
2021212011
2020216128
2020212757
2019429344
2020214638
2020223871
2021104832
2021209222
2021206920
2021209219
2020222905
2021104593
2021209197
2021104527
2021209147
2021104561
2020221974
2020220365
2021209298
2020265960
2020223177
2021209250
2021104479
2021206901
2021104486
2020218769
2021104510
2021104472
2021104431
2021104586
2021104641
2021209208
2020213924
2020212233
2021104427
2019101812
2020206823
2020208515
2021104336
2021104374
2020210375
2020408599
2020228722
2021206801
2021206782
2020211817
2020208125
2020210847
2021104252
2021205109
2021205108
2021206802
2021104453
2021205031
2021104261
2020205729
2021205097
2020211387
2020227446
2020205376
2021107643
2021104362
2020239009
2020228369
2020224630
2021205065
2021205057
2020209737
2021204974
2021104162
2019419653
2021104191
2021104118
2021104138
2021104097
2020218829
2019421312
2020217786
2021204972
2019398040
2021204831
2021103996
2021103995
2021204813
2021204788
2021104026
2021204819
2019398124
2021103986
2020206356
2021103963
2021103972
2021103975
2020240578
2021204761
2021204770
2019408409
2020215312
2021103951
2021103905
2019421319
2020207614
2021204686
2021103865
2019426202
2021103879
2021103863
2020204666
2019418627
2019392679
2021204650
2021204621
2019420099
2021204619
2021204607
2019419322
2020206999
2021204586
2021204614
2019421242
2019413517
2021204557
2020206243
2021103787
2021204550
2018452738
2020204908
2020364225
2021103717
2020229289
2021204616
2021204570
2021204587
2021204532
2021204426
2021103718
2021103720
2019401465
2020205406
2021204362
2021103648
2019418434
2021103604
2019424830
2019419036
2020207377
2021204564
2021107642
2020245002
2021103601
2021103704
2021204562
2019400237
2021204459
2019410266
2021104034
2019387801
2019420297
2019401811
2020294598
2021103517
2019417425
2019403054
2019405936
2021204551
2019417423
2019399699
2019419934
2021103580
2021204071
2020205973
2021103505
2020248651
2019384167
2021103443
2021103560
2019398116
2021204068
2021103547
2021204821
2019383465
2021204034
2021103546
2021103387
2020219372
2021103427
2021204055
2019383041
2021103399
2020210852
2021103378
2018454491
2021103366
2021203963
2021204124
2021103335
2021103344
2020224171
2021203898
2018449796
2019398707
2019401560
2020212023
2021203923
2020206321
2021204051
2021103330
2019413221
2021203892
2021103255
2019380955
2019380590
2021203867
2019403400
2021203873
2019380342
2020209163
2019409983
2019423298
2018454465
2019397944
2018453582
2019397068
2019377866
2020394626
2021203738
2021103154
2021103225
2021103148
2021203680
2021203676
2019394853
2018453104
2019409071
2021103130
2021103084
2019446194
2021203630
2021203608
2021203592
2021102987
2018450592
2019388795
2021102976
2021102957
2021102945
2021102974
2019370476
2021203490
2019383439
2021102963
2021102962
2021203493
2021102935
2019386646
2019393336
2019386279
2021102882
2019393095
2020316528
2019396129
2021203450
2020335007
2021203446
2021203479
2021203463
2020389481
2019386967
2019384801
2021102845
2021102859
2021102825
2019396663
2019389858
2019417255
2021203361
2019379127
2019389175
2021102808
2021203353
2021204766
2021102799
2019367148
2019367992
2020321169
2019396444
2021102721
2021103939
2019399489
2019415786
2019405686
2021203308
2021103964
2021102746
2019363616
2019422268
2021102702
2019382639
2019366584
2019367295
2021102698
2021203232
2019376896
2019390220
2019381145
2019397411
2021203210
2019370720
2018449745
2021203226
2021102664
2019378289
2019375731
2021102592
2019382524
2021102594
2021102692
2020276949
2021103962
2019375082
2019374663
2021102576
2019387079
2020381444
2019383074
2018447232
2019388633
2021203068
2019362770
2018401970
2021203080
2021102533
2020205015
2020346686
2019378514
2021203017
2020345605
2021203034
2021202994
2020299137
2020357557
2020360899
2021202958
2019363145
2019370381
2021102394
2021102413
2019390247
2021102471
2019375136
2019384803
2019386064
2019362102
2021102465
2021202869
2018448175
2019376655
2021202837
2021102375
2020381440
2019418792
2021202822
2019356947
2021202823
2021202779
2021202786
2019357793
2019354789
2021102312
2019364421
2018444521
2019375476
2021202768
2019392913
2021102301
2021102278
2019360033
2021203890
2020218488
2021202707
2020377394
2021202660
2019364883
2019373471
2019380672
2019374101
2019346044
2019364195
2021102345
2021102220
2019377133
2019397157
2019370555
2019379823
2019375718
2021202560
2019377545
2019378849
2019366472
2019353279
2019354911
2019370286
2021102158
2018448048
2019377392
2021203875
2019366869
2019359827
2021102183
2019351573
2019351481
2021102111
2019369543
2019342129
2021103128
2019341745
2019364194
2019370860
2021103042
2021202342
2021102050
2021102054
2019357824
2019385802
2019357843
2019375337
2019394810
2019439338
2019395964
2018442267
2020221273
2018445217
2019372678
2019444187
2021102047
2020329732
2018442552
2021202311
2019361315
2021202364
2019362939
2021101948
2021101933
2021101926
2021202267
2019356584
2018442180
2019374056
2021202244
2019360133
2019341638
2019362972
2019357615
2019351185
2020221134
2019362586
2021202189
2019403819
2019355141
2021202166
2021202173
2019351406
2019346615
2021101792
2021202141
2019366895
2021202126
2021101782
2019459712
2021202142
2021101776
2018443582
2021101763
2019343226
2019335843
2021101726
2019351346
2019342158
2021101701
2021202044
2021101715
2018444262
2021101695
2019378221
2019356016
2018443268
2019352504
2019349221
2019356905
2019365023
2021202013
2020356801
2019415789
2019350015
2019337666
2019352948
2019348096
2021201972
2019339511
2021101613
2021101614
2019346427
2019402067
2019336046
2021101577
2018438719
2021101568
2019355909
2019328766
2018437034
2021101516
2019354826
2021201877
2021101517
2019343079
2019352721
2021201837
2019354653
2019350380
2021201867
2019459377
2016102458
2021201852
2021101497
2021201808
2021101471
2021201798
2018442376
2018442596
2019362683
2021201794
2019355998
2019344405
2018443592
2021101468
2019361973
2019338463
2020235220
2019338185
2021201771
2021201776
2021101447
2019337668
2019358651
2021201755
2021201743
2019333058
2019342612
2018442113
2019340424
2020206443
2019345251
2019371072
2021201697
2018442000
2019384828
2018445787
2019344978
2019405940
2019335417
2019372236
2018451596
2021101339
2021201661
2019359378
2021201660
2019356483
2019346258
2021101858
2019342837
2021101336
2019340292
2021101323
2019339073
2019344306
2019348492
2019345162
2018441890
2019348010
2021101760
2019455073
2021101265
2021201542
2019371162
2019338311
2020253611
2020324428
2021101258
2019335454
2018438636
2019326260
2019368625
2019346562
2019321639
2019320270
2019338541
2019442498
2019321177
2019324525
2019317236
2019321879
2019338669
2021101214
2021201441
2021101175
2019327700
2019419376
2019337093
2018442733
2019335839
2019336038
2021201406
2019337164
2021201369
2018436336
2021201368
2019340665
2019344274
2019333326
2019324654
2021201336
2019325414
2021101111
2021201322
2019354637
2018448037
2019344461
2019314754
2019334124
2021101078
2018442248
2021101073
2019335453
2019342803
2019315986
2019333410
2021201245
2019322625
2020231007
2021201243
2021201184
2019388607
2021201183
2021101018
2020282382
2021201825
2018436989
2019352505
2021101024
2019309766
2021101006
2021101010
2019314923
2019323842
2021201163
2019329781
2021100967
2019324203
2018440474
2021201133
2019319547
2021100973
2018442732
2019309583
2021201078
2021201100
2021100946
2021201073
2018435332
2021201097
2021201068
2021100919
2018436718
2018443502
2019308792
2019329412
2019343654
2021100902
2018455892
2021100909
2018437833
2021201027
2019338456
2020331564
2019325581
2021201039
2021201865
2019335219
2019326372
2019349684
2021200910
2019320321
2021100882
2019300942
2021200962
2019302917
2019320080
2019319462
2019333253
2021200904
2019333044
2019303683
2018436323
2021100829
2019333919
2019316896
2019301838
2021200913
2019317366
2021100805
2019301656
2021201637
2021100846
2021100772
2021200786
2021100738
2019319010
2019301650
2019332547
2020240383
2021200709
2021100752
2018430770
2019303742
2021200754
2021100742
2020327340
2018430802
2021200677
2021101320
2021100684
2021100706
2021200655
2019350542
2021100666
2021100645
2021201563
2019310816
2019321778
2019298330
2021201555
2019325356
2018434435
2021200621
2019314293
2021100603
2021100563
2019314850
2021100566
2019456792
2019321613
2021200556
2019320328
2019316556
2019315114
2021200591
2019296415
2019321258
2021100570
2019320771
2019326915
2019314097
2019312799
2019314353
2018436322
2018430794
2021100560
2019343148
2021200495
2018435480
2019291869
2019369301
2019309870
2018436278
2021100526
2021100501
2019371362
2021100494
2019314380
2021100434
2021200455
2019320032
2021100480
2021200428
2019319298
2019312152
2018429016
2021200417
2021200422
2019319711
2019315355
2018429361
2019325324
2021100373
2021200403
2021200349
2021100385
2019310586
2021100369
2019327091
2021100388
2019303765
2019303720
2021201179
2021100998
2019304036
2021100346
2021100342
2021100365
2019325553
2020323958
2019352891
2021201195
2019295206
2019294343
2019310041
2018434934
2021201311
2021100304
2021200291
2019307437
2021100280
2018430510
2019309512
2019310228
2021100292
2019315841
2019306148
2018430338
2019320533
2021100233
2021200217
2021100240
2019343426
2018431107
2021100155
2021100225
2019349369
2019287792
2018428631
2019288835
2021100116
2021100123
2018428626
2021200065
2021200128
2021100066
2021200095
2021200087
2019301825
2021200196
2021100094
2021200993
2021100896
2019294827
2019290050
2021100081
2021100084
2021100058
2020309092
2019292471
2021200027
2019317336
2021200037
2021200036
2019332872
2019296183
2021200018
2019296315
2021200024
2019292266
2021100005
2019373839
2020104408
2020104402
2020104379
2019321640
2018430831
2020104348
2020104326
2019285827
2019291044
2019306205
2020294296
2020104322
2020294309
2020104283
2020104254
2020294303
2019296313
2020104260
2019300862
2019283407
2019282300
2019298887
2020104270
2020294195
2020104255
2019295730
2020294214
2019309779
2019350780
2019302596
2019291441
2020104213
2019300351
2020294199
2019314897
2020104202
2019275727
2020256218
2020104203
2019286133
2019284169
2019369517
2019418268
2020104181
2020104188
2019310417
2020289874
2020289848
2019297721
2020104121
2020289803
2020104133
2020289786
2020296852
2019297475
2020104123
2019361191
2019276577
2020104111
2020104079
2020289744
2018431320
2020104124
2020104086
2018427424
2019276564
2020289737
2020104085
2019291568
2020104070
2020104100
2020104067
2019296512
2020241905
2020247472
2019300777
2019289392
2019402925
2019290680
2019411266
2020103993
2020104011
2020286259
2020286250
2019310030
2018432066
2021100424
2020103964
2019304148
2018429746
2019312330
2019310636
2019301580
2020103972
2020286184
2020286185
2019307836
2021200247
2019280841
2019284210
2019284211
2018423417
2021200038
2020281117
2020281166
2019265300
2019280259
2020103879
2019306074
2020103886
2020281094
2019371418
2019281515
2019288486
2020281038
2019273331
2020104298
2020281057
2018425774
2020281022
2019268359
2020103826
2019279587
2019290751
2020280999
2018430381
2020103784
2020294188
2019276336
2020103803
2020103755
2020277291
2020103756
2020103738
2020103716
2020103732
2020277198
2020289854
2020277277
2020103727
2018422270
2019323009
2019269661
2019294630
2019267977
2019273268
2020103690
2020277176
2020277186
2020277159
2020277169
2018422442
2020277162
2020103671
2019341037
2019279102
2020103635
2019257630
2019275988
2019282138
2018422333
2019333268
2020104091
2020104055
2019285618
2019297413
2020103580
2020277096
2020277092
2019273336
2020103541
2020273358
2019296431
2020103556
2020270498
2020286282
2020103560
2018428844
2020270516
2019293863
2019274735
2019257974
2019293862
2019293864
2019266800
2019269725
2019264697
2019279371
2019288473
2019274665
2019256002
2019266226
2020103464
2019271503
2020103474
2019254003
2020103444
2019265673
2019275226
2019271028
2019294492
2020103501
2019276944
2019278991
2019411267
2019287163
2019257701
2020103374
2019422245
2019270168
2019400090
2020103880
2020267149
2019264951
2020103312
2019288739
2019271766
2020103917
2019257635
2020103365
2019278835
2019280705
2019267982
2020103293
2017101891
2019270336
2020103330
2019267724
2019281615
2019256349
2019249622
2020103227
2019254220
2020103199
2019247007
2020103224
2019266049
2019263869
2020103196
2018417235
2019322806
2019248657
2019272880
2019380380
2019253113
2020103158
2019263048
2019244446
2020103115
2018417481
2020260515
2020103097
2020103121
2019268519
2019270244
2019280824
2020103055
2020103067
2020103816
2020103068
2019444062
2018423422
2020260407
2020260392
2020103047
2020103011
2019247009
2019242247
2020102972
2020257155
2019261597
2020102992
2018415388
2020102968
2020257123
2020257140
2020257107
2020102948
2020257125
2019262756
2019375583
2019254467
2018437469
2019241823
2020277218
2020102928
2020102926
2019269346
2020102923
2020257062
2019262610
2020102901
2019250071
2020257057
2020102904
2019266064
2018421443
2019260855
2020256472
2019266295
2020102856
2020102863
2019262048
2020102874
2019270597
2020256448
2019311336
2020102837
2020273349
2020102833
2020256424
2019238615
2018418629
2019275906
2018422437
2019258527
2020256387
2018414739
2020103558
2019241116
2018416927
2020256373
2020102716
2020102550
2019247776
2019266266
2019239672
2018355217
2020256312
2020250311
2019281373
2019231130
2020102657
2018429394
2020250278
2020103610
2019252114
2019267352
2019260574
2020102593
2019278299
2019255933
2019239786
2019231794
2019256623
2020244577
2019280696
2020102583
2020244611
2019234231
2018415347
2020270482
2018417124
2019227833
2019289070
2019261998
2020102556
2019233899
2019250861
2020244454
2019257644
2020244507
2019440175
2020102591
2020102477
2019274672
2020102487
2019291722
2020244429
2020244394
2018414910
2019230448
2020244393
2019243976
2018412629
2020103335
2020239810
2020239811
2019268470
2020102438
2018418065
2020102437
2020239785
2020102405
2019252418
2019245424
2018417537
2020239760
2020239768
2020239728
2019251998
2020260473
2020239707
2018414599
2018409987
2020239692
2020239675
2019235407
2020102380
2019240981
2020103062
2020103650
2018412414
2018415389
2018412968
2018414649
2019253292
2019435043
2019436651
2020239623
2018415302
2020102358
2019257288
2020102330
2019249024
2020102328
2015348151
2020233727
2020233750
2018418838
2020102323
2020233724
2020102320
2020233711
2018417272
2020102287
2019238307
2018441777
2020102960
2020233688
2020233701
2019236297
2020233730
2018413291
2018413292
2020102298
2020233625
2020102248
2018414521
2020102231
2019241905
2020233618
2018408003
2019239340
2019397089
2020233629
2018412121
2020102166
2018407271
2019223705
2019231140
2019238088
2019230135
2018409038
2019238800
2020102177
2018407195
2018407179
2019253162
2020227110
2019247512
2019246968
2020102147
2019241840
2019238712
2019243977
2019243836
2018422296
2019241028
2018412959
2019224837
2020227081
2019249167
2018409011
2020102123
2019246292
2020102107
2018437006
2018413360
2019233761
2018411591
2020102092
2019253420
2019250928
2019269671
2020227004
2020226986
2020244405
2019252287
2018415294
2019234490
2019253679
2020102098
2018407224
2018412712
2019253708
2020227005
2019210831
2020223764
2019228420
2019221549
2018408730
2020102036
2020239796
2019242012
2020102033
2020223719
2020102040
2019226091
2020239687
2018407210
2018405906
2019215046
2020101994
2020223712
2019218240
2020223693
2019229236
2020223645
2018415723
2019234381
2020223649
2018421493
2020101952
2018427119
2020101931
2020101959
2019237892
2020101946
2020220189
2018417367
2020233716
2019221229
2019231761
2019247878
2020220144
2020220201
2018414653
2019220562
2019436652
2019221233
2018407143
2018406782
2019227079
2018409020
2019212805
2018403260
2018404402
2020101832
2020220036
2018403272
2019222527
2019275720
2020217458
2018415756
2019247652
2020101803
2020217400
2020217396
2020101773
2020217373
2019228625
2019245096
2019220015
2020217341
2018408904
2018409080
2019229174
2018403734
2018402684
2020230311
2020217357
2020217356
2020217306
2020101738
2019213577
2019228454
2020101763
2020101725
2020101723
2019214956
2018401507
2018401511
2020101715
2019207926
2018401519
2020213385
2018405959
2019219650
2020213335
2019229255
2019209465
2020213304
2019224937
2018399651
2018407193
2019227886
2020101675
2019240763
2020227064
2019222715
2019253187
2019212194
2018415602
2019206924
2020101647
2020101668
2019277871
2018407956
2019211885
2018399010
2019223785
2019217628
2019224695
2018406703
2019390444
2018402444
2020210311
2020101601
2020213284
2020210277
2019238187
2020101597
2019211679
2020223716
2020210283
2018402162
2019217990
2019101742
2019211004
2018401063
2020210238
2020101549
2019213775
2020101527
2018396636
2019231514
2020210154
2018397313
2018402122
2019220741
2018413671
2018402023
2020210143
2018403276
2020220037
2020210162
2019209716
2019220020
2017445534
2018401396
2020207838
2019215141
2018398489
2017445300
2020101476
2018405051
2020207811
2018409908
2020101462
2017444431
2020101440
2020207833
2019222773
2020207829
2017444373
2020101429
2020207807
2019205878
2019207624
2018415016
2017443403
2020101423
2020101422
2018401320
2018405223
2020101788
2020101395
2019215319
2019206645
2019422009
2018402576
2019285617
2020205335
2019225853
2020205341
2020205311
2018387454
2020205313
2020101369
2020101390
2018408722
2019422008
2017444350
2018403657
2018398970
2020205283
2019366858
2018400925
2019218868
2017443100
2019224209
2017442806
2018409070
2020204576
2019222502
2019349581
2017444046
2020204569
2020204590
2019209348
2020101293
2018401510
2020213280
2017442494
2020101291
2020101652
2018404053
2020204536
2020101248
2020101276
2019207003
2017444129
2020101257
2020204459
2018402241
2019222462
2019217288
2020204424
2020204444
2020204422
2020204429
2019208552
2019211179
2019206533
2018402168
2018388581
2018393169
2020101611
2019207965
2019210233
2020101197
2020210297
2017441778
2018383743
2019370330
2018374383
2018377602
2017441231
2018386728
2018399714
2019391608
2020101179
2020204258
2019213047
2018412530
2018388395
2020204288
2018400261
2020204289
2020204248
2017445062
2018395427
2017442003
2018397616
2020101125
2020101107
2020204205
2020101114
2018413669
2019215201
2019210321
2018401508
2018383023
2019205817
2020101086
2018413427
2017444938
2019272129
2017442099
2020204128
2018393399
2020204104
2019211272
2019207900
2018374925
2020204094
2018388665
2018400760
2019205451
2020204132
2018383797
2020210290
2020101032
2018372073
2019214612
2020204002
2018407841
2019207134
2019231227
2017440655
2019205290
2019231797
2019222520
2018377711
2018368588
2019209048
2017443348
2018400335
2020203970
2018382993
2018376913
2020203979
2020203925
2020203905
2020100998
2018370069
2020203854
2018370755
2019221427
2017439699
2018366755
2018386559
2018386312
2018370024
2018399177
2018384223
2017439080
2020203800
2017444362
2018401855
2018370932
2018366619
2019206386
2018368407
2018366961
2020203752
2018382109
2020203671
2020203726
2018379172
2017438894
2018372960
2020203702
2018375009
2017445263
2019383886
2018372544
2020203646
2018375768
2020203669
2020100920
2017438908
2018366785
2018366571
2019228483
2018379114
2020203559
2019206672
2020203569
2019221574
2018360314
2018402028
2019209580
2020203575
2018377863
2019228079
2017440171
2018361590
2018365046
2018373587
2020203476
2020203483
2019252455
2019217999
2020203489
2020203492
2020204500
2018371657
2017439762
2020203448
2018382226
2018368222
2018379798
2018375302
2020100816
2020100825
2020203393
2020203409
2019207706
2018372296
2018366770
2018366776
2020203317
2017441040
2018404869
2018373210
2020100802
2018388898
2017439971
2020100785
2018373209
2020203281
2019382298
2020203264
2017440897
2020100788
2018410391
2018396890
2020100769
2020203193
2017438105
2018365934
2020203224
2018390414
2018413694
2018360737
2017441775
2018350986
2018369415
2018375286
2020203134
2018368062
2018364811
2018366777
2020203111
2018369875
2020203106
2018369528
2020203076
2020203059
2019265165
2020203021
2020100727
2020202994
2020203026
2018389037
2018401712
2018388844
2020203923
2020202973
2018349050
2020203003
2018348022
2020203705
2018377384
2020202980
2018347782
2017440250
2020202972
2020100709
2017437468
2020100705
2018384670
2020100702
2020100677
2018380299
2020202921
2018366644
2018351515
2020202841
2020202909
2020202902
2020100665
2018376020
2017437863
2020101484
2018359502
2020202797
2018345677
2018367592
2017433346
2020202829
2018384112
2018375665
2017440899
2018339065
2018375376
2018338767
2018361531
2018354557
2017437132
2020100630
2017439969
2020202730
2018336556
2020203596
2020202720
2020202714
2020202725
2018375959
2020101925
2020202716
2018340981
2018357713
2018335362
2020202699
2020202708
2017432714
2017436303
2018356694
2020202657
2018352483
2017435222
2018353819
2020202599
2020100604
2020202655
2020202623
2018344761
2017433843
2018366562
2020100578
2020202574
2020202559
2018359016
2018360341
2018335481
2018366208
2020203477
2020202449
2020100572
2017431865
2018347544
2020202490
2019220125
2017438141
2018361833
2018352089
2020202437
2018444642
2018338812
2018361545
2017430531
2018336785
2018386790
2018349996
2018355497
2020202363
2020202345
2020202339
2018345686
2018362008
2018345315
2017443912
2014101665
2018347339
2018367818
2018327337
2020202294
2018360287
2018340729
2017439697
2017101877
2020202235
2020202252
2020203194
2018336752
2018340859
2020100489
2018367362
2018348195
2018351679
2020203040
2018347122
2018432963
2017439705
2017433175
2018324425
2018351132
2020100464
2019101728
2019255217
2020100457
2020202161
2019209726
2018328285
2018355889
2018333350
2018334994
2020202095
2018343099
2017432628
2018345785
2020202079
2018340860
2018338407
2018338196
2018356316
2017433231
2020202001
2018361284
2020202050
2020202005
2019222018
2020100412
2018337654
2018354175
2018337954
2020201908
2020201904
2020202984
2018333123
2020202916
2018347467
2018332082
2018331308
2018347465
2018335549
2020201883
2020201776
2018359395
2017433998
2020201865
2018340857
2017440658
2018318435
2020202776
2020202605
2018314622
2018331314
2018315392
2020201782
2020201741
2020201742
2018354257
2017432641
2018329368
2018316511
2018343116
2018314798
2018335590
2020100326
2020201577
2017431845
2017428472
2020100309
2018315298
2018389642
2020201574
2018341239
2020201558
2020201609
2017425543
2018345741
2020201456
2018322693
2018319446
2020201409
2020201417
2018314823
2020201448
2018311884
2017426877
2020100285
2018309101
2020100274
2020201388
2020100275
2018311926
2020201359
2018317224
2017439568
2018437253
2020100266
2018329244
2018304715
2020201272
2018317851
2018340618
2018308491
2020201214
2018329925
2020201212
2020201250
2018313701
2019207084
2018348907
2018336995
2020201142
2018341772
2018321384
2018304176
2018346746
2020201115
2018316010
2020100210
2020100225
2020201040
2020201064
2020201098
2020201073
2018325299
2018326807
2018341829
2020200989
2018304201
2018343872
2020201006
2018321467
2018307011
2018341830
2018320182
2020200944
2018322154
2020202265
2015101981
2018317363
2018301578
2017427858
2020200937
2020200923
2018313902
2018308331
2018314077
2020200847
2020200894
2020200758
2020200861
2020100178
2018342007
2018336811
2020100165
2018327936
2020200811
2018306664
2018311517
2020100166
2018309582
2020200916
2018312696
2018332318
2020100161
2017425066
2020200676
2017436875
2018301988
2018309560
2020200686
2018321760
2020200694
2018315984
2020200625
2020200627
2020200642
2020200612
2018318693
2018307077
2017426186
2020200621
2018331013
2020200650
2018334370
2018291368
2018306738
2020200693
2018314311
2018318925
2018347876
2020200523
2018311346
2017427860
2020200390
2020200451
2020100120
2020200488
2018305632
2018340470
2018312863
2018286643
2018349164
2017424108
2020200389
2018302946
2018309644
2020200383
2018292424
2018309611
2018322456
2018301295
2018304396
2018301762
2017429195
2018314059
2018303111
2018299920
2020100113
2020200345
2020200314
2018313030
2018299445
2018355917
2018302103
2020200279
2017101875
2015101980
2018300159
2018364128
2018303561
2018303017
2020200260
2020200232
2018301161
2018282527
2018333813
2018286469
2018283881
2020200242
2018289521
2018328227
2020100047
2018311702
2018296666
2018300033
2018288098
2020200133
2018309575
2018322656
2018290360
2018299752
2020100032
2017420781
2018311699
2019284112
2018299050
2019284109
2020100003
2018311700
2017422091
2019284127
2020200039
2019284146
2019284051
2019284151
2020100059
2019205611
2017417809
2018298479
2018323442
2018297132
2018292539
2017427019
2016102434
2018305821
2017427054
2019283971
2019283909
2018294206
2017426204
2019284012
2019281278
2017418048
2018299205
2019101668
2018311670
2018326397
2018277268
2018337653
2018305214
2018278782
2018286651
2019283842
2019283890
2017432971
2018277022
2018301453
2018298443
2020201408
2019283770
2019283831
2018288835
2019283821
2019284015
2018285662
2019101606
2018298437
2020100306
2018293912
2019101609
2019283772
2018275668
2018283592
2019101610
2019101613
2018351405
2018284889
2017431424
2019283888
2017420370
2017438196
2019280042
2019101598
2018280094
2018304729
2017425323
2019280060
2019280047
2018311637
2017417291
2017425815
2018304242
2017433753
2019279990
2017437864
2019279917
2018285916
2018274707
2017413930
2017433235
2019279995
2018279138
2019280058
2019279933
2017420200
2017419032
2018266733
2019239623
2018274586
2020201252
2019279916
2018278063
2019279902
2019275660
2018314520
2017433746
2017418054
2019240046
2019275648
2019275611
2018350897
2019101741
2019275576
2019101520
2017432427
2018291851
2018321577
2019101509
2019275596
2018280030
2018301989
2017424814
2018299782
2017427355
2019275564
2018261832
2018426323
2018288822
2018298046
2018290758
2017417952
2017427357
2018284829
2017427029
2019272041
2018408054
2017420687
2017426859
2019211234
2018291406
2018279783
2019271963
2019271888
2018262107
2017414431
2017412349
2018263110
2017417562
2018261523
2018304952
2018257146
2019271975
2017418614
2017414413
2018285692
2019101440
2019239619
2019268184
2018277650
2018338117
2018257685
2017415762
2017416331
2018281967
2017416807
2019268131
2019248635
2017411592
2018272840
2019101417
2019268123
2018281928
2019268093
2018263871
2018276096
2018273895
2017414430
2018254570
2017423439
2017413894
2018257151
2019264644
2019264604
2019101413
2017427022
2018269260
2019264637
2018273999
2017413023
2017426874
2018289459
2018252853
2018296984
2017427013
2017435486
2018261988
2019264534
2018422117
2019264523
2018306524
2017412453
2019261813
2018270758
2018253989
2018272897
2018266528
2018287070
2018290995
2018266177
2018286376
2018258766
2019101339
2017412467
2019261720
2017425809
2018307935
2017101872
2018261253
2018262536
2018251941
2019261671
2019257479
2019257474
2019257422
2018249487
2018273825
2018270075
2018267697
2018265262
2017420719
2018260194
2019207314
2019253913
2018266377
2019253910
2018273348
2019253881
2018265080
2019253886
2019253883
2018266759
2017418863
2019253875
2018238187
2019279988
2018260627
2017412545
2018244305
2019253828
2019253843
2018269306
2019253811
2018267309
2019275664
2018264957
2018263113
2017439718
2017101866
2018264196
2019250226
2018341190
2017405577
2017416848
2019250212
2018275194
2019204731
2017405782
2019268129
2018269780
2018262995
2018299288
2018239824
2018234848
2019250169
2018261332
2019268068
2019250123
2018262902
2018316466
2017405380
2019250118
2018254425
2019250104
2018262068
2018277678
2018254793
2019246883
2018250978
2018234135
2017405774
2018234352
2019246816
2019246860
2019246856
2018254190
2017409871
2017444178
2019246798
2018249920
2018291850
2018236554
2017403653
2018250213
2018234937
2018260633
2019240650
2019101224
2018240333
2018249375
2018240330
2019240705
2019240676
2019101197
2017406364
2018310477
2018254414
2019101182
2018228265
2018239892
2018299284
2019240610
2017404493
2018250022
2019101188
2019101189
2017403663
2019240576
2019101145
2018341366
2019101157
2019240563
2018281745
2018305081
2018246838
2018235940
2018305080
2019101133
2019101141
2018299289
2019236737
2019101127
2018246837
2019236739
2017401161
2019101121
2017412457
2018258285
2017405379
2018223313
2019101104
2019236635
2018238451
2018241410
2018226651
2018277210
2019236632
2019232920
2018239635
2018240195
2018226567
2018244316
2019232886
2018224043
2018252665
2019232882
2019232863
2018237580
2018305075
2019203852
2018224194
2017406570
2018239863
2018254303
2018220193
2018238190
2017405425
2019253813
2019232786
2019229449
2019101071
2018231122
2018230730
2018249686
2019232767
2019229446
2018224333
2018259168
2019229343
2018243360
2017407833
2018246126
2019250160
2018234084
2019226230
2019203864
2019226256
2019226195
2017399007
2018222825
2019226180
2019101039
2018315286
2019203865
2018242148
2019226175
2019226152
2019246901
2018252723
2019226157
2019222974
2019100999
2019222946
2019222923
2018275541
2019222947
2019222967
2019222916
2018257811
2018410566
2019222938
2019222905
2018237067
2019222840
2018214821
2018240808
2018276649
2018214243
2019100961
2019101232
2019222819
2017413681
2017397672
2017400606
2018221814
2018237381
2018212954
2018215471
2017389381
2018209950
2018225133
2018209917
2018219696
2019219744
2019216733
2018251993
2018219961
2019100931
2016433153
2018227699
2019216701
2017399008
2018240040
2019216672
2019216715
2018231232
2017397594
2018237346
2019216628
2017405760
2018235866
2018225145
2019216632
2019216594
2019232855
2018252931
2018230738
2018223427
2019216613
2017392045
2018239451
2019213409
2019213372
2018266132
2017395492
2018237342
2019213364
2019100871
2019100870
2019213376
2018209071
2019213348
2019210677
2019213313
2017405463
2019213379
2019213334
2019210657
2018206271
2018228873
2018403377
2018218875
2019210659
2019101018
2018227710
2018231811
2019210606
2018228493
2019226241
2019210605
2019210619
2019101743
2018225213
2019210601
2018222826
2019210607
2018222674
2019210552
2018230771
2018208908
2018233474
2018213552
2018257944
2018284487
2017386654
2017407339
2017389212
2017394025
2018206592
2019100818
2019208223
2018219603
2019208241
2018216158
2018223124
2018206117
2018208142
2017398968
2019222897
2019208225
2018228540
2018214780
2018216823
2017394423
2018233482
2019208158
2018225435
2018216105
2017381296
2019208161
2018223147
2018216859
2018217436
2018212889
2017381404
2018205895
2017393112
2019206109
2019206094
2017395592
2017397390
2018219311
2018213055
2018220816
2019206097
2019206075
2019206042
2017384518
2018225177
2017383104
2016433300
2018220785
2018210303
2016432983
2017397003
2019204990
2016434076
2019204976
2016432554
2019204988
2019204967
2019204956
2019216634
2017391791
2019204958
2017403852
2018208613
2018212610
2017377666
2019204919
2018274424
2019204858
2018219188
2017377490
2018219871
2019210587
2019204910
2019204820
2018205472
2019204825
2018390648
2019208246
2017372589
2019204800
2019204806
2019204826
2018216529
2019100723
2018217684
2018208797
2017371554
2014101656
2019204673
2017405271
2017373540
2018209352
2017382986
2017368470
2017390194
2017391792
2017389025
2017391378
2019204498
2019205007
2017387185
2018217352
2018311603
2017382703
2016430259
2019204437
2017378251
2019204351
2016433342
2019204325
2017379785
2016433341
2018212916
2018219354
2019204297
2019204772
2016432553
2019204823
2019204263
2017382907
2018205845
2016432286
2019204740
2018213261
2018224614
2016431911
2017388035
2017397408
2017360842
2018204169
2018374564
2017378712
2013101811
2019204155
2018205470
2017358404
2018205044
2019204160
2018212665
2019204054
2019204161
2019204174
2019204134
2019204032
2019204098
2019203952
2017373956
2019204043
2019203984
2019100615
2019204540
2017379813
2019204026
2017376121
2017383108
2019203829
2017382439
2017395741
2017390890
2019100582
2018207805
2017352937
2016428406
2019203755
2017349748
2018274373
2017378985
2019203691
2019203751
2019203747
2018210784
2017373715
2019203727
2017386533
2019204454
2019100696
2017349006
2017396514
2019203658
2016433340
2017394135
2019203498
2019203497
2017352948
2017377972
2019100539
2017370720
2017367245
2017364745
2016427098
2019203550
2017368439
2017362883
2018289561
2017354083
2017378211
2019100534
2019100681
2017368129
2019203398
2017358533
2017364346
2019203409
2019203373
2017345665
2019203385
2017344389
2017391807
2017349451
2017356848
2019203237
2017353878
2019204218
2017368324
2017365075
2017359915
2017389350
2017386515
2017361867
2019203178
2019203201
2019203202
2019203195
2017353987
2019203208
2016428405
2017351066
2017392499
2017339274
2018357830
2017390725
2017344049
2017355505
2017354147
2018212302
2019203081
2016426890
2016429066
2019203086
2019203771
2017355827
2017355375
2017353698
2016432856
2017354782
2017340065
2016429677
2017350912
2017386097
2016428424
2016102415
2019203045
2019202975
2016425227
2019202837
2017366081
2017395532
2017358882
2016427777
2017367221
2017354169
2017362937
2018348319
2017370655
2017335721
2019202871
2017358691
2017363240
2018347188
2019202843
2017347797
2019202767
2019202693
2019202752
2017341774
2017355420
2019202701
2019202660
2017342627
2019203471
2016411625
2016102414
2016433510
2017331639
2019203465
2017345812
2019202589
2019100407
2017342562
2019202542
2017329751
2019202500
2017355732
2017355639
2019202460
2017366813
2017359047
2017340505
2019202418
2016425526
2017367577
2017323542
2017342700
2017371859
2019202332
2016424252
2017398275
2017344752
2017340761
2017339771
2019100362
2019202258
2019100341
2017349920
2016428456
2016423565
2019202189
2017356565
2019202216
2019202185
2019203229
2017358902
2017337144
2016429558
2019202115
2017343623
2019202102
2019202128
2019202130
2018206106
2017376897
2019100314
2017347059
2019202047
2017337335
2019202094
2017331812
2017317554
2018253052
2017338586
2016431618
2019202011
2017322386
2019100308
2019201956
2017333946
2017352905
2019201974
2017434337
2017363528
2019201894
2019201903
2019201864
2017347651
2017338040
2017322608
2019201866
2019201854
2019203071
2017324850
2017336066
2017336309
2017320734
2019201853
2019100280
2019201876
2017335678
2019201816
2017334471
2017379635
2017340512
2017322485
2017342826
2017322706
2016422505
2019201653
2017330433
2017321575
2017334293
2017308118
2017308824
2017322089
2017343990
2017324945
2019202223
2016426405
2017320476
2019201546
2017336603
2019201544
2019201466
2017341625
2017321966
2017316513
2019100217
2019201449
2017321678
2017351055
2017330524
2019202248
2019201358
2019201418
2019201393
2017313432
2018322503
2017318694
2017334682
2019100204
2017321242
2017339363
2017316222
2017404183
2017327757
2018256714
2019201346
2017331513
2016416776
2019100203
2019201308
2017308812
2017335607
2017321872
2016423212
2017315466
2017332863
2017340229
2019201265
2019202049
2017363055
2017334468
2018289195
2019201253
2019201272
2019201237
2017248062
2019201221
2017334871
2016427008
2019100189
2017328875
2017306141
2017335889
2017334367
2017307372
2017333674
2017313074
2019201080
2017320736
2017325706
2017347589
2017328613
2019201079
2016426667
2019201068
2019100163
2017331116
2017305636
2017337341
2019200927
2017337339
2017312177
2017361990
2017361585
2017334731
2017301096
2017316520
2017382506
2017332357
2017319511
2019201036
2018319213
2017308577
2017302462
2017320329
2017309399
2019200896
2017213436
2017299435
2019200919
2019200874
2017295314
2019201683
2017328028
2017321138
2019200774
2019200806
2017320339
2017332769
2017305682
2019200857
2017308902
2019200749
2019201383
2019200838
2017311190
2017310912
2019201619
2017328040
2019200746
2016418599
2019200692
2017303010
2019200729
2017330209
2017295096
2019200685
2019200714
2016425663
2016423749
2018308961
2016417262
2017302541
2019200668
2017305867
2018308956
2019200678
2019200568
2016429682
2017300950
2019200590
2019200559
2019200605
2019200545
2016418336
2016418338
2017302672
2017303719
2017288933
2019200484
2019200514
2019200482
2017289252
2017334610
2017314759
2017315398
2017325794
2019200432
2019200362
2017299655
2017305249
2017303847
2017291708
2019201125
2017340146
2019201217
2017315300
2017316384
2017296038
2017304739
2017316287
2017315779
2017310363
2017308540
2019201137
2019200269
2016410752
2018289194
2016389893
2019200253
2016414485
2017302345
2018298513
2017317839
2019200256
2018261298
2019200111
2019100032
2019200189
2017285041
2017313148
2017272906
2019100030
2019200152
2019200133
2019100016
2019200106
2019200061
2016414454
2019200073
2017297752
2017317878
2016334149
2017292019
2016415201
2017276796
2019200084
2019100008
2017291974
2016412717
2017299718
2018286616
2016412997
2016412719
2019200001
2019201166
2019200072
2017274558
2016412194
2018278003
2016409304
2018290417
2017274518
2017421869
2017301504
2017305147
2017332670
2017411519
2017290723
2018284937
2018286576
2017389607
2017289924
2017308552
2018282456
2018282484
2016407808
2016410568
2016410565
2017285479
2018282483
2018282409
2018282401
2017290387
2017277417
2017290063
2017277437
2018282383
2018282359
2017281686
2018282344
2017291843
2018282315
2018102093
2017286771
2018282338
2017285036
2017330216
2017274657
2016412564
2017284729
2018282246
2017270401
2016410102
2017285945
2017274080
2017328847
2017301462
2018278995
2017286475
2017288581
2018279034
2017302500
2017393428
2018278923
2017264836
2016417122
2017274577
2017263835
2019200481
2017275392
2018278864
2017270593
2017101843
2018102034
2018102043
2017302236
2018102039
2016415070
2018275002
2017294696
2018274992
2017283732
2017277666
2018102042
2019200496
2017297372
2017416079
2018102035
2017269430
2016415213
2018274917
2016406142
2018271419
2017296388
2018271418
2017295225
2017282058
2017274570
2017275393
2017266832
2017270932
2017277851
2017261802
2016407652
2017307628
2018271385
2017274829
2017276542
2018101851
2018101847
2018271262
2017266608
2017277929
2017277418
2017307043
2018271308
2017321533
2017278824
2017283867
2018271256
2017281530
2017285257
2018271232
2017264693
2017263539
2017352260
2016406586
2017302325
2018225503
2017310952
2018271252
2016414700
2018101796
2017257657
2018267680
2018267682
2017278674
2017271613
2017271607
2017262892
2017290388
2017261994
2017292589
2019200002
2017252593
2017276539
2017290573
2018267537
2017260108
2017282925
2018267586
2017259206
2018264106
2017285278
2018264139
2017267610
2017289488
2018101751
2017281246
2017248728
2017269280
2018264124
2017273702
2016406797
2017352442
2018264068
2017272915
2018263989
2018264086
2016422603
2017269259
2018264031
2018264074
2016405421
2018261864
2018260851
2017270374
2017312539
2018260944
2017277224
2018260973
2017269712
2017271545
2018260924
2016404863
2018260941
2017281414
2017263285
2017248316
2017261992
2017274269
2018260878
2018256600
2018256645
2017286799
2017261120
2017268244
2017262850
2017259171
2018256658
2016405754
2018256580
2018256569
2017255822
2017243531
2018101627
2017250626
2018253597
2017258101
2018101634
2017274086
2018253598
2017259723
2017260462
2017244065
2017284079
2018253582
2016409886
2018253551
2017257446
2017244797
2018253561
2018253560
2017286532
2017412309
2017243868
2017252566
2017278292
2017237179
2017270117
2015101933
2018253492
2017273631
2018253514
2018250395
2017281507
2018250385
2017278100
2017288986
2017273313
2017236806
2018101523
2018250506
2018250358
2018250389
2017273625
2017333529
2018101793
2018101512
2017267456
2018267602
2017238515
2017408804
2018247332
2018101526
2016401750
2017280835
2018101521
2017269344
2018247248
2018247250
2018101505
2018264140
2017310715
2017260416
2017272367
2017254659
2017243865
2018241213
2017274073
2017262773
2017290701
2017230842
2018241170
2017261270
2017271996
2018241185
2017237887
2017228767
2016404892
2017231097
2018236802
2018241067
2018241081
2018241053
2017262264
2017244280
2018241207
2018236784
2018236894
2018101464
2018236694
2017238075
2018241079
2018236743
2018236767
2018236757
2017246449
2017254365
2017260641
2018236875
2017229782
2017274891
2016400171
2017264669
2018233023
2017261419
2017222436
2018233040
2018233014
2017232659
2018101373
2018232948
2017239160
2017258689
2017222539
2018101370
2018232918
2017241538
2017242818
2017223236
2017237840
2018229537
2017262493
2018229553
2016398068
2018252445
2017252322
2017254696
2017251639
2016397980
2017219571
2017252167
2017246211
2017229625
2018226482
2017263851
2017217829
2018101314
2017249063
2017227628
2018226460
2017236782
2017229154
2018226445
2018226398
2017246410
2018226403
2018226401
2017249084
2018101283
2017225642
2017241658
2018101276
2017231678
2017249001
2017246093
2018226383
2016406379
2017249072
2017227323
2018222950
2017249014
2017241594
2017246121
2018220142
2017225481
2018220162
2017218895
2018220127
2018220040
2018217302
2018101214
2017222708
2017245258
2018220141
2017241166
2018219976
2017241164
2016399309
2017220066
2016401214
2017220028
2018220101
2018217304
2016405656
2018217279
2018214146
2018214121
2018236828
2017208465
2018217241
2017226209
2017217552
2018214099
2018214076
2018214020
2017235275
2018214063
2018101083
2017233674
2017217153
2017210132
2017245170
2018214000
2017217554
2018101088
2016402395
2018211314
2017287028
2018211298
2018211268
2017231862
2017253938
2017241911
2017206099
2018211273
2018211292
2017221017
2018101318
2018211289
2017233683
2016409887
2016384284
2017214818
2017218456
2016391189
2017221284
2018211217
2018208771
2017245487
2018208758
2016399230
2018208713
2017393413
2017214894
2018211213
2018101013
2017227195
2018226420
2017219626
2016399229
2017216956
2018206746
2017228216
2017214479
2018206759
2016391833
2018101245
2017229296
2017208959
2017213853
2018206818
2016390751
2017217012
2017249974
2018206719
2017246024
2017228450
2018206700
2018206703
2017209973
2017204914
2018206708
2017205583
2016371323
2016388440
2018205173
2018206737
2018205160
2017207496
2017207533
2018205104
2018204926
2017216909
2018205088
2018205094
2016386870
2018205145
2017390082
2016391628
2017210081
2018101273
2018204852
2016391769
2018100956
2018204917
2017217846
2016385712
2017216875
2016379379
2017205975
2018204876
2018204844
2017205241
2016382909
2017216324
2018204828
2017220312
2016362126
2018204782
2017262128
2018204696
2018204724
2016393988
2016383336
2018204705
2016375359
2016380877
2016384627
2017245932
2018100874
2016381121
2018204636
2016381571
2015417853
2018204598
2018204637
2018204523
2018204590
2017210311
2017239878
2018204480
2016392241
2016376483
2018204542
2018204462
2016372575
2015419275
2016361460
2016372573
2017229437
2016363670
2017212617
2016384965
2016373251
2017236677
2018204367
2016358443
2017374058
2016386349
2016359163
2016368691
2016354889
2015414792
2018100798
2018204377
2016392585
2018204232
2016381245
2016387451
2018204025
2016367058
2016373020
2017207930
2016377474
2018100785
2017209047
2016369586
2018204126
2016391066
2018100744
2016358821
2017213664
2018204177
2018204039
2016357315
2018203872
2018203944
2018203913
2018100728
2015415109
2018203790
2018203838
2016351093
2018203819
2016386105
2018203839
2018203860
2018203813
2018101069
2016365229
2016393002
2016355346
2017332547
2018203745
2016377491
2017243973
2017207339
2018100715
2018203609
2018203636
2018203623
2016364736
2018203589
2016351177
2016345116
2016366537
2018203541
2015416255
2018100685
2018203560
2016383925
2015411582
2018203537
2018203528
2016346011
2018203536
2018203530
2016358316
2016365882
2016354893
2016348909
2016367130
2016352852
2016354255
2018203417
2016349581
2018203365
2018100584
2018203283
2018203266
2016399645
2018203315
2016355163
2018203319
2018203225
2016377721
2017352548
2016340979
2018203223
2018203216
2018203197
2018203215
2016393740
2018203178
2016347869
2016343265
2016358098
2018203008
2016392262
2016338648
2017352545
2016393669
2015413918
2016349941
2015414285
2016393668
2018202970
2016341862
2016343378
2016346789
2018202952
2018202849
2016382189
2016341462
2018100563
2018100556
2018202896
2018100566
2016347047
2018202908
2014101637
2016342783
2016352877
2015418657
2016382438
2018202877
2016347156
2016362057
2018202686
2018202801
2016326892
2018100542
2018202773
2018202797
2018204752
2016341190
2016340742
2018202742
2018100503
2016418791
2016324353
2015413329
2016341463
2016347484
2016361449
2016341832
2016326619
2017341159
2018202515
2017341161
2016322817
2016321421
2018202540
2015414475
2016348413
2018202567
2017233227
2018202521
2018100448
2016346497
2016320316
2016357690
2016365240
2016341574
2016336442
2016321728
2018202365
2015410275
2016353157
2018202339
2018202265
2016341312
2016328795
2018202354
2016330604
2015410435
2016325251
2016326464
2016329200
2016329025
2015413261
2016350896
2016389093
2018203909
2015414056
2018202249
2016322014
2018100341
2016333573
2016389089
2016398050
2015410106
2018202051
2018202142
2016334381
2018203703
2016343907
2016310415
2016321400
2016388357
2016324082
2018202007
2015409753
2016329815
2016325432
2016387360
2016311166
2016335548
2016315019
2016350207
2016373213
2018201805
2016350973
2018201836
2016366432
2016306709
2016320011
2016328995
2018203407
2016327573
2016357105
2016331691
2016335532
2016345527
2018100284
2016333221
2018201661
2018201553
2018201542
2015411154
2016337227
2016316371
2018201437
2016374250
2016317860
2018201457
2018201359
2015414651
2015412224
2018201452
2018201463
2018201541
2016311505
2018201412
2018201344
2016307884
2018201428
2015101919
2015411331
2017317602
2018201267
2017205032
2016369273
2018100221
2017314291
2018202720
2018201096
2018202556
2015407200
2016332997
2018201153
2015406091
2016311035
2016316317
2016306227
2016309108
2016308701
2018202582
2016331656
2015411026
2018200964
2015407876
2018200879
2016320401
2016359530
2018200830
2018200851
2018200860
2018201001
2016292955
2018200738
2016296984
2016323754
2016290090
2018200792
2016307138
2016310417
2018200679
2015405689
2016306711
2018200702
2016311039
2016299036
2017301078
2016287731
2016320012
2016301112
2018202004
2018200596
2015403585
2018200540
2018100098
2016296873
2016302433
2018200554
2018200523
2017268741
2016330207
2016348310
2015404618
2017305006
2015402709
2016283402
2016317557
2016317103
2016296130
2016295940
2018200422
2016283066
2016305473
2016308460
2018201920
2018200396
2017297856
2018200403
2018200357
2016293470
2018200360
2016293471
2018200319
2018201816
2016291625
2016302392
2016291555
2018200340
2016296579
2016389440
2018200231
2018200274
2016309262
2018100049
2017250221
2016281182
2016315627
2018200197
2015409263
2016291761
2018100017
2016293831
2016291089
2016307332
2016309004
2016293601
2016291669
2016296403
2018200125
2016381827
2016280644
2015401078
2018200122
2015401086
2015399265
2016284035
2016291720
2016304907
2017279812
2015408850
2018100001
2017279821
2016288779
2017279785
2016275564
2017279806
2015397335
2018201213
2016291849
2015405062
2016298501
2016307741
2018201109
2016286647
2017279715
2016278982
2017279700
2016289048
2017279667
2017101777
2017279615
2015403482
2016307326
2017279589
2017279584
2016278316
2017276341
2016331870
2016277461
2016270351
2017225333
2015402582
2016278962
2016303185
2016297866
2016374498
2016279131
2018100172
2017276251
2016276942
2016298481
2018201118
2016288631
2016390249
2016288213
2016260562
2016280086
2015401752
2016260749
2015395033
2017276153
2017101734
2017276159
2017272246
2017272325
2017276160
2017212508
2016269643
2016280650
2016287195
2017101722
2016261488
2017272236
2017101681
2016283020
2017272162
2016280171
2016316975
2016279999
2016262122
2016270338
2016278951
2017268677
2017268690
2018200355
2017272141
2016276256
2017268604
2017268503
2016259987
2016283735
2018200276
2017268613
2016254739
2017268601
2017268514
2017268506
2016266732
2017265139
2016254955
2016269738
2016394453
2016264077
2017265135
2017265158
2016257632
2016286709
2017265106
2016287808
2016293866
2016333265
2018200254
2017265102
2016260760
2016254907
2016264606
2016264755
2016267982
2016293154
2016307870
2017265089
2017101620
2016307794
2017261591
2016288749
2017279718
2016269632
2016265852
2016278972
2016303740
2016271110
2016261915
2016289462
2017261545
2016259613
2016280531
2016255744
2015417901
2016261638
2017258904
2016278851
2016247689
2016284583
2017258941
2016261837
2017101771
2017258881
2017258940
2017258951
2016262803
2016243552
2017258846
2017258822
2017258867
2017254968
2017258811
2017101565
2017272247
2017254926
2017254934
2016280523
2016284002
2017254865
2016265586
2017254845
2016254056
2016263440
2017254506
2016246586
2016248018
2016268944
2016380302
2017206394
2016254322
2016272733
2017251824
2016253924
2016254271
2016267097
2016250656
2017251784
2017251839
2017251855
2016261088
2016251649
2016235332
2016263002
2017248565
2017251708
2017248513
2017248509
2017248531
2017101401
2016271130
2016263383
2016255534
2016267385
2017248453
2017248503
2016257672
2017248431
2015397197
2017248434
2016254582
2017248413
2017245447
2017101375
2016296473
2016246225
2017209229
2015390542
2012101982
2017245363
2016250187
2016286262
2015400156
2016232974
2016250260
2017239626
2016236176
2016265131
2016285708
2017239600
2016265699
2015399462
2016249106
2017239628
2016253034
2017245281
2016268437
2017101324
2016265408
2016238580
2017101339
2016230830
2017239602
2016247476
2017239488
2015394336
2017239476
2016245323
2016232838
2016332520
2016227079
2017236009
2015387983
2015387270
2015395663
2017101325
2016248346
2016240011
2015385701
2017235961
2017235913
2015395615
2016250823
2017232241
2016243998
2017235938
2017232203
2015385634
2017254868
2016227457
2017232228
2017232108
2017232242
2016315330
2017232131
2016223022
2016262259
2016242900
2013101792
2016219479
2015387474
2017251772
2016327918
2017228715
2016236116
2017228647
2016228987
2017225118
2017228637
2016250913
2016271140
2017228593
2016216932
2017225114
2017225115
2016229172
2017101227
2014101617
2016240390
2016263038
2017225005
2017225008
2015386670
2017225016
2017221867
2015388462
2017221899
2015388623
2016248378
2017221835
2016255334
2016229847
2016228027
2016247296
2016228845
2017221821
2017221810
2016215367
2017101176
2016228126
2016210884
2017221833
2017219148
2016210882
2017219055
2017221778
2017218994
2016214083
2017219136
2017219098
2017219066
2017219027
2017218996
2017219057
2015391018
2016229398
2017218984
2016208587
2017218928
2017216609
2017101132
2015392091
2017216496
2016243159
2017216531
2016394894
2017216479
2016243518
2015101901
2017216451
2017216499
2017213559
2016212315
2017216447
2015382816
2015382316
2016222920
2017210631
2017101065
2015378173
2017210636
2015384779
2017239511
2015384819
2017210580
2016218092
2017210534
2017101032
2016238336
2016214178
2016243746
2015383606
2016242867
2017235889
2016235165
2016219421
2017101025
2016215440
2017210502
2016211820
2016253904
2016225125
2016225552
2017208291
2017232072
2017208330
2016215287
2017208193
2016209034
2016222728
2017225150
2016211697
2016226500
2016226461
2016226549
2016212243
2014415879
2017206162
2016218036
2016226505
2017204897
2017204879
2017204903
2016211547
2017204853
2016214286
2016212242
2016211254
2017204793
2015361131
2017204749
2017100946
2017204655
2014413974
2015362066
2015362045
2017204649
2016207867
2016243972
2015371760
2014414041
2014415339
2017216494
2016216748
2017204569
2016208744
2016223160
2017213486
2017213582
2017204562
2015385199
2015355154
2015362164
2016219369
2016218355
2017216462
2017100905
2017204573
2016216259
2015386336
2016235070
2017204496
2017101082
2017204460
2015375301
2015385798
2016216822
2016206832
2017100886
2015387499
2016220173
2015370592
2015362561
2017204408
2016219192
2016209679
2017204354
2016205917
2016359767
2015385792
2015368103
2015353422
2015385797
2015371469
2017204239
2016379814
2017204178
2017204238
2015376660
2015363667
2015375343
2015354390
2015385796
2016211272
2016211519
2015358535
2015372510
2017204101
2016211703
2015364816
2015380291
2015346038
2014412020
2017204090
2017204016
2017100685
2014413271
2015356837
2017100984
2016271921
2015360927
2016219971
2016211405
2017100962
2017100687
2017204769
2016226556
2014413360
2015358776
2016229175
2015374507
2017203982
2014412483
2014414439
2014414143
2015383110
2015345210
2015360437
2015355076
2015342719
2015342321
2015345219
2017100655
2016208113
2015367225
2015346969
2016216240
2017203687
2014411891
2017100636
2015352304
2015384166
2017203580
2015377244
2015364751
2015358469
2015363675
2016206694
2017203663
2015372563
2017100608
2015353007
2017203509
2016218353
2017203542
2016218341
2015383894
2015357516
2015359323
2015352216
2017203504
2016358299
2017203498
2017203477
2015349054
2014101609
2015350087
2015370135
2016205258
2015362076
2015346655
2017203429
2015392484
2015354393
2016215466
2016235071
2017203385
2017203427
2015358483
2017203364
2015347124
2017100534
2015383097
2015368047
2017203287
2017100542
2015332244
2016226554
2015361172
2017203416
2017203166
2015369624
2016205863
2017100512
2014414019
2015384820
2015341147
2017203010
2017100494
2017203110
2017100487
2014414053
2014411738
2017203036
2016211359
2016211216
2015364605
2014410440
2017202982
2017203058
2017100486
2017202910
2017202908
2015101894
2017100480
2017100460
2017202835
2014414008
2017202942
2014410591
2015346641
2015323535
2017202892
2015326867
2017100438
2015360713
2015321430
2017202744
2015347886
2015366314
2014410305
2015369988
2017202682
2015324281
2015324650
2017100437
2015380459
2015337846
2015340352
2017202612
2017100444
2017100433
2014409485
2017202587
2015316940
2015343095
2017202621
2017202531
2017202569
2015317365
2017202529
2014410858
2017202503
2017202474
2015336930
2015331032
2015331026
2015339980
2017100424
2014413657
2015316939
2015331025
2015361769
2015331028
2016340293
2017202375
2017202423
2014413658
2015334726
2015335554
2015355926
2014414020
2015314783
2015329733
2015316587
2017100410
2015346555
2017202332
2017100401
2017100394
2015334634
2014415645
2015338818
2015314139
2017100379
2015346021
2015353485
2015323821
2015346490
2017202282
2015315001
2015324610
2017202248
2015350532
2017202148
2016216262
2017202073
2014406544
2015328459
2015328723
2017203534
2017202120
2015326844
2017202159
2015339238
2017202066
2014407025
2017202070
2017202086
2015333691
2015361236
2017202048
2017202101
2015324509
2014412768
2015346144
2016243219
2015343669
2015340213
2017202010
2015311052
2017201980
2015315224
2015343429
2015316580
2015316579
2015321656
2015315252
2015329722
2015316061
2015330841
2015338953
2014403851
2015325065
2015328743
2015315223
2015304955
2015322645
2017201794
2017201799
2016228054
2015313921
2017201792
2015303038
2017201673
2015288012
2015350704
2015326293
2015316320
2015308039
2017201639
2014405866
2014408498
2015337025
2017100277
2017201595
2015336009
2015310670
2015333890
2017202745
2017201515
2015333974
2015305406
2017201472
2015343004
2017201480
2017202984
2014411434
2017201504
2017202881
2015330676
2015328516
2014406558
2015328907
2015312565
2017201458
2017100241
2015328523
2014404066
2015323907
2017100231
2015308842
2015308623
2017100229
2015324282
2017201267
2015310487
2014409584
2015321927
2014405914
2015306062
2017201157
2015390318
2015404488
2015343949
2015323957
2015305238
2015403840
2017100199
2017201142
2017201100
2017201111
2015321000
2017201109
2017201122
2015318074
2015315064
2017201033
2015327897
2015312344
2017202225
2017201001
2015321928
2017201010
2015321923
2015354703
2015306260
2017200961
2015318064
2015302225
2015317825
2015296248
2015290285
2015320660
2015336940
2015292255
2017201097
2016304612
2015315801
2015317489
2017100148
2015305511
2015286169
2015355747
2017200900
2015316165
2015316172
2015297192
2017200819
2016325186
2014403794
2015292700
2015321998
2017200784
2015302416
2014404278
2015284044
2017200665
2015308215
2014402251
2014402126
2015292757
2015301920
2017200680
2015286232
2015296114
2017100123
2015289441
2017200604
2015297281
2014403138
2015307020
2017100096
2017100104
2015301904
2017200585
2015360953
2015343561
2015280802
2017200552
2015306067
2015283802
2015302362
2015305836
2015311859
2014401866
2014404466
2017201498
2017200452
2016294630
2015303888
2015288971
2017200437
2015301682
2017100066
2015287459
2015305856
2017200370
2017100064
2015300773
2015305889
2015305525
2016310326
2017100212
2017200327
2015277337
2014402993
2015282654
2015313965
2017200309
2015325116
2017200266
2015298766
2015279923
2015298962
2015315488
2015291136
2015320370
2015315050
2013101777
2014403886
2017200156
2015296304
2015301222
2015283828
2017200241
2016287614
2017200240
2015284970
2015292307
2015274445
2015293548
2017200030
2017200109
2015277418
2015293757
2015279621
2015295989
2014400779
2015266871
2016277771
2017200000
2015271665
2015324148
2015282749
2016277745
2016277657
2016277609
2015283796
2015267190
2015282748
2015307191
2014399228
2016277652
2016277572
2015270330
2015365349
2015283858
2016277593
2015292985
2015276993
2015271398
2016277535
2016273973
2016277556
2015271399
2015296903
2016273984
2016273913
2015296637
2015289082
2016273895
2015274757
2015271697
2016273860
2015294437
2017200774
2015267319
2015275774
2016273864
2015271599
2015292490
2016273816
2016269496
2015284629
2014404749
2014400612
2016269513
2015281646
2016269492
2015270638
2015396131
2015272082
2016102062
2015277086
2015276638
2015271830
2014400646
2015285344
2017200652
2015268918
2016269400
2016266023
2016266010
2016266021
2016262789
2016265973
2015265617
2016266000
2016102049
2015274297
2016265968
2015264426
2016262795
2015263875
2015249406
2016102031
2015284004
2015256182
2016102034
2016262728
2015293807
2016262702
2016262685
2014398665
2017200644
2016259446
2015274972
2015277299
2015270607
2016102007
2016259427
2017200358
2015287252
2014394870
2015259715
2014396820
2014398664
2015271824
2016259280
2014393329
2015270385
2015257500
2015267390
2015265625
2016101997
2016256802
2016256828
2015246704
2015245951
2016256769
2015268306
2017100025
2015264391
2016256684
2016256690
2016256720
2016256761
2015255730
2016256679
2016256681
2016253620
2016256675
2015265599
2014394452
2015263953
2014395554
2016253607
2016256662
2016253623
2015255619
2015300915
2015256267
2016250475
2015277744
2016253588
2015243819
2015264071
2016250461
2015247536
2016253641
2015277425
2015258143
2015252525
2016250452
2015297068
2016250413
2015269334
2016250353
2015254675
2016250348
2014388753
2015297289
2014392531
2015253062
2015253514
2014389501
2015250202
2015253029
2015250212
2015247503
2016101834
2015250843
2015249350
2016247184
2016247171
2015235511
2016247087
2015264605
2015264604
2016247201
2015264614
2015253206
2016247101
2015101877
2016247085
2016247108
2016247110
2014386727
2016244299
2015253817
2015259096
2016247038
2016247078
2016244309
2016238946
2014389503
2016244282
2015244206
2016244204
2012101970
2016238969
2015249521
2015257889
2016244245
2015231534
2016238968
2016269572
2015240467
2015292491
2016244216
2015226942
2015240252
2016238937
2016234965
2015245909
2015256567
2014396234
2015252990
2016238887
2015256590
2015247838
2014391630
2015244516
2014386710
2015243183
2015229457
2015255887
2015244101
2016101732
2015231096
2015253721
2014394628
2015256000
2016234966
2015226958
2014396157
2014384393
2016231618
2016234909
2015237261
2016231663
2015242493
2015262095
2016231631
2015219562
2016231596
2015257343
2016231571
2016231650
2015227201
2015227069
2016231592
2015259162
2014394068
2016228183
2015230980
2015218741
2014391026
2016228204
2014394104
2016228208
2016228166
2014398480
2015218203
2015382255
2015231128
2015230516
2015228589
2014388386
2016228184
2016228186
2015231761
2015232048
2016225929
2016101591
2014388113
2015244043
2016225910
2016231463
2016225914
2015237347
2016225861
2016225855
2016225868
2016101599
2016225777
2015242797
2016225878
2015231914
2014403143
2016225792
2016225780
2015263069
2015253709
2016225778
2015244230
2014385716
2012101965
2015230032
2016222457
2015232126
2016222372
2016101535
2015232526
2014392679
2016222416
2016101534
2015286550
2015265335
2016101566
2016219686
2016222337
2016219716
2016219673
2016101510
2016219672
2016219696
2016219683
2015236744
2016219616
2014389417
2015209091
2016219651
2016219670
2015208702
2015255871
2015222821
2016219618
2015247901
2016216614
2016219546
2016216633
2016216574
2016216531
2015218232
2016216534
2015229865
2016101455
2015219106
2015218353
2016213886
2015221990
2016101433
2016213790
2014386505
2015213482
2015231395
2015361810
2015229969
2016213730
2016210782
2016101422
2015210565
2015229967
2016210781
2016210765
2014378324
2015229973
2016210772
2016210766
2016210747
2016210694
2016210650
2016210769
2016210710
2016210702
2016210695
2014389544
2015217525
2016101387
2016210673
2014384897
2014381262
2014382718
2014385973
2016210663
2015350919
2015229021
2015210884
2015214165
2015251884
2014388080
2015223378
2014389539
2015211019
2014388376
2015254756
2016208339
2016208396
2016101293
2015223377
2015209909
2016208349
2015231508
2015219463
2016208249
2016208402
2016101244
2016206348
2015211083
2014381181
2016206374
2015207570
2016206397
2015218375
2016206313
2014369865
2016206318
2014376350
2016206299
2014374256
2015218380
2015284755
2015222087
2015208292
2016204978
2015217738
2016206310
2016206258
2015216640
2016206265
2016206224
2015209199
2016204959
2016204919
2016204997
2016225903
2016204762
2016204759
2014375830
2014361864
2016204773
2013409674
2014362921
2016204841
2015204992
2016204769
2014377545
2014363686
2015211250
2014369919
2016204717
2016101044
2016204659
2015229170
2016204683
2014367245
2016204727
2016204650
2016204664
2015210999
2016204641
2016204585
2016204644
2016204456
2016204603
2014374236
2016204577
2016204546
2016204555
2015218697
2016100962
2014364121
2016204442
2014373468
2016100977
2016204370
2015211432
2015351677
2016100936
2016204284
2014376189
2014370001
2016100921
2016204283
2015206771
2014376190
2013409739
2014374303
2014376146
2016204117
2014364419
2016100886
2016101438
2015207036
2016204122
2015225397
2016216572
2015226365
2016204085
2014367011
2016204005
2016204080
2014388379
2014350696
2016203970
2016204026
2015210877
2015215028
2016204020
2014358145
2016100867
2016203997
2016203902
2016203891
2015205700
2014364830
2014350545
2016203939
2014348774
2016203876
2016203809
2015206631
2016210596
2013409580
2014359941
2014364889
2013409581
2014369339
2014267844
2014378206
2016203793
2014360418
2014354766
2014375413
2014341983
2016203600
2014354947
2016203628
2014381339
2016203639
2013406056
2016206331
2014370204
2016203640
2016206259
2016203560
2016203539
2014354827
2016203523
2016203589
2014348305
2014374036
2014355122
2014355356
2014352855
2016100759
2014366217
2016204649
2014350667
2014373838
2016100745
2016203305
2014357488
2013404886
2016100711
2016204417
2014366157
2016203331
2016203419
2013404287
2016100692
2014353789
2015203907
2014348303
2014369524
2016203195
2016203217
2016203255
2016203214
2014338510
2013405589
2014360724
2016203219
2016203175
2014346599
2016100608
2014334792
2014350651
2016203129
2016203123
2016202956
2014331799
2016202964
2014374304
2014347029
2016202975
2016202922
2014347110
2016202930
2014340088
2016204256
2014346992
2016202888
2014335449
2014336243
2014347212
2015334446
2014346812
2014360182
2014339698
2014331094
2013408249
2013408867
2014331987
2014340220
2014339563
2014375087
2016202809
2016202806
2014348937
2016202784
2014343704
2014329604
2016202714
2014348826
2014336097
2014348473
2014326741
2016202726
2014340221
2013406219
2014351866
2016202582
2014346694
2016203927
2016100440
2016202515
2014326377
2014362717
2016202516
2013408804
2014351060
2016202519
2016202476
2014323640
2016202375
2015279883
2013406808
2014334580
2014339740
2014346655
2014334535
2016100397
2016202320
2016202318
2014371943
2016202381
2016202314
2014334536
2014340626
2014343605
2014323952
2014337089
2013402720
2016202141
2016202184
2014328493
2016202169
2014343147
2013400686
2014329354
2014355732
2016202092
2016202079
2014340583
2016202085
2013406174
2014331618
2013403409
2014322632
2014329318
2016202084
2014355109
2013407434
2016201979
2016201932
2014326655
2014325917
2016201911
2014331142
2016201903
2016201943
2016201889
2016201927
2014331622
2016201929
2014357598
2014315443
2016100314
2014357660
2014331287
2016203470
2014337469
2016201798
2016201791
2014343512
2014318053
2016201751
2013406766
2014318758
2016201674
2014312122
2016201694
2013405143
2016201699
2014317562
2014332794
2014312201
2016201658
2014321926
2016203272
2016201652
2016201619
2016201609
2014308419
2014318429
2016201530
2016201511
2014306813
2014309395
2014361948
2015219278
2016203212
2014331890
2014328501
2014381325
2016201466
2014315041
2014332765
2016202811
2013400005
2016201449
2015310161
2013399639
2014318699
2014311265
2014321416
2015306582
2016201392
2016100441
2013404555
2016201348
2016201361
2016201369
2016201265
2016201298
2014295976
2016201237
2016201247
2014342235
2014314567
2014321540
2016201254
2014339374
2016100203
2016201173
2016100201
2013399051
2016100197
2014311977
2016201151
2014318704
2014323510
2016201121
2014322123
2014293700
2016100422
2016201075
2014308836
2016100185
2016201010
2016201134
2013407276
2016201033
2014292817
2014293451
2013400936
2014323351
2014292816
2014312362
2016200909
2014305693
2016100155
2016200950
2014292812
2013398384
2016201028
2016200916
2014295870
2014310668
2016200932
2016201877
2016200938
2016200941
2016200903
2014340374
2014315246
2014290137
2014287167
2013402452
2014305676
2014308068
2014309408
2014290696
2014320037
2014308403
2013395533
2013401795
2016200776
2014325316
2014318980
2016200779
2014305230
2014328469
2014295217
2013409457
2014306424
2016100110
2014312020
2016200705
2014292520
2014304303
2016100106
2016200694
2016200669
2016200653
2016201585
2014284538
2014292809
2014331153
2014326358
2016100090
2016200622
2013401276
2015268889
2016200625
2016200597
2014295972
2013404018
2014308064
2014307974
2016200562
2016200566
2014304302
2014347797
2014284539
2016200476
2016200539
2016200510
2014302977
2014293238
2016200501
2014315423
2014284570
2016100074
2013399590
2013397219
2016200416
2016200404
2014284441
2013394153
2014311348
2013395310
2016200373
2015230473
2014287132
2014286986
2016200352
2016200387
2014311869
2014302023
2014293556
2016200331
2014324827
2016200289
2016200251
2014316299
2014349140
2014285646
2014291045
2014291253
2014309155
2014293273
2016200296
2014311657
2013400712
2014285083
2016200252
2014311658
2014280169
2013399655
2014303807
2013395166
2016200208
2014307023
2013394777
2014287580
2014308698
2016200204
2014297918
2014287883
2014284290
2014374232
2016200131
2014329037
2014290352
2014287443
2014309244
2013400142
2014286944
2016200045
2014307022
2014290556
2013399635
2016200038
2014301071
2014277306
2015282367
2014287072
2014301422
2015282370
2015282369
2014260147
2013395426
2015282364
2014275022
2014337434
2015275290
2015275297
2015275325
2014284691
2014301292
2014268297
2014284129
2015101829
2015275220
2015272007
2014302426
2014289073
2015271982
2014302613
2014278203
2014286137
2014281679
2014302666
2014347258
2015271947
2014315883
2014281604
2014311308
2016200808
2014274265
2014312359
2015101805
2013394366
2014274401
2014274394
2015101807
2014311470
2014274260
2014274294
2015268708
2014326083
2014286132
2014273811
2014274397
2014278279
2014286214
2015268645
2014289031
2015268635
2015268724
2015268593
2014278526
2013397964
2014286916
2014299161
2013397749
2014275927
2015264901
2015268603
2016200657
2015101750
2014274835
2014278303
2014263621
2013394870
2014275340
2014279956
2014262897
2015264900
2015264913
2015264921
2013392438
2014290732
2014268759
2013389030
2015264873
2014275882
2015264784
2015261736
2015261725
2014295814
2016200140
2015261734
2014302199
2015261726
2015261686
2014272654
2015261728
2015261641
2015261667
2015261693
2015261678
2014285172
2014275115
2013392104
2014260498
2015261578
2015261573
2015258332
2014290505
2015261635
2014270602
2014265979
2014340234
2014275757
2015258326
2015258264
2015101694
2014268802
2014268476
2015258215
2014295951
2014276932
2015101687
2015258201
2014274772
2015101686
2014259666
2015101674
2015101668
2013389390
2014275203
2015230660
2014253684
2015101665
2014265191
2014275396
2014253681
2015255256
2013394952
2014262997
2014269197
2015255226
2014252704
2014270647
2014265558
2015101641
2014266872
2013386843
2015255174
2015255304
2015252156
2015252151
2014263736
2015255170
2014259659
2014272057
2015252154
2014250932
2014270301
2014254276
2014297628
2015252078
2014260540
2015249179
2015268731
2014290595
2015252015
2015249145
2015249206
2015252038
2015252017
2015249104
2014263021
2014266371
2014244632
2015249107
2015249103
2015249048
2014278696
2014272286
2013385831
2015243114
2014268840
2015246113
2014290458
2015246158
2013397601
2015246056
2015246086
2015249105
2014253672
2014261044
2015243071
2014253687
2015101523
2015243029
2015243058
2014250066
2014262138
2014232300
2014247958
2014236087
2014265866
2013381695
2014250792
2015101471
2014232307
2014243710
2015242971
2014236630
2014268763
2015242966
2015242969
2014257422
2013386710
2014243706
2014235986
2014257424
2015238905
2014253880
2014227595
2014236249
2014283892
2015238797
2015238871
2014239549
2015238791
2015234330
2014255459
2014272840
2014226167
2014259887
2015101714
2014233248
2014250122
2014248003
2014294482
2014236791
2015234324
2013389649
2015234296
2014248225
2014252143
2013385753
2014251292
2014240931
2014275486
2013385924
2014253868
2014278296
2015230824
2014226326
2014250095
2014223561
2014236257
2015230734
2015230738
2014231590
2014265782
2014234955
2014228330
2014219518
2014248516
2015227419
2014229498
2014226135
2015227504
2015227528
2014229795
2015227477
2015101335
2015227417
2015252029
2014236083
2015227480
2014236646
2014235286
2014268121
2014244523
2015101571
2015227387
2014249820
2014220228
2015224465
2014241552
2014233753
2014265955
2014240544
2014237083
2015224506
2014236657
2015224531
2014240947
2015224513
2015101269
2015224477
2015238878
2014249236
2015224488
2014238181
2014228758
2014228883
2014249754
2015224511
2014249575
2014218527
2015224394
2015224395
2015224457
2014230438
2014259960
2015101224
2014223344
2014218706
2014212141
2014258790
2015224382
2015221533
2014227565
2014229097
2015221471
2014252667
2014215045
2014218801
2014229811
2015221490
2015221528
2015221442
2014227689
2015221491
2014237034
2014235244
2015221443
2015101207
2015101189
2014217435
2014270975
2014226246
2014232382
2014237292
2014231771
2013359696
2014256987
2014228160
2014229028
2014249251
2014209296
2014239990
2015218497
2014237209
2014223495
2015218476
2015218463
2015218482
2015215980
2014238336
2014210248
2015215981
2014238004
2014235447
2014244419
2015215930
2015215951
2015215972
2015218469
2015215840
2015215908
2015215958
2014209540
2014228991
2013379776
2014221154
2015215857
2015213426
2014218766
2014266127
2014222457
2014226792
2014241262
2015213354
2013377565
2015213409
2015213290
2015101110
2015213343
2013382160
2015213325
2015213299
2013373705
2015213298
2014219279
2014235296
2015213340
2015213311
2015213273
2014225896
2014241858
2014211528
2015213286
2014241829
2014258048
2015210480
2015210393
2015210392
2015210459
2015210372
2013390859
2015210412
2015101067
2014241859
2014218975
2015210368
2015210335
2014237875
2015210370
2013376332
2014216339
2013371379
2014212163
2014232168
2014229422
2014218501
2015207974
2014299312
2015207891
2015207895
2014212934
2014215034
2015207842
2014241892
2014211237
2015207829
2014377368
2014236707
2015207818
2014204151
2014296985
2015205904
2014226165
2013370672
2014378590
2015205915
2013374126
2014209022
2015205919
2014342788
2015205880
2014235569
2014207327
2015205816
2015204355
2014211527
2014248619
2013366466
2013375303
2015204331
2015204383
2014209008
2014230824
2013378208
2014214174
2014216247
2013376693
2014206651
2014214148
2014215745
2013363314
2015204275
2013383424
2014219562
2015100910
2014209089
2015203847
2014232293
2013361457
2015203858
2014207699
2015203796
2014225799
2015203826
2013354877
2013375529
2014205255
2013355504
2014203876
2013363039
2014213268
2014244380
2013377891
2013369967
2013370424
2013367893
2014205149
2013365623
2015203649
2015203588
2015203602
2015203601
2014249666
2015203574
2015100849
2012397151
2015203486
2014204064
2013348398
2015203527
2013347597
2013362583
2015203413
2014209342
2014205546
2014213135
2013368278
2015203442
2013361528
2015203381
2014208038
2015203695
2015100821
2013368280
2015203315
2013370495
2015203292
2012395506
2014242885
2014240093
2013361342
2014220480
2012398320
2013357120
2014205344
2014203890
2013397052
2013359435
2013279944
2015203225
2013359875
2014205024
2015203099
2013341302
2013348336
2014205475
2015203006
2015203263
2015203217
2013345301
2013354727
2013359597
2013374486
2013368870
2015203174
2015100722
2015100712
2014237630
2013347807
2012396233
2015202912
2015100705
2013364181
2013343577
2013375225
2015202830
2015202807
2013339559
2014238666
2013364674
2012397192
2014216588
2013341251
2014241787
2014214543
2014217798
2015202739
2013355411
2013399084
2012394979
2015202634
2015202676
2013351742
2014216456
2013346490
2014244663
2015202624
2013332956
2014263433
2015100760
2015202561
2013353432
2015202556
2013352328
2015100950
2013376245
2013341636
2013330543
2013329102
2015202509
2013346513
2015100616
2015202497
2015100611
2015202512
2013344309
2015202468
2015202420
2015100596
2015202393
2013376922
2013368486
2014216655
2015202373
2015100592
2015100595
2013368487
2013353368
2015202282
2015100593
2013338811
2013375528
2012395845
2013345015
2013338502
2013344087
2015202207
2013352851
2015202194
2013340062
2013354973
2013327373
2013344081
2013337699
2013364075
2015202153
2013347359
2015202130
2013345396
2013338291
2013361452
2015202861
2013338069
2015202089
2015202095
2015202083
2015202056
2015202073
2013353839
2013337973
2015202736
2013323100
2015202071
2015201988
2013372516
2013332490
2013340896
2015201964
2013317601
2013327397
2015202635
2012390279
2013326890
2012397797
2013334157
2013332059
2015202070
2013352568
2015202094
2015202409
2013370769
2013334809
2015201789
2013338267
2013331096
2013333213
2015201782
2013320381
2015201905
2013334808
2015100457
2013332371
2013336672
2012394943
2015201911
2015201913
2013322264
2015100444
2013329613
2013345289
2014205792
2013317822
2015201754
2012392555
2015100448
2013329319
2013334917
2015201690
2013330284
2012397833
2013335196
2015100434
2014240504
2013311582
2013325962
2015201616
2015201672
2015201634
2012392929
2013321782
2013359455
2013319356
2013331333
2015201490
2015201462
2014221415
2015201476
2013328138
2013332635
2013342143
2013305454
2013328964
2013320044
2015201439
2013325379
2015201432
2015201392
2014229302
2015201374
2013302374
2013317936
2015201623
2015100409
2013324090
2015100323
2013302377
2013317935
2013318140
2015201552
2013345596
2015201310
2015201492
2013324013
2015201551
2013344519
2013325120
2013308645
2013338258
2013324453
2015201550
2013320453
2015201513
2013384733
2013346969
2013317705
2013324246
2013374725
2015201626
2012392190
2013327960
2013319705
2013312373
2015201239
2015201149
2013336401
2013308719
2013308384
2015201272
2013346656
2013315303
2013304091
2015201108
2015201100
2015100299
2013323790
2015201185
2013323928
2013334906
2012389279
2013323956
2013341801
2013325234
2015201159
2013305769
2012391016
2013330387
2013312972
2013317764
2012391149
2015100247
2013302786
2013308495
2013293647
2013327901
2015200888
2015200905
2013304479
2013301607
2013312957
2015200870
2013296646
2013322000
2013307612
2013304823
2012388254
2013309312
2015200825
2015100193
2013339953
2013306382
2014228247
2013302897
2012388776
2013308948
2015100176
2015200730
2013330104
2013287326
2013360272
2012388842
2013302146
2015200698
2013306252
2013288720
2015200722
2015200609
2015200583
2013302701
2013301581
2015200524
2013300035
2013292564
2013304366
2013300191
2013303263
2015200585
2013302551
2013311811
2015200553
2015200501
2013311333
2013300094
2013297267
2012388775
2015200492
2013285605
2013303808
2013314401
2015100300
2013286676
2013300320
2013299528
2013341549
2013292312
2015200369
2013295838
2015200366
2013292583
2015200341
2013318521
2013296879
2013294619
2015200305
2013303968
2013295667
2013297031
2013296944
2013297006
2013395455
2015200251
2013318467
2015200253
2015200216
2013296135
2013297719
2013283570
2015200295
2013308305
2015100244
2013313239
2015200490
2013285778
2013382296
2013287309
2013291591
2013345348
2013313111
2013391863
2013279297
2013286917
2015200173
2013394858
2015100040
2013286622
2013288498
2015200105
2012382936
2013287585
2013290024
2013288832
2013290079
2013285168
2013285749
2014280960
2013288863
2012384008
2013370621
2013287481
2015200013
2013286807
2013287151
2014277835
2013270163
2013284425
2013295634
2013285221
2014101495
2012374034
2013277351
2013298280
2012383493
2013309075
2013274626
2014277756
2013290231
2014277782
2013267734
2013283173
2013309074
2013332631
2013281949
2014277652
2013284327
2014277651
2013271505
2014101473
2013299259
2013262813
2014277671
2014101461
2013278008
2014101485
2014274556
2012382968
2013276357
2012381036
2014101456
2014274639
2013285752
2013266122
2013280679
2013272941
2012385968
2013291759
2013285774
2013258865
2013275911
2013275929
2014271237
2012382065
2014271282
2012380717
2015200170
2013272943
2014101432
2013274642
2013275900
2014271232
2013275930
2015200190
2013260417
2015100031
2013272184
2014268285
2015200081
2013269769
2013272182
2013285333
2013273015
2014268284
2013269658
2014268251
2012379979
2014268249
2013262423
2014268283
2013266192
2014268207
2013272942
2015200068
2014265135
2013255677
2013281175
2014215583
2013233911
2013266187
2013270397
2014268157
2013324105
2014101398
2013288812
2013266212
2013287433
2014268158
2014265125
2012387578
2012382779
2012382947
2013252423
2012377477
2014101246
2013271432
2013318245
2013278136
2013266439
2013261272
2013282051
2013261854
2013262848
2013261843
2013255647
2014262251
2012378310
2014262277
2013263207
2013271968
2013297107
2013261845
2013261853
2014101369
2013257588
2013263411
2014262199
2013256201
2013270353
2013258866
2013265441
2013249969
2014262222
2013260235
2013256520
2014259562
2013258406
2013247390
2013266157
2013263463
2013259973
2013260210
2013266233
2014101333
2013256071
2014256393
2014259561
2013286290
2014256371
2014256418
2014101302
2013261274
2014256381
2014253536
2014253558
2014101314
2013280051
2014271277
2013249172
2013256369
2014253523
2013279748
2014253517
2013276202
2013250105
2014101296
2013244199
2013237093
2014253515
2014253485
2014101304
2013280836
2013259391
2013250182
2014253497
2013289943
2014253486
2013253132
2014250732
2014250695
2013279648
2014101269
2013237103
2013235200
2013254214
2013234827
2013245876
2013245877
2013387185
2014250620
2014250652
2014250719
2014250665
2013249375
2012380279
2013254448
2013248891
2013327774
2013243926
2014246687
2012376565
2013245870
2013245862
2013257738
2013251853
2013266636
2012376489
2014246625
2013255258
2014246624
2014246623
2012376488
2013243541
2013232671
2014240220
2013246418
2012375451
2013238104
2012375452
2013224847
2014246588
2013236919
2014240213
2012376571
2013249703
2013309452
2013246893
2013224918
2013252717
2013230230
2013253308
2014265030
2012379054
2013249189
2013246270
2012374304
2014233553
2013243711
2013258354
2013247670
2013223800
2013295854
2013251485
2014205484
2014224103
2013234705
2014101358
2013252488
2012378293
2014227509
2014227484
2013240133
2013381337
2014101135
2013229059
2014224117
2012373339
2013260212
2013255673
2014224078
2014221326
2013223816
2013242693
2013235237
2013243805
2013232183
2013244010
2012378288
2014101563
2013246125
2013232287
2013230566
2013229126
2014101070
2013228462
2013235225
2014221255
2013245742
2013219844
2014221215
2013240453
2013269845
2014218464
2013247949
2013247950
2013255048
2013227894
2014218355
2014101078
2012371253
2013224642
2014216056
2014215960
2014100960
2013222242
2014215980
2013237062
2014216035
2012365903
2013229767
2014215965
2013211002
2013225884
2013227334
2013217790
2013216791
2013217792
2014213570
2014215953
2014213547
2014100927
2012370662
2013232533
2013215749
2014213493
2014213529
2013233119
2013232536
2014100917
2013224082
2014213518
2013285662
2014210664
2014100908
2014100916
2013238848
2014210660
2014100909
2013254443
2014210627
2012365030
2013220276
2012372918
2013217470
2013213921
2014210571
2013219399
2014210651
2012375212
2013258669
2014210568
2013210955
2014207242
2014208273
2014208226
2014208324
2014208305
2013215246
2014208289
2012367933
2013214824
2013221855
2014208278
2012368308
2013234488
2013215434
2014208243
2014208239
2014101134
2013212253
2014204511
2013223875
2012370975
2014204504
2014204522
2012374019
2014206191
2013210715
2013222512
2012372484
2014204513
2013217739
2014204428
2012352151
2012367384
2014203775
2013219798
2014203774
2013235252
2012367084
2012356307
2013217210
2012370494
2014203780
2014204468
2013210989
2013219913
2013214024
2012358964
2013226551
2013208831
2014100801
2014216004
2014203730
2013209270
2014203771
2013207799
2014203699
2013212013
2014100773
2012375224
2013239341
2013240616
2014203832
2012347602
2013219914
2013228815
2012366197
2012365711
2012347953
2012376544
2012364266
2012349127
2014203501
2012345724
2014203742
2012354454
2013243255
2013207804
2013228148
2014203475
2013228834
2014203478
2014100745
2012344724
2014203596
2014203440
2013211927
2014100721
2014203463
2013207909
2012344680
2012343907
2012342079
2013216785
2014203381
2014203340
2012362913
2012347883
2012347817
2014203310
2012357732
2012358871
2012339426
2012355540
2014203291
2013210029
2012340192
2012362647
2012359080
2013219082
2012350881
2012350101
2012338330
2012337487
2014203141
2012373394
2014203153
2013350472
2012336572
2014203142
2012347504
2013217608
2013221580
2013274978
2014203119
2012346423
2014202965
2014203124
2012338422
2014203181
2011383092
2013350345
2012353027
2012364058
2012328446
2012357003
2012349701
2014202958
2014202978
2012339365
2011380953
2012340105
2012352342
2013209989
2012328856
2012340272
2012332049
2012352341
2012327574
2014100582
2012352343
2013213507
2012340235
2014202818
2012344728
2014202823
2014202816
2012336026
2014202759
2012368886
2014100524
2012345736
2013212696
2012357108
2014203515
2014202730
2014202763
2013212140
2014202751
2012325942
2014202702
2012329678
2012335750
2012339839
2012337347
2014202544
2014202659
2014202610
2014202574
2012332270
2012326218
2012345720
2012339620
2012335336
2014202526
2014202552
2012325666
2014203449
2014100477
2011381066
2012336327
2014202594
2011381034
2012337249
2013208217
2014202459
2014202388
2012320224
2012332346
2013214446
2012335887
2012334490
2012328426
2012358467
2012346010
2012374031
2012326873
2011380248
2012355641
2014202321
2012331963
2012352834
2014202250
2012330892
2012326872
2011379006
2012332567
2012323254
2014202286
2012368885
2012311977
2014202246
2012355639
2014202151
2012315500
2014202148
2014100380
2014203194
2012312455
2014202186
2014202185
2012318730
2012340003
2014203384
2012331139
2014202109
2014100385
2012349663
2012324813
2012326589
2012345070
2012287359
2012332956
2012326539
2012328924
2014202095
2012328617
2014100369
2012305688
2012377350
2012326376
2012334333
2013275770
2012322943
2012334802
2014100351
2012319376
2014100348
2014201981
2011379369
2012331631
2014201994
2011380958
2012239202
2012333231
2012364724
2012306994
2014100299
2012315941
2012315382
2014201825
2012306154
2012321147
2012316660
2011377681
2014201853
2012323244
2012329671
2012325285
2012302089
2012311291
2012304228
2012316484
2012356431
2012302021
2014201800
2012301481
2012316758
2014201752
2014201666
2012302066
2012331602
2014201713
2012316227
2014202891
2012304637
2012331601
2014100249
2012304619
2014201447
2011377379
2012313331
2014100224
2012312810
2013301054
2012335735
2012301523
2012312324
2012312452
2012299226
2014201655
2012308170
2014201619
2014100215
2014100228
2014201411
2014201444
2012299409
2014201373
2012308101
2014201219
2011361394
2014201264
2012316111
2014201254
2014201070
2014201350
2012306059
2014201005
2014201387
2014201139
2012309094
2012295133
2012301417
2014201072
2014201180
2014100190
2014201243
2012309042
2014201100
2014100183
2012302074
2012359766
2014200926
2012319335
2014201240
2012311373
2014200974
2014200877
2014201012
2014200887
2012301604
2012387975
2014200949
2014200963
2012364569
2012323150
2012301925
2014200922
2012298602
2012308087
2012301897
2012299030
2012303709
2011367653
2014200753
2012296461
2014200834
2014200745
2012300471
2012309303
2012297564
2012295044
2012295043
2012281153
2014200681
2012292466
2014200568
2014200683
2012285406
2014200670
2014200638
2012282577
2012296895
2012296936
2014200621
2014100094
2012290042
2012340868
2012285803
2012322332
2012292083
2012294770
2011376066
2013275822
2012290870
2012286906
2014200534
2014200347
2012295039
2012297583
2012282235
2012298908
2014200349
2014100052
2012271443
2012283826
2014200338
2012296566
2012319821
2012284120
2014200288
2012292187
2012292180
2012312482
2014200234
2014100037
2012311242
2012291725
2014200226
2012274080
2014200211
2012294566
2012282685
2012277130
2014200190
2014100029
2012276410
2014200155
2012299370
2011371570
2012284168
2012286480
2012325419
2012278849
2012282792
2012276477
2014200078
2013273830
2014200033
2013277000
2012303085
2013273843
2012384904
2012279438
2013101669
2012264320
2013273853
2012304904
2013273846
2012282688
2012271516
2013273832
2013273790
2012262733
2012255037
2012276363
2012275221
2012279465
2013273664
2013273731
2013273787
2013101648
2013273667
2012275151
2012264610
2012276349
2012281166
2012309049
2013264323
2012277420
2012278417
2012286140
2012276348
2012261818
2013264331
2012255716
2012278094
2012275665
2013270534
2012290572
2012256550
2012282707
2012302204
2013270532
2012273537
2014200702
2013270562
2013270552
2012272543
2011371065
2013101619
2012279345
2013270503
2014200740
2012274549
2013270489
2012268068
2012262809
2012344739
2013266972
2013267043
2012271797
2013267037
2013267071
2012262153
2012365940
2013263754
2012277671
2011373436
2013270459
2013266985
2012273357
2012260475
2013263805
2013266996
2011372537
2013263770
2013263757
2012257716
2012271835
2012259700
2011370782
2012277160
2012283100
2013266977
2012334595
2013263746
2012212128
2012292217
2013101522
2012270387
2012262351
2012292275
2012277215
2013260694
2013260659
2012262644
2013260747
2012258509
2011367429
2013260672
2012261215
2013101514
2012290777
2012290260
2012266033
2013260693
2012287175
2012277214
2012267487
2013260685
2012257925
2013260684
2012245886
2013260682
2012262128
2011368544
2012259299
2012256918
2012257496
2013257522
2011373554
2012260619
2012262829
2012262821
2012262538
2012259262
2012265822
2012249024
2013101464
2013257418
2012240570
2013254954
2012270715
2014200200
2012250765
2012245767
2013101499
2012272830
2012244830
2013251270
2012251368
2013254913
2012236833
2012247400
2011226481
2013251206
2013251241
2011369809
2013251198
2013248239
2013248253
2012251726
2012378699
2012344463
2012248149
2013248201
2013245535
2012275278
2013251201
2012245483
2012242893
2012251379
2013248175
2012261225
2012231777
2013248194
2012239847
2013242849
2013245448
2013245458
2012366229
2013101332
2012254228
2012226550
2012236861
2013242839
2012262160
2012242996
2013242852
2012245299
2013101331
2013237714
2012259235
2012225162
2013237750
2013237683
2012240088
2013237704
2013234378
2013237707
2012240136
2012374618
2013242802
2012236088
2013237639
2013234417
2012224486
2013231179
2011363943
2013237644
2012242639
2013234379
2012363091
2012230442
2012235719
2013231136
2012243644
2012239629
2013273666
2011374237
2012239630
2013231095
2013231076
2012235718
2013228045
2012230846
2013231092
2012249146
2012215865
2012232659
2013224752
2012222202
2012240732
2011363087
2013227999
2011361945
2013224673
2013101211
2013263834
2013231139
2013224660
2013224656
2013224697
2012231363
2013224653
2013101179
2012225542
2012226256
2013219208
2012223657
2013101165
2013222043
2012234407
2012236666
2012230013
2012225661
2012315093
2013224731
2013221905
2013221914
2013219176
2012233680
2013222046
2013221929
2011381553
2012217632
2012220567
2012219214
2011358544
2012231360
2011361032
2013216599
2013216675
2012215743
2013101090
2013219149
2013213721
2012234345
2013213723
2013216641
2012219371
2012219357
2012232064
2013216579
2012214168
2013213762
2012208946
2011359371
2012214744
2013213722
2012208248
2013211552
2012205443
2013219233
2012222963
2012212325
2008101320
2013101013
2012204551
2011352057
2013209354
2013101030
2013209358
2013211554
2012204223
2013211469
2012212655
2011357811
2012213637
2013209373
2011355781
2012206839
2013101014
2012207719
2013209295
2012219327
2012213128
2013209341
2012209603
2013100994
2013209298
2012310514
2013100984
2011358654
2012207616
2013207551
2013207574
2011352443
2012247877
2012214816
2013100942
2012219504
2013100954
2013206832
2013206800
2011352467
2011345535
2011360733
2011352985
2011347182
2012205813
2013100952
2012205726
2013206764
2012205076
2011345369
2013100931
2012214998
2012204477
2011348267
2011340804
2013206708
2012205031
2012207073
2011343700
2011353536
2011340561
2012206295
2013206702
2013206560
2012214260
2012205348
2011353036
2011351945
2011353873
2013206552
2013206712
2011340661
2011353550
2012215968
2013206426
2011351962
2011349702
2012346380
2011382479
2012204302
2011347057
2013206597
2012212249
2013206367
2012207577
2013206615
2013206480
2013100866
2011348121
2013206436
2013100873
2013100843
2012343352
2013100833
2011347063
2012222109
2013206433
2012291475
2011353687
2013206245
2011349750
2011352082
2013100804
2011345072
2011349686
2013100807
2011334851
2010366331
2013100799
2011355610
2011336400
2011347729
2013206134
2011338656
2013100767
2012206186
2013100748
2011323203
2011350195
2011334857
2011353862
2013100745
2013206029
2012203094
2013206064
2011330133
2013100725
2013206027
2011348483
2013100690
2013100746
2013206037
2013206028
2011343828
2011344111
2011352974
2011348061
2012333912
2013206020
2011333723
2011358172
2012233796
2010101508
2011326157
2011326430
2013205815
2013205543
2011329767
2013205791
2013205716
2011349205
2011337124
2013205692
2011324478
2011336566
2011337125
2012330496
2011311303
2013205641
2011308550
2013205418
2011312135
2011324665
2013100570
2011318993
2011327254
2011326655
2013205374
2010364305
2011326861
2013100549
2011320873
2012327241
2011329218
2011316955
2013100542
2011318595
2012325747
2011349513
2011347893
2011317582
2011320948
2011336953
2013205396
2013219227
2013216623
2013205175
2013204576
2013205210
2013205200
2012266511
2013100508
2011333519
2011320054
2013205582
2013100506
2012211130
2013205164
2011325869
2013204913
2013205174
2012327192
2013204397
2013205110
2013100482
2013204504
2012308110
2013204773
2013204380
2013205683
2013204605
2013205576
2012311097
2012304327
2011325178
2011323301
2013204667
2013204953
2013204335
2013203777
2011332443
2011352830
2013203926
2013204911
2013204725
2013204229
2012246698
2013204753
2013203623
2013203704
2013204415
2012272874
2013203981
2011319562
2013203888
2012228218
2013203947
2013204046
2011313030
2013205738
2013205334
2012223816
2013203616
2013203923
2013205333
2013203317
2013204054
2012230579
2011307614
2012321096
2013205453
2011316747
2013204104
2012327164
2012245129
2013203521
2013203918
2011316631
2013203293
2013203438
2013205219
2013203511
2013203276
2013203182
2013205347
2011314479
2011329096
2011318456
2013203412
2013203138
2012321081
2011336348
2013203246
2011308105
2011317136
2012265964
2013203277
2011340491
2011315132
2013203193
2013203014
2013202876
2013202451
2011325822
2013202956
2013202045
2013202480
2013202863
2012231004
2012217606
2012292957
2011314250
2012318240
2011378110
2013202406
2013202241
2011317052
2013202243
2013202539
2013202238
2012217621
2013100417
2012254219
2012240276
2012262658
2012275556
2013202417
2013202173
2011311815
2013202226
2013202796
2012267257
2013201931
2013202040
2012264600
2011301774
2013202043
2011308538
2012218239
2011314425
2011316682
2011335179
2011304463
2011302710
2011308814
2011313818
2012265140
2011308203
2011374206
2011301214
2013201967
2011307523
2013201726
2011335176
2011318506
2013201856
2013201755
2011308202
2013201700
2011331974
2011313407
2013201761
2013201720
2013201689
2012266891
2011295367
2013201478
2013100355
2011319493
2011293714
2011306045
2011319565
2011302083
2013201716
2011314086
2013204519
2012268411
2011366889
2013201515
2011298473
2013100294
2011326804
2013201387
2013100265
2011289734
2013201445
2011320020
2011286178
2011300248
2011299360
2011289318
2011295368
2011295988
2011294043
2011296368
2011302452
2010361584
2013201232
2011320937
2012231667
2011295936
2010359900
2011296479
2011295176
2010360798
2011291640
2013201189
2011296512
2011295787
2011295128
2013201063
2013100219
2010362462
2011283965
2013201146
2013200928
2011291790
2011291337
2013201014
2013201120
2011296953
2013201080
2013201003
2013200942
2011315024
2011290810
2013200860
2011369050
2011281877
2011311109
2012269732
2013200929
2013200907
2013200896
2011291726
2011296374
2011282276
2011290144
2013100179
2013200876
2013100173
2011289180
2013200887
2013200820
2013200851
2011291538
2011310239
2011291745
2011290808
2011296881
2011295868
2013200690
2011281587
2011288893
2011289232
2013200804
2013200730
2011293635
2013200707
2011280071
2011286379
2010358506
2013200631
2013200706
2011289162
2011280996
2012221588
2010359056
2011294860
2011275731
2011285702
2011275436
2011293191
2011281007
2011281245
2011280409
2013200623
2013200461
2013200593
2011286831
2013200524
2011279329
2011293083
2011285425
2011285426
2011282758
2011307516
2011282997
2011276637
2013100049
2013200346
2011282501
2011296956
2010355793
2011307517
2011270746
2011274680
2011284806
2013200325
2011278285
2011269680
2011273199
2013200162
2013200284
2013200201
2011267799
2011281789
2011274709
2013200136
2011266699
2011275591
2011269743
2013200172
2011282703
2011312756
2011266778
2013200154
2013100031
2011269244
2011270283
2011264311
2011274219
2011337055
2012268882
2011278290
2013200053
2012101878
2012275032
2011314335
2011280828
2011322042
2011272193
2011267964
2011280836
2013200036
2012268832
2011268130
2011256772
2012265560
2011264953
2011279373
2011287709
2012265610
2011265835
2012275038
2011271058
2011264338
2012261747
2012261715
2011272312
2012261707
2011271507
2011268412
2011266830
2011257982
2012221587
2011282835
2012264349
2012261650
2012261635
2012101771
2011257582
2011271218
2012261656
2011276229
2012261510
2011269990
2011259445
2011258152
2012261614
2011255654
2012261518
2012258448
2012258388
2011271581
2011262523
2012261640
2012258495
2011259939
2011267957
2011261455
2011269746
2011268205
2011260369
2012258394
2012101696
2012101672
2011257832
2011256808
2011265655
2012258497
2011261646
2011241273
2011249087
2012254887
2011259584
2012261544
2011251860
2011241482
2011262550
2011255568
2010352827
2012247062
2011264921
2011274249
2011259889
2011253227
2011247915
2011237411
2011257210
2011252751
2012247048
2012245178
2011246292
2012247022
2012245184
2012254886
2012245181
2012244320
2012244392
2012247016
2011247703
2010351928
2011240803
2010352586
2011246184
2012244333
2012244367
2011253325
2011258972
2011245475
2012244231
2011235585
2011257428
2011245620
2010352668
2012244220
2010352625
2012244233
2012244389
2010352071
2011241885
2011241884
2012244209
2011247331
2012244144
2010350746
2012244107
2011241810
2012244087
2011236589
2010352068
2011245251
2011234772
2012244081
2012244062
2011238430
2012241159
2011245059
2012241172
2011289500
2011240640
2012241099
2011239616
2012241098
2012244113
2011240239
2012241097
2012241067
2012241085
2011241283
2011226700
2011239422
2012238301
2011239421
2011241284
2011251682
2012238239
2011234396
2011258643
2011236802
2012232983
2012238200
2011241708
2011246790
2012101514
2012227364
2011224345
2011268050
2011243126
2012232992
2011227110
2011234084
2011235267
2011240585
2011239621
2012233056
2011239748
2012227342
2011249011
2011268689
2011237442
2012101469
2011223488
2011261584
2012227295
2011232339
2010350058
2012227294
2011222418
2012227328
2012227218
2012227190
2012227155
2011243467
2012227160
2011228704
2012227248
2011237869
2011219839
2012227239
2011219835
2012227215
2011232577
2012216842
2012216814
2011228701
2011246490
2011237715
2012216790
2011228702
2012101410
2012216546
2010347838
2011240962
2011215721
2011239401
2011245430
2010347764
2011215301
2011323574
2011264813
2010349140
2012101341
2011224691
2011214864
2011219699
2012216689
2012216739
2012216693
2011226242
2012216585
2011258474
2011219829
2011219918
2012216455
2012216592
2011227094
2012216466
2011227505
2011223674
2011218848
2012216366
2012216363
2010345888
2011232306
2012216393
2011243009
2010347707
2011238587
2010346692
2012216421
2011223585
2012101270
2012216248
2011218433
2012216321
2012216260
2012216264
2012216258
2011209729
2012261701
2011207544
2011218215
2011211681
2011215191
2012213939
2011214925
2011210732
2012101196
2012213975
2012211489
2010340308
2011222943
2012211425
2012211435
2012211364
2012101210
2011213254
2012211342
2011215835
2012101185
2012101188
2011223776
2012208991
2012211341
2012101191
2012211357
2012101138
2011212233
2011215561
2011212878
2012211372
2012208987
2010345902
2010207022
2011213205
2012207024
2012101186
2010339648
2011205243
2011212997
2012206977
2011222946
2012205282
2012205224
2010353170
2011206677
2011224637
2011210153
2012205171
2011204185
2011209599
2011206670
2010338773
2011206675
2010325268
2012204104
2010325269
2011210870
2010337356
2010340370
2010339636
2011203884
2011213143
2011205560
2011207549
2012204040
2010366273
2010328407
2012204019
2011207859
2011204270
2011247001
2010340585
2011203816
2012203841
2012203809
2010365400
2011333090
2012203903
2012203848
2012203830
2010335160
2011207649
2010326008
2011209906
2010332934
2010325161
2012203811
2012203757
2010347004
2010332069
2010337128
2010335058
2010337071
2012203791
2010337102
2010336217
2011221678
2010334249
2012203637
2010333769
2011224955
2010339468
2012203657
2012203635
2012100963
2010341482
2010324843
2010328471
2012203569
2010333099
2010335392
2012203541
2011209719
2012203374
2011274307
2010340048
2010343200
2010333484
2012203410
2010339708
2010328469
2012203309
2009357325
2010336515
2012100888
2012203333
2011203835
2012203332
2010312384
2010327599
2012203311
2010344879
2010334367
2012203285
2012100803
2010326708
2012203157
2012203270
2011309301
2010319285
2012203140
2012203160
2010335257
2012203158
2012203145
2012203642
2010315698
2012203121
2010329814
2010347783
2012203060
2012100749
2012203105
2010332171
2012100755
2010313045
2011245898
2010317253
2010321416
2012216436
2012216253
2010313758
2012202929
2010326176
2012216394
2010321557
2012203074
2010336498
2010325803
2012100623
2010321854
2010317579
2012202817
2012202887
2012202909
2012202738
2010320668
2009355571
2012202846
2010324772
2012202920
2011294440
2010310836
2012202833
2010306593
2010309898
2012202680
2012203560
2012202678
2010337133
2010328145
2010304077
2011214895
2012202666
2012202638
2012202508
2012202698
2010319926
2010311871
2012202619
2010309867
2012202458
2012202493
2010297988
2012202740
2010312616
2012202545
2012202468
2010336998
2012100460
2010315367
2010313857
2012202394
2010305311
2010313867
2010308380
2012202371
2010319876
2010319344
2010310978
2012202358
2010314008
2012100470
2010318858
2012203109
2010316203
2010328635
2010308623
2012202258
2010316008
2010310816
2010319715
2010262617
2012202280
2010315106
2010340864
2012100445
2010305717
2012202352
2010319783
2010312811
2010295060
2010308414
2012202257
2010306926
2012100419
2010310877
2010299670
2010311837
2012202140
2012203527
2012202096
2010310769
2010295245
2010306993
2012202208
2010304681
2010303830
2012202261
2010315302
2010318605
2012202080
2012201825
2010319758
2012201945
2010292973
2010303984
2010292991
2010300297
2012201986
2010332157
2010352626
2010307479
2010296186
2012100323
2010303058
2012202127
2011235612
2010308296
2010296087
2010286330
2009351638
2012201765
2010305986
2012201529
2010300532
2010295468
2012201632
2010300767
2012201655
2010304098
2010318814
2010298499
2010295239
2009354543
2010295574
2012201487
2010286183
2010311357
2010306911
2009290591
2010286320
2012201377
2010305529
2010292319
2010292681
2010295510
2010282519
2012201405
2012201495
2012201518
2012201441
2012201439
2010307519
2012201353
2010288520
2010278974
2010306903
2009351013
2010295293
2012201384
2010313417
2010301029
2010290255
2012201317
2010278977
2010295016
2012201282
2010289343
2012202906
2010290085
2012100202
2010283565
2012201004
2010290006
2012201145
2010295202
2012201114
2010282211
2012201091
2010277256
2010290941
2010284044
2010294914
2010284785
2010280078
2012100252
2009352636
2012200884
2010291045
2010295547
2012100212
2010283277
2012200704
2010273144
2010282293
2010282394
2012200701
2009350015
2012200897
2010289936
2012200662
2010290258
2010301924
2009350468
2012200667
2010282204
2012200635
2012200605
2010286626
2010282895
2010308373
2010280527
2012100122
2009270035
2012200593
2012200609
2010282792
2010271531
2010281501
2010285760
2010303079
2010273900
2010286903
2012200431
2012200541
2010298650
2010279418
2010289874
2010285975
2010277788
2010281441
2010292758
2010264439
2010281480
2012100059
2012200436
2009351922
2010264736
2010272769
2010265954
2010282784
2010285518
2010297160
2010273870
2008314491
2008101289
2010263705
2010279034
2010302368
2010280511
2010264199
2012100042
2012100078
2010273372
2012200089
2012100026
2012200160
2010256367
2012200035
2012200021
2012200053
2012200003
2012200054
2011265560
2012200032
2012200023
2010263301
2011265514
2010268589
2010264023
2010266785
2010295890
2012200013
2010267639
2010305313
2010251852
2010270225
2011265485
2011265503
2011265365
2010284736
2009348925
2010273723
2010284795
2010261281
2011259844
2010301898
2009348012
2010265593
2010272153
2010250536
2010258637
2010248074
2010262396
2011256908
2011265310
2009348180
2011265323
2010252589
2010250871
2010273837
2010265451
2009347929
2011253986
2009347207
2011253880
2010286917
2010246895
2010261112
2009347686
2010257039
2011253945
2010271300
2010257734
2011253943
2010249557
2011253897
2009351552
2010300774
2011253867
2010249823
2010261246
2011253863
2010285492
2009348260
2010260479
2010256311
2010260996
2011253859
2011253829
2009348334
2010257023
2010256525
2011253786
2010254797
2010256524
2010298113
2011253738
2010283370
2011101580
2010338867
2010250978
2011253711
2011253641
2010242474
2010252545
2011101540
2011253667
2011101538
2010248381
2010257770
2010257534
2010256700
2011250809
2010240822
2010244906
2011253537
2010243635
2010249464
2011250876
2010270951
2010251606
2011250758
2011101463
2011250690
2010236299
2010249499
2010353299
2010251821
2010271021
2010265281
2009350650
2010244468
2010247731
2010253536
2010242668
2011247830
2011250689
2011250682
2011101494
2011247883
2010242811
2010263086
2011101433
2010249496
2011247825
2010260108
2010248978
2011244955
2011244952
2011244950
2011244957
2010244726
2010256742
2010240686
2011244901
2011244951
2012200540
2011244907
2009348428
2010242666
2011247865
2010242814
2010236742
2010239469
2011239288
2011101384
2010229774
2010240680
2010234341
2010228130
2011101348
2011236087
2010245961
2010239134
2011244953
2010234503
2010241936
2010238652
2011236123
2010236274
2011236109
2010251766
2010234204
2010245310
2010235141
2010226584
2009342312
2010229089
2010235002
2011239305
2010223826
2010235318
2011235937
2009342005
2010239688
2011232805
2010268998
2010236897
2009344148
2010230205
2010246208
2011101283
2010243717
2010237182
2011226820
2010234774
2010231947
2010233864
2011226922
2011226834
2010238610
2010230849
2011226970
2011226888
2010248039
2010234371
2009342259
2011224140
2011224147
2010234909
2010236800
2010215876
2011218351
2010228936
2010236359
2010231946
2011224124
2011224018
2010263801
2010230823
2010228119
2010235057
2011223995
2010217061
2010217516
2011221405
2010224034
2010215135
2010230512
2010208065
2011218782
2010217154
2010224629
2011218778
2011216272
2010227277
2009339916
2010218474
2010210771
2010215268
2010216184
2011101085
2010218507
2010210766
2010208557
2010219752
2011213829
2010207020
2010260197
2010205493
2011211382
2010253894
2010207508
2010208316
2010232612
2010215088
2011101040
2010208317
2009337001
2010208547
2011213746
2010226678
2010213767
2010208546
2011211360
2011101013
2010209629
2011205181
2011211342
2011101005
2010213866
2010207975
2011211350
2011204967
2011205191
2010210404
2010206229
2010209872
2009335668
2011205078
2010216271
2011100912
2010210169
2010205509
2011100951
2010208276
2010208133
2011204867
2010206843
2010206571
2011205143
2011204800
2009338410
2009339193
2009334496
2010208737
2010212007
2010206960
2011203569
2009201537
2011204813
2010204891
2011100877
2010207826
2009327362
2008365164
2011203577
2011247876
2011203492
2010204906
2010206709
2010242684
2009325912
2009339343
2011100807
2011203265
2010203497
2011203129
2009338831
2011203320
2010209627
2011203267
2009334495
2009336355
2009333461
2006269327
2011203159
2009332281
2009322556
2011203079
2011203158
2011203113
2009329674
2011203051
2011202973
2009327266
2010209664
2009330691
2009333790
2011100781
2009325082
2011203080
2009329470
2009327365
2009337192
2011202840
2009328875
2010207543
2010203924
2009329934
2009329280
2010253220
2011202836
2011202837
2009344837
2009324800
2011202838
2011202743
2009329868
2011202785
2009326201
2009334741
2011202653
2011202569
2011202595
2011202736
2009313736
2009335975
2011202715
2011202446
2009333362
2009325052
2011202532
2009316427
2009329902
2009324951
2009324085
2009324883
2009321475
2011202458
2009324613
2011202315
2009326809
2011202270
2009316210
2009331941
2011202291
2011202413
2009325377
2009305760
2011202296
2009312609
2011202223
2009325981
2009305103
2011202316
2009308063
2011202228
2009314308
2009313781
2009314226
2009310025
2009314488
2009308442
2009310907
2011202063
2009322598
2011202042
2009327432
2009303298
2009312069
2011201986
2009322441
2009340463
2011201992
2009305745
2011201987
2009321691
2011201964
2011201993
2009320119
2011201956
2009309329
2009313114
2009320098
2009332958
2009299613
2009296796
2009322286
2011100465
2009295963
2009296413
2011201791
2011201686
2011201763
2009293027
2009301745
2011201802
2009303643
2008363225
2009297512
2009297511
2009294302
2009297514
2008362914
2009302408
2009298559
2009298638
2009301425
2009299530
2009292646
2011201565
2009292966
2009286065
2009302654
2011201535
2009296822
2011201514
2009304711
2009296658
2009302625
2009296435
2009299828
2011201693
2009308372
2008362603
2011100338
2009302470
2009299110
2009292922
2009299589
2011201314
2011201312
2009295791
2011204843
2009295702
2009292911
2009320336
2009332075
2009298411
2011201196
2009297145
2009299856
2009302966
2011100310
2011100769
2009284938
2009300320
2009293380
2009327864
2011100312
2009308007
2009294781
2011201128
2009294780
2009281555
2009294779
2009291915
2009298598
2009302845
2009279802
2011100237
2009299020
2011200949
2009283500
2009290143
2009282041
2009289253
2009289609
2009313885
2008361245
2009311136
2011200859
2011100243
2009273626
2009291708
2009286054
2011100242
2011200795
2011100218
2011200817
2009307827
2011200911
2011200752
2011200737
2009282933
2009293136
2009285606
2009283121
2011200593
2011200753
2009287019
2009279764
2008360743
2009283027
2011100185
2011200681
2011200702
2011200646
2009293536
2009281762
2009285891
2009285726
2011100165
2009279893
2009285737
2009280381
2011200479
2009282593
2011200427
2011200699
2009267796
2011200413
2011100161
2011200478
2009279927
2009267459
2009276631
2011100114
2011200348
2009332433
2009299544
2009296783
2011200372
2009282265
2009266389
2011200254
2009279430
2009279431
2009271295
2009281883
2009264457
2011200346
2009282050
2011200238
2009282177
2009267468
2011200159
2009282175
2011200474
2009310932
2009261230
2011200152
2009261121
2009271666
2011200050
2009273706
2009270759
2011100025
2009269753
2009278932
2011200023
2009272283
2009251310
2009282712
2009267460
2009269037
2011200074
2011200129
2011101102
2009262843
2009260005
2011200098
2009271025
2009267467
2009279724
2009266333
2010257445
2009282998
2010257377
2010101439
2010257438
2009293583
2009253719
2009262038
2009296695
2010101427
2009268964
2010257289
2009271497
2009270324
2010253487
2009265036
2010249316
2010257250
2009248992
2009263929
2009273858
2009267226
2010257301
2009292004
2010249319
2009278677
2009266922
2010249249
2010257227
2010257236
2009271261
2010249243
2009254550
2009260120
2008358025
2009268971
2010246486
2010249158
2009256413
2010249155
2009262110
2009268073
2010249198
2010101387
2009262137
2010101386
2010101336
2009248360
2009252934
2010249186
2010246516
2009260486
2009260596
2010246466
2009249319
2009255482
2009252932
2009259875
2009279767
2009248794
2009269689
2009246917
2009281584
2009246955
2009269978
2009259878
2009254903
2009276851
2009262122
2009266334
2009246403
2008356856
2009255752
2010241484
2010241433
2009257561
2009249382
2010101257
2010241515
2010241435
2009271877
2009246177
2009244391
2009265275
2008355092
2010257332
2009247992
2008356223
2009239469
2009262925
2010231805
2009239362
2009244432
2009237401
2009244974
2010241256
2010241300
2009241749
2009240945
2009255484
2008357313
2009241693
2010101481
2009231660
2009247925
2010241241
2009230878
2009241407
2009239018
2009240780
2010241476
2009243169
2009228012
2010241260
2010236053
2009241909
2010238544
2009292864
2010236080
2009228091
2009256278
2009257601
2009243993
2009241694
2009233540
2009243805
2010246464
2009240329
2010235968
2008355121
2009238519
2008355388
2008355757
2009236553
2009251576
2009243042
2009246432
2009220707
2010101117
2009255518
2008354992
2010227015
2010227108
2009234176
2009233848
2009240917
2010227097
2009231200
2009240640
2009223600
2009223616
2008354445
2009238677
2010224460
2010226889
2009236052
2010227002
2009233897
2009251572
2009251577
2009261058
2009220341
2009236273
2009231877
2009228179
2009225065
2008357164
2009342169
2010224455
2009267486
2008357715
2009228014
2009287226
2009225436
2009225899
2010101039
2009219682
2009215252
2009229344
2009251571
2010224368
2009226102
2009240646
2009231790
2010219432
2010221789
2009221973
2010219373
2010224306
2009229913
2009231819
2009228523
2009221211
2010219416
2009231823
2009249165
2009223127
2010219309
2010219290
2009226643
2010219310
2009219057
2009225669
2009223125
2009221628
2009233486
2009228467
2009101340
2010221799
2009214838
2010212491
2009219228
2009215993
2010212401
2009217331
2010100901
2010212251
2009229119
2008350278
2009213839
2010100885
2010212370
2010212304
2010207754
2009204922
2010212247
2008352059
2009206686
2010100865
2009217568
2008361614
2009221989
2009204276
2008349495
2010206068
2010206088
2009210637
2009218925
2010100839
2009210188
2009228804
2008349779
2009204512
2009209066
2008344956
2009212733
2010206022
2009209693
2008349429
2009206598
2010253489
2009249068
2009212368
2009209231
2009208710
2009221462
2010203126
2010203039
2010203137
2010203091
2009206308
2008340914
2009206856
2008344241
2009206010
2010203066
2009208012
2009214659
2009212482
2010202903
2008345032
2009205544
2009215069
2009205547
2008346632
2009203914
2007362967
2010202973
2009204460
2010202912
2010202769
2009207774
2009210552
2008346831
2010202727
2009210474
2008353573
2008349586
2008341770
2009205718
2009203870
2009324266
2009208906
2010202632
2009324269
2009209444
2010202952
2009209249
2009226802
2008344134
2009205313
2010202555
2008345574
2010100667
2010202647
2008343942
2008335089
2010202535
2009208949
2009203967
2010100644
2009227268
2009208734
2009204502
2008345706
2009209844
2008335637
2008341115
2009210594
2008352940
2010202573
2008335217
2008338278
2010202493
2008344972
2008347051
2010202485
2008348343
2008343068
2008336329
2010202382
2010202323
2008338195
2009267798
2010202381
2010100571
2008324213
2009215759
2008323688
2008338485
2008332708
2010212482
2010100543
2009267791
2008338888
2008324777
2008337332
2010202215
2010202178
2009240495
2008344132
2008344073
2010202239
2008362348
2008334638
2010202163
2010202186
2008319307
2008331550
2010202184
2008331300
2008333825
2010202143
2008328876
2008329805
2009206038
2008333417
2010202070
2008320070
2009219287
2010202038
2008343330
2008318260
2008317341
2008349714
2008322510
2010202082
2010202109
2010202046
2010100492
2008318296
2008326957
2010202005
2008346319
2008322574
2008316230
2008319921
2008321258
2010201948
2008321156
2010201962
2009223396
2008326228
2009266361
2010201953
2008334324
2008321223
2008338454
2008317727
2008312715
2008318749
2010201810
2010201738
2010201717
2010201734
2008316620
2010201796
2008345112
2010201718
2010100399
2008318844
2009210660
2008321257
2008318792
2008319111
2008329813
2008316696
2008322796
2008322755
2008322556
2008331941
2009207898
2008323933
2008316617
2008321288
2008318903
2008315720
2008303276
2008318774
2010201923
2008304516
2008299811
2008325305
2008311377
2008311850
2008312427
2008312423
2008305539
2008299576
2008318143
2008311920
2008349778
2010201577
2008309313
2010201548
2010201422
2008312357
2008307670
2008308184
2008294452
2010201396
2008311025
2008311101
2008297726
2008307828
2008355960
2007361004
2008294388
2010201386
2008311306
2010201231
2008309078
2008312198
2009232922
2008329888
2008307505
2010100276
2008304363
2008308876
2008309106
2008343457
2010201071
2008301641
2008299022
2010200997
2010200963
2008295461
2008335255
2008302071
2008288742
2008304306
2008308750
2008326956
2010100226
2010100229
2008302462
2010100225
2008325154
2008299985
2008317008
2010200907
2007359104
2008287624
2008288900
2008304500
2008294649
2008295723
2010100162
2008296445
2008284919
2008327506
2008293060
2010200840
2008286988
2007361787
2008279079
2008320275
2008308745
2008302144
2008299029
2010100159
2008296071
2008292181
2008304051
2010200657
2008298725
2010200639
2008298465
2008287364
2010200604
2008298891
2007356968
2008289307
2008284273
2010200603
2010200482
2008294687
2008291469
2008314526
2008287803
2010200478
2008279685
2008293411
2008289182
2008283934
2008304273
2008289293
2008295501
2008327139
2008288890
2008289212
2008280929
2010100086
2008289174
2010200349
2010200592
2008288790
2008289252
2008290482
2008281483
2008289177
2008290576
2008289251
2008286218
2007357796
2010200245
2008269152
2008281625
2008279001
2008285463
2008286999
2008303007
2008267750
2008277579
2008276072
2008285343
2008282341
2010200103
2010200143
2008281629
2010200147
2010200138
2008282367
2008265939
2010200146
2008282232
2010200106
2008287008
2010200126
2008318397
2008276617
2008302643
2008279024
2008275178
2008279217
2010200041
2010200101
2008268326
2008261618
2008283739
2008289837
2008279219
2008261680
2008283851
2008265960
2009251112
2008262058
2008264553
2008270503
2008279318
2008267838
2010200010
2007356359
2008275886
2009227944
2008279021
2008255571
2009101331
2008262341
2008356846
2008265175
2008268549
2009101293
2008304180
2008260261
2009251161
2009101300
2008251801
2009250993
2007355223
2008265136
2008261691
2007354841
2009248420
2009248421
2009250954
2008265813
2010201105
2008265232
2009250995
2008265260
2008271189
2008258222
2009250973
2008256473
2008251021
2008258910
2008270909
2008259834
2008259976
2008258849
2009240855
2008270802
2008269815
2009240847
2007354506
2008256605
2008261403
2008259989
2008245415
2008260429
2009245818
2009243428
2008255374
2008276971
2008254127
2008265970
2009238377
2008258343
2008260024
2008260135
2008254712
2008259934
2008274979
2008260584
2008247343
2008262100
2008250579
2008261025
2008239613
2007352852
2008251904
2009238286
2010200506
2009238232
2008237876
2009238254
2008254567
2008248616
2009236001
2008289290
2007354783
2007356091
2008240151
2008267548
2008247754
2008260168
2008240217
2008243406
2009233631
2007354390
2008235440
2008252765
2008240498
2008247347
2009233592
2008254682
2008247579
2008256759
2009233606
2008245478
2008259432
2008245594
2008245708
2008255039
2008241689
2008276398
2008244492
2008244493
2008248166
2008268245
2009227851
2008242610
2008245873
2009227891
2008244495
2008242910
2008243003
2008245884
2008247204
2008242623
2009225355
2008242567
2008247853
2008242838
2008248990
2008227086
2009225292
2009227553
2009250999
2008242924
2008242664
2008241406
2008223213
2008251397
2008231291
2008232435
2008243017
2009222438
2009222508
2009222502
2008230483
2009217462
2009222463
2008266775
2007349698
2008217539
2008237509
2009217481
2008239516
2008227640
2009213052
2008236148
2009217479
2008231968
2008237266
2009100985
2008243894
2008229318
2008265537
2008227120
2008218929
2009213081
2009213096
2008223015
2008247357
2008226975
2008230783
2008229200
2008230813
2009212998
2008226843
2009213009
2008207752
2008222933
2008218571
2008222794
2009212784
2008219422
2008218716
2009212921
2008228728
2008228734
2008256528
2008214616
2008215124
2008214271
2009210419
2008215125
2009208103
2008225060
2008204723
2007346898
2009203194
2009100832
2008213152
2008220074
2008205624
2008214411
2008222724
2009203189
2008216874
2008233287
2008204849
2007345674
2007351403
2007335142
2009100760
2008211136
2007337189
2007341952
2008213753
2009202919
2009202881
2008205134
2009202830
2007344053
2007339916
2008216116
2008216396
2008203628
2009100689
2008204838
2007343809
2009202884
2008209180
2007339976
2008206044
2008205597
2009100636
2009202849
2008205368
2008213995
2008210412
2008213946
2008213901
2008213964
2007342344
2009202540
2008209879
2007340727
2008213966
2007335264
2009202714
2007340045
2009202579
2007353816
2009202522
2008205061
2008212453
2009202483
2007341930
2007338938
2007323838
2007320301
2009202592
2007342864
2009202531
2009100561
2007327815
2009100621
2007331292
2009202285
2009202459
2009202612
2009202442
2007342468
2008204768
2007328246
2007321713
2006352573
2009202309
2007333220
2007329622
2007339479
2007321656
2007317562
2007341280
2009202242
2008288699
2007327086
2009202101
2007332378
2006350553
2009100530
2009202120
2007333518
2009100506
2007325096
2007324694
2009201991
2009100476
2009100477
2009201911
2008279972
2007321889
2008279973
2007328233
2007318658
2009202014
2007312942
2009202042
2007323923
2009201909
2007320794
2009201966
2007323863
2007305739
2007342196
2009100430
2008250711
2008309895
2009100400
2007323931
2009201851
2007326668
2007318506
2006349183
2007320051
2008213439
2009201614
2007318106
2007319632
2008230402
2007309759
2007323794
2007318080
2007327566
2009201637
2007329748
2007324107
2009201602
2009201522
2007302566
2008226410
2007317574
2007302051
2007317375
2009201510
2007298724
2007299915
2009201595
2008311740
2007313193
2007340273
2007311476
2009201386
2007312598
2007306966
2007317699
2007308605
2007301252
2006349035
2007307013
2006348443
2007302744
2007314986
2007305305
2009100325
2007296451
2007319651
2007305370
2007312898
2007305304
2007325237
2007312253
2009235991
2007305432
2007306432
2007299571
2007313442
2007306874
2009100288
2007290358
2009201398
2007294455
2007290894
2007300472
2009100259
2007299918
2007304736
2007299896
2009201166
2009201170
2007313960
2009100573
2007297676
2007305615
2009201191
2007311186
2007295170
2007299321
2007294766
2009201096
2007296511
2009100216
2007306312
2007303199
2009200932
2009201048
2007287420
2007293383
2007288991
2007299846
2007300233
2007281755
2009200890
2007294526
2007288600
2007300403
2009100198
2007309021
2009200873
2007333678
2007292910
2007278760
2007292418
2007292516
2007288324
2007292554
2006346817
2007293812
2008210260
2007288429
2007357664
2007312597
2007292528
2007292498
2009200742
2009200752
2007295939
2009200687
2007288318
2009200660
2007288602
2007293764
2009200619
2008251610
2009200636
2007283465
2007299680
2007311287
2009200590
2007272300
2007271719
2007283444
2009200468
2007286404
2007351658
2007281076
2007308828
2007276776
2007284378
2007271671
2008286250
2009200407
2009200459
2007281736
2009200525
2007286146
2007277122
2007275785
2007281584
2007278482
2007275950
2007262797
2007276715
2007269654
2007265391
2007256579
2007264420
2007272434
2007278425
2009200200
2007278327
2007274111
2007286480
2007278728
2009200120
2008264232
2007261551
2007258455
2007257848
2008264228
2007285406
2007260405
2007275410
2008264237
2007276093
2008264235
2007259456
2007275431
2007272728
2008264175
2007268370
2007258867
2007255598
2007261342
2007275382
2008258177
2007266766
2008255227
2007255019
2008101207
2007249805
2007263732
2007264175
2008259730
2007253613
2008269925
2008255155
2007258511
2008101175
2008249181
2008249232
2006344163
2007265326
2007247783
2008261187
2008249516
2007256720
2006346021
2007250113
2008249192
2007272030
2008249178
2007281912
2007262746
2008255212
2007262658
2007267992
2007256833
2007241972
2007253450
2007268369
2008246236
2008246264
2007258107
2007266304
2008243232
2008243256
2007266310
2007251560
2006343641
2007243575
2008246242
2008243230
2007243633
2007250514
2006342800
2008243096
2007282168
2008243213
2007242731
2008243197
2008243155
2008246243
2007245421
2007243143
2007235644
2007250077
2008243200
2007244649
2007254088
2007240455
2007265051
2007267133
2007243839
2007247081
2007243074
2007253766
2008229991
2008229975
2007251717
2008229970
2007227704
2007238780
2007238392
2007238859
2006343882
2006341656
2006341445
2008229816
2008100980
2007234789
2007227590
2007233631
2007254482
2007222991
2007243106
2008229676
2007243079
2006340378
2007233560
2008229684
2007227000
2008221600
2007247423
2007314584
2007240690
2007275515
2007233676
2007229606
2007231156
2007217192
2008221588
2007241125
2007239565
2007235089
2007229531
2008100928
2008227081
2008212670
2007229846
2008252069
2007318482
2007224085
2008221539
2008216966
2007300810
2006341476
2008215231
2008216983
2007322487
2007322488
2008216994
2006343377
2007221086
2008212267
2007218443
2007221158
2008216964
2008207587
2008207498
2007220303
2007220299
2008207518
2008212040
2007224160
2007284987
2008207617
2008207458
2007290835
2007223408
2007222105
2008207374
2007225334
2007208055
2008207448
2007220893
2007254461
2008207650
2008203853
2008205439
2007228618
2007220298
2006351585
2008207382
2006338233
2008205425
2007227291
2008205449
2007224297
2008203424
2008203796
2008203454
2007217884
2007242646
2007215136
2006348554
2007210026
2007215469
2007239055
2008203525
2006332714
2008230069
2008100729
2007238489
2008203261
2007212967
2007208167
2007209869
2008203211
2007210079
2008100690
2008203455
2007208334
2007207849
2008203198
2006328018
2008203328
2008203132
2007225420
2006331305
2007279394
2006331425
2007245098
2008203325
2006331555
2006328804
2006328011
2006332469
2008202983
2006337044
2006336816
2007213238
2007212845
2006335675
2008203058
2006323470
2007206964
2006335104
2007212811
2007206167
2007247009
2006335047
2007217986
2006336088
2006320275
2006323443
2008202918
2007204333
2006332553
2006326465
2007208310
2006334425
2008202861
2007205840
2006332827
2007205175
2006334002
2007205007
2008100565
2008229885
2008202800
2008202870
2008202678
2006330852
2006315070
2006315629
2006315834
2008202771
2006330465
2007205227
2006335287
2006333402
2005339102
2006333453
2006315617
2008202338
2008202508
2007291927
2006325555
2006321928
2006327816
2006333371
2008202469
2007211042
2008100502
2006312456
2006333559
2005339252
2007207898
2008202612
2006318395
2007206195
2006307919
2006315927
2006317688
2006311556
2006331285
2006309408
2006312996
2006323227
2006315835
2008202112
2006315321
2006332626
2006299819
2008202215
2006340286
2006308508
2008201981
2006305701
2006317657
2008201943
2006312164
2006311709
2006306643
2006309026
2005337891
2005337489
2006304655
2006297406
2006297061
2008100376
2005338333
2006304933
2006313021
2006326213
2006316337
2006317920
2006305623
2006304783
2006290272
2006318892
2006306010
2006306457
2006310608
2006327196
2008201897
2006300903
2006318813
2006300101
2006300102
2006346031
2008201680
2006300103
2008201570
2005338010
2005337361
2006302908
2006315666
2006301864
2005337411
2006302497
2006301022
2008201536
2007297341
2008202710
2008201520
2006300826
2008201530
2008201571
2006299406
2006306720
2006292252
2006298739
2008100281
2006299612
2006302447
2006302674
2006333374
2006294654
2006299492
2006306523
2006294621
2006294662
2006304057
2006287872
2006295024
2006247618
2006296557
2006288843
2006292540
2006291347
2006302549
2006283733
2008201145
2008201158
2006281625
2006283905
2006303692
2006292679
2006281928
2006308232
2008201143
2006280225
2008201508
2006286390
2006281012
2006287156
2006295193
2008201287
2006292024
2006282762
2006285161
2006284577
2006291689
2006292699
2006287351
2008100174
2006287606
2006287364
2006282934
2006293290
2006284908
2006287610
2005336604
2006336351
2006283569
2006284544
2005336068
2006273940
2006272766
2006290220
2006283647
2006287856
2006277025
2006283616
2008100116
2006280450
2006268017
2006279867
2008200669
2008200542
2008200801
2006275298
2005335548
2005334879
2006279742
2006291528
2005296362
2008200457
2006273032
2006294425
2006278639
2006263411
2006285538
2008200382
2006261671
2006264689
2006282187
2006265815
2006269494
2006272721
2008200426
2008100075
2008100084
2005334092
2006271125
2006270382
2006272127
2006272626
2008200110
2006276217
2008200223
2006261107
2006262125
2006270355
2007222811
2006268158
2006262046
2006270063
2006266579
2006254712
2008200143
2006268487
2007254667
2007254597
2006263436
2006275665
2005333761
2005335054
2006266382
2008200048
2006272486
2006256758
2006268246
2006259831
2006262987
2006256757
2006280598
2006259463
2006269267
2006268773
2006257026
2007254623
2006254192
2005332039
2007249117
2006262810
2006261620
2006256054
2006259464
2006251656
2007249106
2006259226
2006259698
2007249064
2006258331
2006245680
2006246319
2006256300
2007240214
2006285226
2007240231
2006246297
2006248710
2007242945
2006260477
2006248151
2006262221
2006330069
2007101151
2006255662
2006259557
2007237343
2007101137
2006255843
2006254727
2007237227
2007237271
2006279868
2006262611
2006335943
2006261712
2006263687
2006249868
2007237173
2007234620
2007237266
2006255078
2006249985
2007234609
2007237159
2006246994
2006255732
2006239775
2007234622
2006270663
2006243782
2007237289
2007234494
2007234610
2006244955
2006275772
2007234563
2006252994
2006251068
2006247390
2007101107
2006249956
2006247518
2006245467
2006252906
2006247413
2006242378
2006252342
2006243970
2006247747
2006252377
2006247276
2006252972
2007231888
2006335521
2006235349
2007231872
2006248104
2006247153
2007101084
2006258198
2007231909
2006240364
2006247382
2006242125
2006244099
2006232083
2007231799
2006235568
2006243904
2006240541
2006239305
2006225986
2007231670
2006237726
2006231535
2006270506
2006240057
2007229404
2006247688
2007229406
2005339795
2007229356
2006244369
2006246352
2006233635
2006234891
2006235281
2006222162
2006235294
2007221978
2006235063
2007221960
2007207653
2006237926
2005330277
2006228821
2006244562
2006247027
2006248033
2006235413
2007221921
2006233772
2006235124
2006228854
2007221795
2006227688
2007221826
2007221816
2007219360
2006226873
2006232116
2006260795
2007221766
2006241621
2006233006
2007219265
2006229867
2006231549
2006228944
2006232450
2006225414
2006237508
2006220538
2006221848
2006231561
2005329052
2006212881
2006223420
2006219649
2007216666
2006214572
2006233098
2007216668
2006220618
2007216810
2006225662
2007216597
2006279734
2007216588
2006223309
2006218360
2006223193
2006228553
2006218786
2006220770
2007211963
2006222379
2006209243
2006218255
2006228384
2006209790
2006218889
2007214303
2007211953
2007211927
2006250020
2005330531
2006224653
2006217707
2007211859
2006226450
2006217775
2007207874
2007209811
2006214648
2006240236
2007207877
2006319060
2006213609
2006212679
2006209654
2006211127
2005324791
2007205722
2006210430
2006213557
2006205610
2006211991
2007203685
2006208907
2006212988
2007203630
2006213838
2005326902
2007203598
2007221878
2007203579
2006212799
2005326132
2006205655
2006208271
2007203524
2007221889
2006218256
2006213188
2005322271
2005326153
2006285378
2007100653
2006206255
2006206585
2005241566
2005318388
2005323054
2006207685
2005327078
2006206617
2006215727
2005322159
2005322970
2006206974
2007203240
2006205254
2006216920
2007203028
2005318955
2005321798
2006205466
2006208674
2007203010
2005312102
2006206371
2007100594
2006205296
2005329727
2005312295
2007100595
2006204850
2007202910
2007203200
2005311892
2005315358
2005316471
2005319472
2004325906
2005306298
2006205061
2007202680
2005319411
2005316250
2007202741
2007202738
2007202631
2005311827
2007202509
2006204041
2005303251
2004325580
2007202589
2007202588
2005300389
2007202520
2005325168
2007202458
2007202255
2007202316
2007202302
2005309443
2005318922
2005310983
2005307197
2005316207
2005315448
2007202250
2005316870
2004324570
2006220250
2005313174
2007202232
2005304819
2007202156
2005306875
2005314171
2005306867
2005308619
2004324519
2004324709
2005311774
2005302256
2005312334
2005304254
2007100351
2005305305
2005297094
2005304662
2005303808
2007201836
2004326300
2007202050
2005307991
2005292054
2005292129
2005290314
2005302812
2007201974
2005303701
2005296017
2005310391
2006292042
2007201720
2007201763
2005302222
2005299838
2005295335
2007201670
2005295553
2006292041
2005297645
2007203248
2004323501
2005289395
2005294251
2005290973
2005286902
2005283836
2005297120
2005299927
2004324094
2005296128
2005280145
2005315886
2005289767
2007201421
2005295108
2005306311
2005291830
2005280327
2005301418
2005296079
2005291840
2005290338
2005276106
2007201196
2004323411
2007201107
2005288752
2005313947
2005288787
2005277538
2005320421
2006223156
2005296086
2005328648
2005285267
2005285511
2006334503
2007203699
2005301336
2005285185
2005310973
2005285179
2005281966
2005280706
2005287985
2005285433
2007201018
2005292568
2005270677
2007100161
2005295580
2005285434
2005283938
2005279737
2005283023
2005273610
2005282532
2005273609
2005277507
2005280663
2005280432
2005280008
2004321459
2005266976
2005284103
2007200765
2005280275
2005269587
2007200790
2007201833
2005270966
2005288658
2005268919
2005276841
2005276116
2007200681
2005269091
2005275741
2005277088
2005276273
2005290919
2005263602
2004324295
2005277150
2007200682
2005275788
2005277210
2005269159
2005283195
2005332811
2005269973
2005272274
2005268547
2005269214
2005272280
2005273149
2007200471
2005267711
2004322659
2007100074
2005280392
2005277463
2005278202
2005269255
2005260988
2007200379
2005269887
2005269611
2005306921
2007200239
2005265320
2007200405
2005263685
2005263609
2005327186
2004322279
2005311631
2005267103
2005267168
2005258975
2005267164
2005269784
2005266851
2007100033
2005263596
2005274950
2005284886
2005274984
2007200156
2004322161
2005255158
2005274949
2007200114
2005283072
2005258234
2005261508
2005273532
2005256065
2005261353
2006252308
2005252038
2005275058
2005261458
2005256160
2004321469
2005253600
2005262785
2005256159
2005273150
2005259981
2005297017
2005251173
2005267308
2005247504
2005251365
2006252118
2005262561
2005256790
2005249142
2005265048
2005333140
2005260173
2006252155
2005264973
2005243139
2005257770
2006252024
2006252019
2006244859
2005259731
2005319281
2005249204
2005265122
2005332019
2005246251
2005253606
2005265013
2006246539
2005254616
2005255403
2005262686
2006249222
2005257747
2005263169
2005247050
2005251279
2005249619
2005253266
2005257642
2006246496
2005239818
2005332017
2006246494
2005241122
2005253176
2006241369
2005332284
2005272283
2005246404
2005246522
2005244920
2005265224
2006241299
2005248892
2005253425
2005236441
2005250325
2005245497
2005246798
2005243198
2005251096
2005246876
2006235861
2005325748
2005253050
2005241459
2005249872
2005241463
2005236965
2005249346
2005242751
2005242771
2005245694
2005234518
2005239592
2006235795
2006235838
2005242329
2005237588
2006100930
2005242432
2006233181
2005248344
2005241124
2006233222
2005241238
2005232140
2005227551
2005234051
2005236075
2005253487
2006230705
2005231767
2005234023
2005242865
2005234534
2005234496
2005224328
2005238019
2005238027
2004318969
2005262926
2006228047
2005233616
2005228283
2005232057
2006225321
2005258128
2006222761
2005232137
2006228030
2006225272
2005228353
2005259819
2005228691
2005227129
2005234407
2005267129
2005217663
2005233129
2005238983
2006225279
2006225259
2006220436
2005229875
2006220435
2005223798
2005239610
2006220437
2006216081
2006100811
2005253883
2005231680
2006220421
2005241836
2005224581
2004316721
2005219978
2005215786
2006206678
2005219034
2005226942
2005229335
2005218254
2005224786
2005213834
2005234181
2005218900
2005222374
2005222430
2006207879
2005284634
2005211759
2005224276
2005222978
2005227051
2005221092
2005218656
2005220797
2005217943
2004319595
2005214407
2004316360
2005244673
2005219956
2005273169
2006203643
2005213104
2005311850
2005273127
2005216169
2006203638
2005214348
2005218205
2006235990
2004316447
2005211736
2006100693
2005218748
2005214911
2005211737
2005213169
2005225972
2005217677
2005213327
2006100627
2005320347
2005205366
2005273128
2005212893
2005208979
2005207982
2007200529
2004303440
2004308495
2004303900
2005224691
2006203242
2006203126
2006203108
2005204147
2005213574
2005204618
2004316380
2004314432
2006203067
2005211089
2006203033
2005208888
2006203040
2004312792
2005207062
2004303507
2006202975
2005206621
2006202916
2006203044
2004312826
2005206751
2005210215
2004304269
2004305507
2004312755
2005222305
2006202614
2006202810
2004292679
2004308444
2005207968
2004297887
2004313874
2004308386
2004313277
2005228067
2004298240
2003300700
2004292161
2006202459
2005206589
2005208092
2004314102
2006202445
2004297987
2004296621
2004297040
2004296896
2005255061
2003281984
2004304585
2004296458
2004298242
2006202331
2006100476
2004295807
2004286110
2004304610
2003304688
2006202296
2006202309
2004308756
2004304284
2004287168
2004311616
2005222281
2004312747
2004310098
2003274165
2004297950
2004308757
2004310915
2004304818
2004284058
2004284807
2004293763
2004291923
2004285321
2004289278
2006202224
2004288307
2004315770
2004310548
2004311214
2006100383
2004306643
2004292264
2004286589
2004288011
2004294164
2004280718
2004280492
2004307735
2004295299
2004287131
2004280512
2004310323
2004288008
2004285256
2006201857
2004307167
2004290371
2004317776
2004280119
2004288625
2004278395
2004307800
2004280976
2004319211
2004306835
2006201589
2006201690
2004284368
2004282865
2004280305
2004312213
2004279897
2004306874
2004274498
2004306396
2006201516
2004306776
2004281008
2004284746
2006201488
2004279461
2004280650
2004286832
2004280973
2006100274
2006201477
2004289867
2004275804
2006201368
2004307374
2004293737
2004306851
2004296089
2004278478
2004306675
2004270729
2004270229
2004306122
2006202615
2003270870
2004306226
2004275973
2004282820
2004286528
2004282819
2004296461
2004276760
2004269410
2006201105
2004305844
2004274348
2004306386
2004270186
2004297876
2004272201
2003258227
2004305808
2004305988
2004273509
2004272815
2004287128
2004303129
2004273429
2004303330
2006200899
2004303107
2004308377
2004262368
2004301952
2004275270
2004273105
2004262059
2004301637
2004303063
2004263121
2004272602
2004266854
2004274689
2004267806
2006200573
2006100117
2006200688
2006100119
2006200621
2006200568
2004268324
2004271482
2006200279
2006100096
2004264009
2004257171
2004301126
2004269804
2006200285
2006200235
2004300705
2004266221
2006100389
2006200171
2004258218
2006200370
2004301961
2006200232
2004264320
2004264812
2004262820
2004258529
2004251373
2006200090
2006200079
2004276725
2004255445
2004301598
2006200102
2004306892
2004256545
2004301642
2004258540
2005239015
2005248926
2004258405
2004259219
2006200083
2004251699
2004254663
2004266764
2004252623
2004255728
2005101041
2004258508
2005246976
2004264610
2005242227
2004244597
2004246998
2004255835
2004250726
2004238652
2004250021
2004240456
2005242119
2004253056
2004260375
2004242961
2004260036
2005242213
2005239708
2004253477
2004250927
2004252114
2004246102
2004250926
2004254157
2004247033
2005239620
2005234662
2003229527
2005237146
2005100976
2003291603
2004243930
2004254771
2004241985
2004227958
2004238461
2004248607
2004246692
2004247081
2004246609
2004245739
2005229684
2005100947
2004242120
2004239381
2005229770
2004239647
2004225191
2005229722
2005229692
2004235403
2004234604
2004236725
2004237689
2004260370
2005100915
2005227416
2005225144
2005229636
2004296469
2004235417
2005227349
2004237312
2004227787
2005225031
2004232777
2004235139
2005220272
2004222927
2004229640
2004232287
2004238228
2004233143
2004223606
2004236836
2004232047
2004225099
2005219500
2005218027
2004223343
2005220159
2004224764
2004232237
2004232072
2004216040
2004225177
2004225090
2004232182
2004232262
2005211563
2004219836
2006100247
2004214805
2004220522
2004227133
2004211402
2004214394
2004219094
2004216693
2004220878
2004222348
2004211404
2003230422
2004211330
2003292800
2004237681
2004217928
2004214376
2004217283
2004214806
2005205802
2004216761
2005204322
2004214823
2003226898
2004271685
2004232184
2003245556
2004310062
2004216110
2004215827
2005203757
2005204229
2003291803
2004206590
2004223222
2005100678
2005203724
2004213885
2004240062
2005203671
2004207970
2004217456
2004219544
2003303767
2004214058
2004213997
2005203523
2004214794
2005203656
2004205978
2004213999
2004209884
2005203588
2005203397
2005225121
2005203494
2004213998
2004206520
2005217841
2005203428
2005203335
2005203462
2004288137
2004215093
2003202349
2003291200
2003282507
2004211285
2004209846
2005203410
2005203359
2005203295
2004226798
2005203164
2005203557
2004214741
2004213218
2004207261
2003291816
2004207495
2004213220
2005203119
2004205731
2004209276
2004212747
2003299837
2004211843
2004212864
2003300889
2004208427
2003299426
2003300549
2005202901
2004213219
2004207347
2004207357
2004213215
2005202980
2005202918
2003302792
2004216739
2004205068
2003297223
2005202910
2004204977
2004288602
2003300818
2005202688
2003299940
2004287144
2003301075
2004288591
2003299428
2005202864
2005202717
2003236569
2004248501
2003300011
2004284829
2003298681
2003286261
2002356654
2005202604
2003291583
2003298779
2005202602
2004209245
2003289426
2005202481
2003302602
2003299842
2005202238
2005202384
2003255124
2003302670
2003285084
2003298873
2004279192
2003285083
2003287318
2004279170
2003277147
2004279184
2003285575
2003297732
2003290983
2004279200
2004279164
2004279187
2003287415
2004271531
2004256553
2003287098
2004279206
2004279179
2005201982
2004279165
2004279203
2004237112
2004279205
2005100358
2003267879
2003277731
2005202187
2005202208
2005201968
2003296927
2005100354
2005201651
2003279762
2005201679
2003287496
2002358489
2004271649
2004273533
2005201700
2003273375
2005201572
2003279064
2003266067
2003278973
2003275950
2005100295
2003272095
2003277365
2003279887
2003283010
2003300504
2003275178
2003301389
2003272736
2005201434
2003276070
2003280225
2003263479
2003274330
2003277346
2003277399
2003282794
2005201449
2003278906
2003270855
2003260192
2003274988
2003253000
2005100865
2003250621
2004264249
2003275184
2005202159
2005201254
2003276364
2003270786
2004251613
2003260967
2005201098
2003278991
2003304026
2005201030
2003284436
2003278944
2003212436
2003261199
2005200999
2003267066
2003261236
2002354071
2002325168
2003268266
2003263001
2003263807
2003266116
2004245115
2003265824
2005200543
2003265294
2003270003
2003255479
2003257341
2003265651
2003265649
2004242217
2003259136
2005200568
2003284974
2003298536
2003233573
2005200345
2003260831
2003243104
2003258240
2003261675
2003271812
2002318314
2005200253
2003243837
2005200166
2003236611
2005200136
2005200222
2003205297
2002368184
2003249249
2003269958
2003253777
2005200048
2003249056
2003247839
2003243116
2004242421
2004242522
2003255949
2003246931
2004242534
2003240323
2003242838
2004242512
2003238000
2003248937
2003258278
2003276743
2004242455
2003251845
2003265238
2004240149
2003261095
2003222680
2004237915
2005202279
2003280409
2003247759
2003304075
2003229454
2004237900
2004237879
2003234593
2002312508
2003237539
2003280500
2003229180
2004233512
2004101023
2003251126
2004233497
2004208274
2003243204
2004233548
2003245590
2003247346
2004233475
2003297246
2004100949
2003228510
2003234020
2003229125
2003254809
2003234339
2003231305
2003259812
2003227107
2004229005
2003225510
2004100933
2003226069
2004222820
2003258847
2003253636
2003231008
2003244692
2002256595
2003243169
2004222717
2003228754
2002316042
2003218079
2003225515
2003206007
2003220374
2003215744
2002306757
2003230843
2004218720
2004216264
2003213838
2003213392
2004218700
2003233316
2003220696
2003229592
2004218703
2004218694
2002325413
2004216579
2003288416
2002307052
2004100818
2004218658
2002367882
2004214582
2003230995
2003234720
2003229917
2003227618
2003222128
2003224690
2004212614
2003220490
2003218080
2003220233
2003213723
2003215694
2003215411
2003219756
2003228345
2004210502
2003217847
2003245047
2004205329
2004205236
2003204978
2003228334
2003204979
2002250608
2004100718
2003204977
2004203897
2003230650
2003201544
2003202649
2003207316
2003209860
2003205338
2003212847
2003212893
2003237439
2003209835
2003210762
2004203591
2003214926
2003202703
2004203483
2004100617
2003211224
2004202846
2003202800
2003262933
2003213262
2004203518
2003293360
2003213923
2003244466
2002360027
2003205083
2004203466
2003201401
2003209433
2004203412
2004203357
2003206103
2002361260
2003211048
2002367530
2003202619
2003207602
2003201165
2003205277
2003219717
2002350278
2004203241
2003205250
2002357894
2003201662
2004202863
2004202682
2003210490
2002350197
2002360911
2003202251
2002366984
2003262757
2004202974
2003235661
2003217176
2002357731
2002363485
2002346586
2002356825
2002357853
2004100488
2004202627
2004250885
2002365581
2002359684
2002358319
2002353651
2002361386
2002343721
2003268763
2002352604
2002366178
2004202268
2002325369
2002359018
2002342460
2002368159
2002353184
2002353975
2002357030
2002337524
2002336839
2003217139
2002363724
2002240774
2004202210
2003262759
2004202129
2002247446
2002339252
2004202113
2002352764
2004202255
2002342215
2002343676
2002352155
2002348963
2002339961
2002356884
2002336841
2002343978
2002342560
2002340262
2002230467
2004201995
2002351914
2002360844
2002364127
2004201861
2002334163
2002366196
2003245780
2002335928
2004201803
2002358322
2002337899
2004201618
2003206304
2002323685
2002357549
2002341750
2003281447
2002362968
2004201513
2002341786
2002327060
2002336780
2002341736
2002353826
2002333087
2002325748
2002342649
2002347785
2004201413
2002332828
2004201364
2002353833
2002334719
2002334818
2004201343
2004201383
2002353784
2002334706
2002340246
2004201296
2002331054
2003228771
2002334776
2002353837
2002362400
2002352506
2002363103
2002333711
2002334549
2002324717
2004200796
2002333726
2002341554
2002341564
2002356071
2002323176
2002353931
2002330971
2002334278
2002311739
2002323070
2004200602
2002332686
2003231401
2004200727
2004200481
2002339501
2004200519
2002355100
2003281129
2002331236
2002327610
2002337039
2004100068
2004200453
2004200597
2002331235
2002328216
2002327439
2002321455
2001298005
2004200410
2004200349
2002346120
2002315501
2002315408
2003275759
2002233100
2002319901
2003271318
2002310750
2001282632
2002312007
2002320421
2002318367
2002346118
2003236273
2002319215
2003270982
2002317631
2003268856
2002318293
2002357661
2002315475
2002311095
2002312054
2002312474
2002310180
2002310512
2002254149
2003225378
2002331750
2003235174
2002365134
2002242265
1999016311
2003266437
2002345539
2003262473
2002308983
2002318145
2003231356
2003211299
2002355456
2002303886
2003262457
2002318154
2002302869
2002305504
2002312104
2002309815
2002308474
2003268879
2002251350
2002302292
2002257249
2003257929
2002314803
2002316727
2002344297
2003257896
2003236032
2002309230
2002311504
2002324438
2002339933
2002338474
2003257865
2003257894
2002253260
2003257498
2003254703
2002338612
2002244504
2002364487
2002309608
2001295255
2002303392
2003215289
2002242282
2003208086
2003248430
2002256151
2002240713
2002246300
2002254289
2003236034
2003224609
2002247823
2002241387
2002258396
2003248308
2002242620
2003235609
2002338339
2002257749
2002243161
2002308025
2003100727
2002240191
2002247376
2002315261
2002254513
2003244041
2002242031
2002231461
2002227768
2002237841
2002243956
2002237406
2002306518
2002253027
2003234753
2003236382
2002240534
2002236916
2002322425
2003231690
2002222253
2002237957
2002250104
2002242023
2002230219
2002234209
2003213521
2002240128
2002230101
2002240229
2002225281
2002353626
2002232814
2002212995
2002220353
2002223093
2002245274
2002246431
2003205038
2002248273
2003211183
2002305918
2003204654
2002313235
2003204754
2002214826
2002240342
2002215702
2001298078
2002353621
2003100471
2002241912
2002229616
2002215283
2003204837
2003204444
2001293003
2003205029
2003204486
2002223898
2002344460
2003204467
2002222165
2002224096
2003204350
2001297897
2003207780
2001296665
2002215120
2003204099
2003204376
2002220369
2003204264
2002216695
2002223332
2002219892
2003204166
2003204351
2002231145
2002224241
2003204177
2002212002
2003204083
2002215281
2003204007
2003204006
2003203755
2001294970
2001296187
2001294885
2003203808
2002329073
2002220534
2002212313
2003203745
2003203727
2001293236
2002212511
2001291080
2001293471
2002218065
2003203712
2003203764
2003203677
2002322749
2001293143
2001294798
2001294015
2003204017
2001283555
2003200983
2001290381
2001294634
2002213361
2001291148
2001284259
2001284193
2001296202
2001284555
2002213644
2001290587
2001283205
2000264152
2001287368
2001236016
2001282554
2001290693
2003200492
2001278682
2001279533
2003200750
2001293254
2001281606
2000268370
2001287347
2001283534
2003200749
2000274569
2001277140
2003200401
2003200424
2001268844
2001266305
2001277876
2001290633
2001290658
2002253678
2001287017
2001272224
2001273030
2002336282
2001270184
2001267551
2001272203
2001267227
2001283735
2001265030
2001279222
2001269583
2001271086
2001235323
2001273750
2001265692
2001275126
2001258687
2001268156
2002101031
2001056467
2001266884
2002318884
2001268137
2001275161
2001268189
2001263081
2001265850
2001266722
2001264050
2002223131
2002222955
2001254920
2002301814
2002100945
2001247936
2001260750
2000249031
2001246278
2002249632
2002301622
2001265051
2001056362
2001256992
2001262387
2001257110
2001241013
2001261897
2002302024
2002220101
2001256545
2001276684
2001252461
2000240683
2001065799
2001255844
2002217592
2002100829
2001244894
2001236686
2001252946
2001259664
2001242291
2001251193
2002301413
2001239839
2002301318
2001238189
2001242176
2001249274
2001225004
2001240913
2001289300
2001251192
2001245884
2001249588
2001243658
2001242008
2001247686
2001249718
2001289299
2001241103
2001253145
2001238056
2001238269
2002228369
2001247477
2001238311
2002300749
2001233580
2001237990
2001234911
2002300314
2001234622
2001044385
2001233009
2001236246
2001228700
2001225168
2001028728
2002210556
2001031517
2001035244
2001238274
2001035422
2001024627
2001036514
2001238243
2001036900
2002300398
2001035552
2001078310
2001029636
2001025950
2001020514
2001011868
2001023750
2001039490
2001025269
2001032747
2001034674
2001031686
2001024356
2001027777
2002100464
2002023145
2000054517
2001015059
2001015280
2002228370
2001094324
2001026326
2001034361
2001019523
2001014902
2001022423
2001020519
2001011156
2001017987
2001026629
2001094301
2000033388
2001019069
2001021038
2001036233
2002011044
2001022405
2002011041
2001018436
2001091071
2001020353
2001024480
2001013723
2001019000
2001025238
2001010757
2000068047
2001019208
2001043103
2000080235
2000079252
2001019027
2001013404
2001015753
2001028062
2001014439
2001014275
2001076469
2001018806
2001080119
2000063322
2001013127
2002100304
2001010247
2001014505
2000073561
2000069757
2000079255
2000079253
2001046288
2001019701
2001025496
2000276087
2000077031
2000075888
2000074788
2000072867
2000076904
2001011148
2000076955
2001077282
2000069105
2000035810
2000060421
2000066729
2002018716
2000067430
2002018823
2000073924
2002027456
2000061413
2000074954
2000073459
2000069267
2000074397
2002018032
2000069114
2000075835
2000062534
2000074716
2000059543
2000059730
2000057198
2000064013
2000069912
2001043192
2000063939
2001065004
2000063139
1999051458
2000063247
2000068756
2000062067
2000060692
2002013562
2001066387
2000056247
2000047253
2000064379
2000066905
2000056874
2000067503
2000058885
2000069090
2001064242
2000047254
2000058795
2000060025
2000060470
2000059366
2000010255
2000059115
2000068898
2000047249
2000060685
2001056801
2001058909
2001055457
2000050813
2001056021
2001046699
2000054370
2000052702
2000048356
2000052314
2000057835
2000062542
2000060535
2001052972
2000051093
2000052742
2001100613
2000053188
2000047843
2000050007
2001081509
2000049998
2000038391
2000050054
2001036833
2000015852
2000043169
2000060581
2000034458
2000048545
2001035648
2000038966
2000056208
2000047883
2000041505
2000042970
2000043506
2000052416
2000041814
2000046751
2001027045
2000042492
2000040796
2001100428
2000041959
2000046409
2000027849
2000041577
2000039810
2001027195
2000033126
2000031346
2000035186
2000038823
2000042348
2000032267
2000032963
2001040580
2001063618
2000039015
2000026841
2000038575
2001063617
2001063621
2000025137
2001063619
2000029866
2001063616
2001022881
2001063615
2001063620
2000039907
2000026937
2001057949
2000034167
2000031358
2001026008
2001100217
2000049204
2001018993
2000038567
2000026908
2001013079
2000019912
2000030060
2000024042
2000025773
2000023290
2000030749
2000023160
2000040278
2001053971
2001016519
2000026215
2000026211
2001054270
2000030940
2000030938
2000033453
2001054166
2000033681
2000023649
2000026133
2000026075
2000030937
2000023857
2000023555
2001051886
2000014331
2000030397
2001046128
2000020149
2000030881
2000018739
1999055037
2000079576
2000077251
2000012837
2000011873
2000024755
2001043741
2000016156
2000068780
2001043904
2000072950
2000024557
2000031190
2000078144
2000010177
2000016258
2000011982
2000012360
2000014547
1999060785
1999062212
2000018292
2000015110
1999064197
1999059234
2000014543
2001015000
1999061038
2000013283
2000012067
2000013370
2000013064
1999064981
2000012740
1999060362
1999063724
1999063474
1999063435
1999064157
1999058190
2001033360
2001035218
2000011983
1999051724
1999061081
2000011477
1999059872
1999057464
2001029861
1999064801
2000070109
1999054194
2000014436
1999060412
1999062524
2000017048
1999054869
2001031298
1999063768
2001021230
1998089091
2000057082
1999058400
1999027107
1999052165
2000062943
1999063784
2000055736
1999051176
2001016717
1998084596
2000057560
2000062794
2001018365
2001018316
1999051416
1999022646
1999052171
1999050687
1999047049
1999046276
1999052133
1999047216
2000047016
1999054074
1999049088
1999048060
1999051850
2000048547
2001010057
2000052233
2001013694
1999044960
2000072373
1999051007
1999043697
2000043554
1999047942
2001011082
1999050977
1999047202
1999049410
2000034579
1999049467
2001010044
1999048061
1999046851
2000072241
1999048106
1999037698
1999046630
1999040563
2000071759
1999056166
1999042296
1999039902
2000049150
2000072041
1999040239
2000029417
1999034023
2000071400
1999046659
1999037873
1999041347
1999036172
2000071782
1999031492
1999043273
1999038022
1998085885
1999028016
1999034131
1999028937
1999040425
1999050391
1999029664
1999021492
1999037342
2000062463
1999043164
2000025788
1999036330
2000066603
1999041758
1999036337
2000059514
1998067501
1999026354
1999041845
2000059486
1999030644
2000061270
1999032639
1998079400
2000053596
1999032404
2000056459
2000059481
1999028413
2000051969
1999021443
2000019333
2000016932
2000026103
2000057924
1999033400
1999030081
1999020171
1999025408
1999024354
2000053425
2000053514
2000072319
1999025236
1999021167
2000048671
2000030483
2000015855
2000048902
2000048796
1999024753
2000048842
2000010808
1999025624
1999025038
1999016808
2000043777
1999021567
1999024493
1999014772
1998093382
2000041237
2000043804
1999030726
1999024193
1998055984
1999022307
1999012655
1999015638
1999016270
1999018752
1998056674
1999021516
1999020552
1999015301
1999014605
2000037798
1999019634
1998082891
1999062309
1999056260
2000010483
1999020562
2000034036
1999062051
2000036369
1999019400
1999015867
1998097593
1999012676
1999011955
1999012011
1999057615
1999010579
2000032554
2000032498
1999055317
1998095822
1998060057
1999013526
2000027727
1998097781
1999012407
1999011173
1999013684
1998096557
1999015856
2000028928
1999055310
1999011891
1999010869
2000022649
2000024202
2000027710
1999050697
1998094034
2000022575
1998090100
1998091752
2000012367
1998094503
1999045932
2000022269
1998087591
2000020853
2000025229
2000022432
1997044847
2000016426
1999010206
2000019573
1998087461
1999049326
1998088964
1998087946
1998089645
1998084753
1998085048
2000014950
1998084437
1999040769
1999010279
1999050793
1998062747
1998086840
1998083952
1998086033
2000013542
1998084865
1999045165
1998084068
1999037126
2000013514
2000014978
1999038176
1998079281
1998084523
1998080367
1999037356
1999038177
1998082446
1998084825
1998077698
1998088023
