2025234267
2006297240
2013200559
2021445518
2012318293
2010309092
2011231754
2023201597
2010201366
2010225514
2018393933
2001044678
2024207581
2003213529
2021212402
2020319114
2025203887
2012201968
2021221769
2016314987
2020244758
2025267430
2000067085
2020348304
2018216262
2016203508
2007249404
2024203637
2019459025
2004252109
2000061083
2005218750
2019414550
2023306168
2024306945
2002215781
2025202855
2009301880
2009255796
2017344389
2021103038
2004219671
2017298399
2005243725
2023277789
2022400965
2011201991
2002328686
2013249105
2017221899
2015285344
2007253956
2005231918
2019294264
2013267148
1999012005
2014291591
2014302713
2004202387
2005231554
2014286412
2022235564
2011305697
2006271500
2019204996
2018234497
2002310926
2014254114
2016216347
2014410494
2013297358
2015412459
2011215659
2022200952
2008248199
2020348670
2001241575
2017296604
2000030191
2017311666
2020202670
2016203874
2009301314
2003203860
2021223942
2017277813
2005231754
2015378039
2017203656
2019355936
2023396652
2019449030
2006233098
2006297609
2018200161
2017296073
2020201640
2018290910
2015358597
2008298387
2015101368
2016210670
2013212529
2016275699
2010239161
2019271902
2012201708
2014321306
2017203790
2022201743
2016320887
2005223847
2018223375
2016233240
2017231664
2019201790
2017432177
2013208109
2006264683
2001276182
2000025726
2022246569
2021104087
2014381689
2015246641
2015241517
2024219799
2025210761
2023414815
2022262511
2012258371
2023209587
2025200541
2020245385
2012353008
2020301811
2023324827
2019406995
2006269845
2009298304
2005204536
2009251049
2021245098
2009273946
1998085898
2017435486
2005269223
2024292299
2008320753
2023325906
2017353353
2020100974
2014202753
2003299700
2010269639
2013366502
2012326335
2004321819
2015370666
2014268157
2012241134
2018202524
2021377338
2009253542
2024268817
2017428889
2018200757
2024222362
2006289250
2002318201
1998091587
2010314752
2003226375
2022218482
2015338896
1999050674
2020205462
2019250276
2017225169
2001253841
2011229302
2016247180
2022287663
2013204262
2014215986
2012201608
2019200002
2012253691
2022325819
2024201520
2022279548
2024220199
2002226805
2010227015
2024219809
2016355323
2014266853
2020391885
2022471287
2011241165
2020229448
2012101910
2023286735
2020218503
2004253851
2004247470
2024364421
2018273924
2015283593
2010297001
2016343687
2014277608
2018211339
2019351907
2016371233
2021253869
2017258750
2020326036
2002319919
2017360746
2022286623
2017259457
2019201034
2023217092
2012282465
2020464487
2017217771
2021331185
2008278630
2019202301
2023314627
2018224762
2017370655
2006294209
2004100770
2021201082
2013329127
2004252803
2002325654
2021225962
2002248101
2005333993
2008343141
2007218140
2010256525
2017325654
2008230795
2006327205
2009208373
2013222122
2012393565
2016210740
2010315894
2009324272
2020379232
2022343180
2003220427
2001010079
2018101900
2020295470
2025200978
2025279607
2005202294
2007322462
2019313356
2019230210
2016232987
2024278176
2006247803
2000040530
2015327425
2020101710
2023313033
2022244198
2003229356
2017388638
2005285052
2025200054
2019232665
2018236286
2020271407
2024254265
2004305927
2018241534
2011226934
2019345287
2012101957
2018271378
2012312302
2019261724
2023202751
2023227331
2006330084
2015242354
2017236610
2023354549
2020201078
2023241397
2024227603
2009308315
2004101036
2007354291
2014279694
2011354610
2021250961
2016256841
2013202272
2011240131
2008316661
2012352664
2013219147
2012101010
2013100224
2007234990
2009227612
2002325080
2023419053
2010211289
2016213888
1999053786
2018252643
2022275466
2022211410
2016247222
2023329447
2020266254
2006254987
2003263275
2017243613
2011202039
2004233725
2016254135
2019383400
2022271434
2023285952
2013352021
2008226089
2015282906
2004279019
2022259314
2025204086
2019304141
2002244971
2023280488
2012358906
2007344396
2010260609
2019336679
2022273867
2015335615
2017356947
2023356685
2008322634
2016409304
2022374463
2017225989
2020336221
2014201901
2024402945
2006241422
2014295204
2005202888
2017300359
2010309579
2022204168
2024294287
2020103565
2006299310
2021212688
2022228172
2021106265
2006209171
2024267040
2011101434
2008327635
2008297642
2019275569
2020286206
2023263178
2007248485
2006237317
2000033786
2011250806
2019310830
2020103413
2008200723
2012367204
2003257440
2014225155
2023358525
2007293280
2019239705
2003296707
2016349895
2005205950
2013308540
2024247068
2001256346
2022205114
2024229973
2011288303
2011367812
2017100991
2010201415
2025283486
2020244373
2024367887
2017243297
2023446743
2002233952
2010281089
2018345222
2021276290
2020101417
2014207311
2008249735
2018201530
2014331297
2013318825
2019251638
2022384404
2023444874
2021260530
2024207355
2014405089
2016204884
2013243537
2025275291
2024348458
2011202189
2020101660
2020244554
2012332495
2017230784
2007227457
2005256485
1999049728
2016289079
2010340161
2025256136
2024264586
2012234274
2022293363
2023385036
2014209833
2021211397
2007212766
2021469432
2010200642
2003298867
2010327121
2019397956
2005302813
2002330521
2007259043
2021232668
2015279199
2007229408
2010262139
2017220374
2007100936
2016423814
2022206444
2002249180
2025213560
2014332328
2013100219
2018234624
2010317607
2009221740
2016308083
2003296857
2017275598
2000042711
2020201884
2022391641
2021104537
2023284865
2006266293
2024287893
2025202906
2002337899
2004321982
2020219705
2010203022
2018226231
2022254891
2010227120
2012325968
2005266646
2011200176
2017101851
2004204340
2017245470
2015249063
2011363004
2022202159
2014253667
2024205003
2013230162
2018358912
2024259828
2018369621
2016101409
2023210470
2022200973
2022259784
2019426844
2001282554
2019225473
2025203705
2006201644
2008318350
2004238835
2025202250
2025202840
2008259432
2009246169
2009302360
2012281242
2018406677
2021332038
2004207135
2013349277
2009222569
2015370600
2011253561
2022341968
2019401657
2020395150
2022200313
2006274701
2017302244
2016344713
2018202372
2005240003
2010205840
2016348401
2013345844
2018253526
2011286291
2017225214
2013204519
2004220719
2001014275
2022374097
2020415270
2012101959
2014208209
2007333926
2013212264
2002332862
2023248087
2017203997
2018218796
2022218613
2007100965
2010204167
2010201856
2025220797
2016100213
2014213568
2004285481
2015200383
2014264273
2011342039
2015277574
2019210574
2022264766
2021252927
2012209004
2012268661
2021366961
2017335841
2011244973
2010366146
2025226538
2022358305
2011253954
2016225852
2017354172
2008237287
2020297435
2012237984
2022349865
2022212964
2020386644
2001248151
1998090404
2021322057
2021442183
2024210234
2024202342
2020285938
2011317311
2019239949
2018274424
2024211621
2005292492
2002335753
2015205920
2016342371
2022491078
2018202619
2016100520
2016391189
2009227004
2015100510
2003293634
2004233541
2013270412
2004242444
2006252272
2020104106
2007287913
2023337227
2006322865
2023373588
2022341300
2016222442
2020201541
2008100853
1999047070
2014336963
2021234359
2022437929
2017376731
2019204087
2019254475
2012244345
2014232307
2023351581
2021396892
2005319178
2019478689
2001258249
2008290883
2020417796
2012268681
2014274115
2024268106
2016354566
2008207374
2002336257
2021410874
2021285226
2024297864
2022204861
2011235588
2018227019
2021368986
2008251007
2020271285
2010292821
2014233398
2012255663
2006202822
2005227402
2017201865
2013323487
2011249590
2006302979
2020250976
2024320547
2015413918
2020261435
2016206327
2020232188
2008202391
2018217296
2000031076
2020230219
2020273675
2002335163
2012268965
2020396490
2000040860
2020289807
2015221444
2006283040
2010286427
2001259953
2021374593
2021102525
2019101250
2013389284
2013338327
2009311073
2019474706
2024250776
2015201254
2023204349
2020273324
2012283208
2022326461
2020285197
2005200166
2019202133
2012200421
2024415131
2008239931
2000023050
2004202720
2025203358
2024345736
2010282917
1998090984
2012238486
2009242241
2009269546
2002301745
2023204621
2019224937
2023233144
2019350874
2011282057
2010204283
2024237082
2008325211
2017389095
2023308426
2001289612
2010359793
2006327171
2017317004
2005251372
2013255212
2004208025
2012201666
2022340723
2017203571
2002346436
2002306998
2022404898
2001261455
2010326339
2021296767
2017365247
2002232203
2008335922
2017223592
2011298432
2022203759
2014329309
2005258938
2022241774
2020103240
2013359181
2015222869
2008229168
2024325967
2010279280
2016362394
2008256714
2024259703
2024216370
2010242535
2023288088
2012200500
2003218279
2017267205
2021107264
2024352987
2021290284
2015339744
2021203849
2021343381
2003279641
2013204484
2021218087
2019265041
2004249199
2006228033
2007207858
2019316684
2021235937
2024228835
1999063985
2011101173
2005284347
2012320368
2019412580
2007331700
2016210594
2017382440
2008287335
2017204620
2011302277
2006244053
2011235550
2025207839
2023409813
2002317657
2005320102
2013221317
2018260292
2013375227
2009306733
2017439363
2014236257
2004202584
2016210539
2017286520
2024266701
2023250511
2024223820
2012101913
2002330716
2016307885
2019396997
2013258240
2015400186
2024408462
2018304458
2006236313
2005221083
2003279064
2021255618
2014388058
2013326227
2002344218
2014101036
2008341009
2015221413
2021200604
2017370680
2009200221
2022381757
2006208424
2002338919
2019215179
2013248133
2010200765
2025202673
2014225286
2006203139
2011327892
2024345622
2015373050
2021254768
2021237673
2006336522
2019200111
2019202032
2001291758
2021257342
2022287606
2008277628
2016202204
2020204462
2001281174
2005265092
2009316166
2006262163
2022295090
2006311761
2016297077
2007200738
2006286135
2024201197
2001237555
2008262544
2011200524
2005214903
2002337126
2021100051
2011101216
2001290939
2001013301
2009242216
2022328657
2024270621
2015376577
2020332673
2004239655
2005242212
2024202310
2021104529
2021107570
2003245226
2022220217
2024311892
2018286619
2006315086
2023378695
2019241240
2019262698
2022333269
2020412779
2014338707
2012333089
2022402143
2008243469
2006277253
2003241526
2024286794
2024223733
2002300818
2024204097
2011367230
2020338247
2004247445
2020339743
2017238597
2023298558
2004248079
2014203263
2020202913
2017353820
2003100197
2013365985
2017235361
2011253882
2025201388
2020276341
2019388008
2009288676
2015240862
2020210195
2003275795
2015237234
2003266179
2000074511
2019341645
2009201170
2025201220
2003220305
2009310544
2010208140
2023241127
2012212333
2004287849
2003208188
2021259517
2001043911
2022222503
2013100546
2007211208
2024204606
2017404183
2007319151
2006239375
1998081322
2004258766
2011321582
2024320916
2017284180
2006287190
2025283620
2012355530
2021288750
2014204435
2013222052
2014224148
2013271799
2019201588
2016250438
2017321891
2020273375
2012316583
2016333963
2022251148
2008320924
2020254409
2018250432
2009333362
2013203881
2012340399
2014248090
2010201734
2013280202
2014200896
2014388298
2011251622
2006308399
2017239622
2015205530
2013306092
2014251099
2009269279
2024264717
2013288761
2004238220
2015230712
2002242174
2003265643
2007100428
2018350984
2015323847
2004324464
2003234155
2017220573
2012100847
2002311587
2017225011
2014296207
2010222693
2020213767
2002210754
2005323666
2008319370
2015260737
2012200824
2020101901
2013307628
2017240614
2010258406
2017216457
2017335678
2011352081
2012256683
2020239692
2015318237
2017380469
2018388850
2021102627
2011253534
2019459233
2002359105
2015332747
2016250934
2013231046
2012286683
2023345711
2016310534
2023325128
2009234385
2016230970
2012324480
2012309143
2004217442
2008218746
2012247463
2005300283
2020102481
2013204377
2022406688
2021442410
2006292708
2024399811
2009267485
2024250986
2023251557
2007204213
2021313823
2004234224
2018201331
2004238098
2018333123
2023381309
2007206876
2001269816
2002361892
2024204177
2012267470
2022205267
2016307408
1999031024
2008224739
2024383788
2024235559
2014200298
1998093626
2002231504
2020366145
2006202975
2023395169
2013245028
2023415525
2009251051
2004240766
2021271860
2024202733
2017376406
2009100913
2016355627
2002010194
2007265402
2011206934
2017310447
2018364685
2010215303
2002236652
2013352373
2023376942
2019297111
2001046728
2007286886
2020370808
2015230783
2019201956
2011239941
2022328407
2010216150
2013100669
2019317986
2009200967
2012204237
2008245900
2017202181
2017251672
2014322134
2020201101
2005200087
2015317816
2002215838
2020275559
2015227525
2009288558
2016238614
2013331243
2014350095
2008356223
2013220522
2019326538
2006224192
2024241563
2012298253
2014360587
2018215541
2018229512
2002358878
2019295410
2007282165
2014221202
2011232316
2005243173
2019271889
2019215050
2017206924
2015234328
2011100243
2008343925
2016244115
2009283191
2006100516
2009270385
2009227854
2021212211
2021409785
2008202605
2015264811
2011291640
2025226561
2014229063
2020201384
2015200538
2025263822
2020201504
2008209133
2007349251
2008216316
2022225831
2013355220
2010249632
2003250322
2011201197
2020294227
2016388332
2022387501
2020263478
2014203039
2018100765
2013289865
2015304080
2021100387
2016101766
2001272658
2020234892
2023355903
2003100799
2011278229
2004202680
2022202671
2011202912
2014207409
2013266398
2015384447
2015328220
2019229317
2020203118
2018403776
2012229123
2025283432
2017229473
2009217458
2015237719
2007231632
2016257653
2017225775
2015231286
2015305072
2019253009
1997037353
2024223185
2021265124
2007204432
2006286368
2018279017
2020200346
2018217224
2025200177
2015206771
2010205249
2007292786
2000031045
2003296446
2023407259
2006278465
2013395619
2002245701
2018208683
1999034106
2016283334
2016355594
2002256410
2021261384
2019224842
2026200406
2002331095
2024227221
2008212019
2020361662
2023280138
2007201024
2018214706
2006315715
2021286728
2001020824
2014351322
2012282235
2017285734
2019101660
2002303286
2014233443
2021201038
2015359369
2013205895
2021230382
2012204112
2007258007
2022303363
2006241219
2005201849
2017326285
2011212857
2005284871
2019311716
2009279694
2012214812
2022231801
2022233929
2022375202
2020250767
1999044212
2020335028
2017258977
1999060570
2025200563
2010202117
2019352504
2007315790
2022378972
2008223339
2013363476
2007266246
2021202286
2020273368
2014213552
2015244419
2008344132
2022328859
2005261555
2021295855
2006302435
2013205773
2023474924
2022294919
2009224684
2002357304
2009200549
2024203067
2013270449
2011274272
2003212055
2017378427
2016210540
2007200016
2021315475
2013340434
2020205300
2024343114
2019204298
2002325191
2003255947
2016100205
2012252228
2004248264
2005242195
2012358500
2018386167
2024263913
2022261868
2017348009
2024367511
2021105954
2009250843
2008226514
2011288556
2020315931
2007234584
2011264772
2016372756
2008202271
2017205780
2015295710
2018338451
2021107382
2022453749
2018271226
2022430245
2009340665
2022391675
2025200422
2017307067
2016406586
2014240951
2020270775
2020202767
2019340606
2019201900
2013101649
2005236840
2014298657
2001291148
2010277280
2012366958
2024200957
2024234440
2004245267
2015207956
2013202137
2021369864
2004290008
2015203519
2015411307
2022224420
2003265398
2026203124
2015255973
2002215273
2014201115
2021281603
2001278460
2015205451
2017388357
2006225270
2001242928
2018260899
2017328965
2002363561
2011365013
2011100783
2021372783
2019403560
2012360730
2002231724
2010230007
2016270252
2007325628
2006307598
2006344120
2004271980
2010209166
2003254077
2010215332
2024314571
2004255084
2019273874
2014233852
2018231673
2014220309
2014274579
2024444877
2002241572
2020104209
2019218433
2009236013
2024219474
2007234484
2009231424
2007308750
2020203832
2009258615
2021286285
2009267289
2021212096
2021249111
2006203663
2003234285
2017225030
2015201164
2006330576
2021381729
2004270427
2018271140
2023241294
2004290918
2009307800
2020104167
2002331452
2020265233
2016228180
2024201435
2012101156
2003215103
2024325451
2020204574
2009252248
2016353613
2018267691
2025212740
2016296094
2015255913
2007343408
2015223573
2010204377
2017276303
2007211251
2005234665
2011232403
2002225592
2012345751
2017252251
2018204055
2015263304
2008100989
2007320146
2009344195
2018278882
2021200365
2015313992
2017397778
2019348204
2013206586
2012243715
2007246202
2000049998
2018100119
2009313773
2022391068
2003216340
2012216360
2021101415
1999024290
2008240960
2022205161
2025201974
2006288668
2014340774
2017378250
2010333138
2013203220
2001279636
2007246277
2006308076
2014256408
2020382746
2007219360
2009219682
2019202926
2010247814
2023270107
2025220712
2016317968
2022202805
2020201039
2012265139
2014400808
2002023196
2022307059
2009316769
2009269005
2012306243
2021105774
2015253062
2017426445
2003257204
2019268346
2023328280
2008316565
2013346803
2019455701
1999058988
2021212106
2019203890
2014356874
2008285718
2007329939
2004301746
2005338138
2008343383
2019214426
2019358599
2019231332
2023383449
2002223844
2017203733
2010252354
2016307951
2008289037
2010203310
2004210190
2002304687
2015283858
2013237748
2015257007
2005247001
2021362770
2020345412
2012299698
2012340849
2010101270
2003233202
1999013646
2005327808
2025201819
2002313644
2015341419
2001021704
2019387068
2008200252
2019203770
2015200304
2023285052
2025234277
2014300767
2024298390
2002249409
2005260750
2023247499
1998080651
2013245496
2017305629
2001054350
2016201517
2013245437
2004263274
2021435617
2017200677
2006204599
2018264083
2009298559
2011218737
2006100862
2015400138
2014287462
2014216014
2014243758
2021425000
2017295722
2020306790
2009225507
2007200824
2007200735
2023294937
2022235630
2019449712
2018296004
2024315507
2003277388
2021100148
2017205531
2009201020
2024200707
2021293025
2006330271
2018217089
2006257716
2025201965
2015210368
2022239047
2014203321
2017201583
2020207868
2023388801
2008202150
2022397507
2010236021
2022218137
2022225282
2000072125
2002303959
2017355449
2020396958
2007240556
2021393892
2017265168
2017393408
2012230084
2016226334
2022339819
2021211931
2011245177
2021428588
2020102168
2001274529
2014241257
2019418308
1998093130
2012258391
2017379072
2023410872
2024273541
2013266635
2018363291
2008327899
2004296877
2020102640
2005326711
2018204315
2005272919
2003264968
2017409852
2001072253
2011349102
2008243138
2013283474
2015274227
2021401870
2022275098
2013364034
2011272782
2019203964
2024205126
2023328428
2021227683
1999046580
2021103271
2003201811
2012291475
2005283072
2009327360
2014265071
2023250021
2014329687
2014275363
2025259960
2020104129
2017302500
2021232758
2015226286
2000010377
2019250123
2018394139
2000050455
2018207686
2017364807
2016225919
2010207973
2006236335
2023293105
2022429255
2011323236
2015367381
2013262083
2021454302
2018277051
2023203575
2024255334
2023390690
2008214837
1998087399
1998090017
2011204285
2021285093
2018250514
2002366811
2008221596
2012273829
2022226265
2019275125
2000071113
2020403542
2006332340
2004315589
2015362703
2021101522
2015375343
2018207261
2017202116
2018238260
2010333017
2016342523
2017329645
2022386163
2020221760
2010249279
2024200159
2022215124
2014269065
2002358608
2014356473
2018203580
2019384029
2010200349
2013303198
2014229201
2007224298
2001279833
2020269404
2022315139
2008276129
2014238259
2012340385
2013200137
2013261637
2007254362
2014271873
2015301222
2021103392
2012262657
2022281825
2024219801
2013295366
1998093600
2013299319
2009100179
2020219446
2010233529
2018100670
2015402938
2024205139
2022479857
2019101553
2019253815
2020204039
2002321483
2018203905
2007261152
2004210931
2013356601
2006306422
2020366138
2004226479
2020202168
2021207525
2015239112
2014232911
2019340817
2019417986
2024202859
2023423142
2004312929
2010300871
2018393045
2018200132
2008333700
2021471586
2010200830
2012313221
2023231097
2004263068
2024212965
2024206034
1999061050
2009201490
2018266357
2010295619
2007208243
2018201491
2022479894
2006245676
2004312174
2014221293
2022237675
2023440928
2016226628
2011207649
2024409199
2020296082
2022291500
2007341422
2005263165
2001015917
2006204001
2010338292
2021200211
2024260877
2010358610
2017316336
2010336257
2019200522
2015334664
2008206360
2009258189
2007237362
2011322086
2016256815
2024355110
2023274191
2014368818
2004100027
2026202110
2018201916
2003203891
2009201979
2011324137
2005245607
2022348587
2015200899
2005217328
2004312742
2006310494
2013406460
2008292008
2020210307
2004216618
2008203849
2014204494
2011365315
2014227811
2018446510
2016294553
2009201741
2018432434
2017201078
2025213608
2010200592
2016203481
2012274986
2017232220
2022271483
2015362076
2020201132
2007280397
2018236447
2018366770
1999034634
2018236878
2012362876
2012208667
2013365703
2003271575
2008219028
2021418225
2002318546
2020244417
2023296641
2013279297
2010251140
2021381605
2014242673
2019360358
2007323049
2023262389
2012100230
2021221504
2005293833
2010214679
2022210405
2004222646
2002340091
2013219170
2020104322
2018250458
2015218794
2018204184
2009311619
2023220961
2011200309
2012100649
2022206791
2016354941
2016100838
2008309418
2014329443
2024266982
2022394525
2003257467
2016357979
2016359179
2023219244
2005267828
2019228507
2021201487
2023243734
2003203220
2008290896
2026201039
2006255954
2016202782
2021338584
1999025305
2012216546
2021378842
2011221503
2017287706
2023220748
2015263689
2015249789
2013202865
2008201305
2007284687
2018200562
2018395857
2014248744
2013200175
2009263350
2003283920
2018200953
2016209538
2002314805
2019228421
2020407604
2013200503
2018295790
2006203635
2010235057
2024202077
2010205493
2015266610
2024259735
2014278611
2013344436
2006344726
2005237658
2016100161
2018101110
2005212380
2012299508
2001231017
1999037594
2023392766
2011214891
2020235798
2012200170
2018364290
2022202058
2017201477
2024230804
2015295506
2010278067
2020234029
2017388358
2021200599
2023389265
2019320771
2021282551
2008335537
2006246325
2021382384
2004203554
2007216929
2014240247
2024264891
2010202746
2018327348
2022239004
2026200070
2011333834
2019300135
2022409512
2021202227
2016297672
2002317707
2023288999
2015201568
2005232591
2013262706
2024345419
2018201111
2011264921
2013382361
2021250909
2004263184
2009200260
2022370124
2014101140
2018353915
2013275209
2023320519
2012226530
2016379221
2015276136
2005232745
2006298559
2000048976
2000071485
2015301258
2000031829
2001288731
2016374024
2015212931
2004229519
2025259810
2018203474
2012328225
2023265390
2021430178
2013380997
2020224256
2020213333
2021232821
2023474953
2024403222
2020346686
2023273187
2024205697
2003202049
2016214703
2015384830
2024282882
2022273186
2012244925
2011253719
2015338663
2022483721
2020257642
2017319318
2002336721
2020204711
2004209245
2011223730
1998097809
2011100771
2003238967
2019202624
2021100778
2011323966
2023200851
2006244479
2021382100
2019394744
2004256145
2023201270
2021276453
2004311879
2018201719
1999063803
2020204593
2005263992
2023212042
2019272785
2012201953
2005273610
2005299829
1999048034
2019373677
2003239505
2011307289
2002048865
2011305313
2017423234
2019201339
2024233134
2021201024
2016210722
2007247377
2008226316
2026203454
2005326144
2000010165
2025201630
2014200689
2014346770
2018288019
2013403343
2016262259
2020103491
2011279473
2024307676
2018297279
2004303826
2016231514
2014336958
2023245547
2020428275
2015203599
2015243297
2017228016
2008329649
2022372970
2022200202
2020367786
2002245678
2016269506
2004226798
2021356089
2021207159
2016291289
2024383348
2018270518
2024387602
2023228928
1997049205
2017100727
2005312933
2022201283
2005270966
2019277664
2003264168
2013382944
2019210517
2022418603
2014304360
2018266135
2014236882
2016299246
2009271213
2024318726
2018101390
2026201372
2019393601
2013302623
2010259914
2002238278
2003242889
2014201535
2020330977
1999020846
2018335617
2013206392
2005301500
2022231710
2026201426
2021223081
2017261774
2003245122
2005201105
2008246237
2010216271
2019223289
2001237074
2014259486
2021369739
2019236646
2012100416
2018401246
2018374285
2008247672
2019268156
2005233612
2024200779
2024236155
2023260507
2009344837
2015283617
2020214673
2015203011
2013204940
2008325360
2014100522
2000036703
2010276596
2007202389
2021258696
2005100954
2009246824
2019216583
2014310371
2014231444
2016358110
2017397668
2006200663
2012356192
2011307112
2013204661
2018252158
2019263303
2021362667
2013221980
2007266260
2018204836
2015372369
2021370729
2013349246
2012289928
2015323342
2020260150
2021351645
2020371402
2025203044
2012333024
2012251941
2019205128
2016432553
2007252223
2010353318
2020307351
2001286542
2010254693
2020431041
2021258984
2014203226
2016306320
2013251326
2015201865
2000041058
2021294559
2010352597
2016344309
1999061401
2025275306
2003293351
2015224496
2007289354
2010284553
2001019358
2002361274
2021306575
2014252140
2023266224
2010101053
2015101064
2013251284
2012269643
2010286314
2017210520
2006217870
2007286221
2005215741
2011265477
2019220997
2002357569
2012295139
2017272750
2024293342
2015365528
2025205040
2020325425
2010334932
2010212823
1998086635
2019100081
2011334548
2015221479
2012100771
2020102386
2010339305
2019226274
2015210352
2025237966
2001278504
2013206684
2005211567
2022401861
2002366178
2014276698
2012321198
2021314972
2015254624
2010325781
2006247716
2017100923
2009262086
2017332697
2013251494
2013206367
2024227124
2013325208
2006284498
2015413749
1998079885
2023202724
2019374788
2017379061
2012101469
2024348036
2016206381
2012375337
2016363693
2001240392
2010299993
2019213484
2008245622
2000069714
2005325718
2012204030
2017337753
2005276440
2004231746
2020322021
2017308060
2013101297
2020201765
2002336206
2018200815
2005293570
2011323627
2021234273
2021202960
2020256429
2012308417
1999033331
2024260074
2018291156
2015412753
2026202552
2017208364
2022202050
2014218704
2026204395
2013246391
2020256370
2022272414
2024202373
2006350684
2023252706
2021105358
2014267427
2004289263
2005266789
2004239360
2011273569
2022202263
2021206302
2017247418
2015208292
2015347424
2013293650
2018321518
2001019562
2023328696
2005213669
2020345049
2018230346
2016100706
2010338917
2008201318
2011220413
2022369450
2020204728
2024376792
2012342355
2011257954
2017314067
2020264257
2002256228
2024362926
2006231520
2011288949
2009338410
2004239599
2022490712
2017341624
2019213314
2014270208
2022299651
2013207583
2015252808
2005240902
2016274325
2020208468
2018202644
2013250251
2003218883
2006233250
2004237842
2024317014
2019381805
2007269338
2021218905
2013211488
2018346803
2013205355
2016236832
2025203827
2002353172
2021102585
2006203685
2017203821
2012249984
2018101013
2016247171
2018286515
2004294846
2010288822
2024336986
2023203536
2020101473
2000019548
2013373062
2005241113
2016326441
2024201135
2021105328
2015364496
2007237200
2015305511
2007354729
2011273199
2020278826
2013283425
2018338322
2020347474
2024282002
2006236485
2016346284
2024321869
2025217308
2012259470
2017252565
2019202010
2021230545
2003273781
2023378830
2021348426
1998084738
2012315474
2009313902
2001062110
2014235150
2022209215
2010331264
2013289879
2019358184
2015411918
2003212717
2023447110
2025204375
2017322511
2002312339
2017262302
2011350196
2019232686
2005330723
2019357608
2017317523
2016228222
2022354244
2007253845
2018285821
2009355844
2016360122
2001263767
2018202921
2015377316
2007287793
2018228797
2023203268
2019313996
2004315890
2009240630
2011236302
2010286353
2006321853
2008201728
2021247371
2013260935
2023320900
2023308427
2009240356
2024219342
2013254443
2020103800
2005318877
2013303821
2001292666
2014223714
2023356080
2007214796
2011260016
2021102429
2006261139
1999049495
2025270982
2020230225
2011200913
2019378544
2019437513
2019385785
2011221849
2001016656
1999061386
1997043513
2023365367
2004226162
2021350173
2009201909
2018392725
2000035177
2012351635
2013200610
2022336889
2020328208
2008227458
2017332750
2011352073
2018274970
2018332574
2023424323
2002363861
2020260752
2014227666
2025271458
2011213427
2018101568
2012299228
2013313026
2025271539
2003276183
2004233821
2011291745
2011283964
2018256671
2012334127
2010224224
2009214702
2006248647
2022226187
2006281229
2017216496
2010337323
2017204518
2018100870
2017353363
2021100897
2012253230
1999050537
2022336842
2010202898
1999011668
2018360599
2014305660
2004256545
2018204730
2022422207
2009236038
2024201929
2019438860
2015238879
2019100034
2019200490
2019267308
2017201032
2011212294
2008202656
2009251213
2007310583
2021226415
2003278294
2023373315
2021244786
2013202347
2007205788
2014233517
2012201366
2016247120
2008258196
1999046984
2008287339
2004298991
2022311191
2024346288
2010319391
2002226897
2021267101
2021106743
2003283921
2001246390
2009286014
2019301070
2001292889
2003251796
2015358330
2006214498
2014379990
2017204561
2020323709
2022377246
2018279038
2016306583
2018264017
2008261290
2019295576
2008203460
2020225657
1999030700
2024209650
2023378749
2022204468
2007318084
2013267397
2007250213
2008242567
2005321253
2014203984
2021100202
2018202474
2012227371
2009251188
2013405864
2015210607
2018444979
2016219159
2003238134
2007312292
2002100981
2001266733
2004282193
2013211482
2012201200
2010269949
2017206048
2012331633
2022351638
2009220341
2020289831
2024269002
2024304250
2011311494
2024335616
2013202520
2016202946
2019100831
2013209324
2003235778
2007278521
2023216942
2016323305
2013201469
2009245832
2024313309
2013101080
2020202595
2001035441
2005263133
2023254937
2019208468
2012273348
2018290511
2011255641
2015358493
2012362173
2014394104
2010286248
2020352676
2012389284
2016309979
2024200892
2025279610
2014224205
2007216635
2008340181
2024330582
2005207606
2022297661
2025204254
2008259726
2002324777
2008201404
2019243141
2019413517
2014296027
2015353386
2008229879
2022444880
2001268218
2013406171
2013203518
2022298632
2014218440
2012240321
2010200673
2025202694
2009262959
2015101948
2024304677
2020364800
2022355732
2009305258
2020221379
2000059463
2019201265
2007310479
2017318597
2020257990
2022289996
2007240571
2019224319
2012283121
2013230878
2010256455
2022218693
2012291146
2023293045
2019336329
2022309659
2013265512
2023333352
2012382613
2018247332
1999059866
2015320315
2010351308
2019202205
2013267900
2024203193
2016304892
2015343239
2023457492
2022270089
2011245299
2006291550
2026203526
2024268512
2021101613
2005297093
2023259153
2000042581
2021240274
2002252768
2018279627
2017272232
2024203760
2005269988
2001254555
2008303950
2010101026
2024202411
2015298491
2024387314
2012205747
2020271767
2021318136
2008341066
2026202911
2013206030
2020201513
2023285839
2003278790
2019353369
2005217646
2012204353
2017200131
2003223269
2014262764
2014101543
2018377964
2024368695
2018248602
2014228883
2006323251
2020274825
2021342333
2001244692
2025204091
1998096827
2003268280
2009215541
2019100739
2024340003
2012277817
2008202202
2019398763
2020402659
2015252106
2019391752
2006205108
2023351417
2015203690
2005234702
2004219990
2013228056
2014215999
2011255650
2020271024
2001276152
2004251653
2016219631
2014203108
2021212146
2004235782
2018323554
2001293503
2012326540
2011287401
2008244495
2019100231
2001243396
2020231603
2022235603
2008320448
2024256076
2024253661
2019391229
2011208154
2002233065
1999048488
2003269219
2015337130
2019261673
2014101029
2024414637
2010224613
2015207974
2022318223
2013260878
2009275655
2023356889
2009316017
2025287343
2009303642
2012220248
2023393490
2008201598
2005200253
2004253225
2016264228
2020386557
2014202080
2017444616
2007290684
2002220178
2020314531
2008200027
2015248103
2020442571
2018218696
2020432224
2019223950
2002229966
2018232891
2007270701
2020239676
2022347132
2018285976
2012385451
2016213103
2012282810
2014287199
2023426077
2014232319
2015387096
2008291328
2000026143
2018436322
2020277145
2007217218
2023234600
2024242130
2014235533
2014376321
2018331412
2018203597
2022207341
2005260887
2011293635
2017201474
2024371994
2019216700
2017281110
2005259329
2015284328
2019327459
2020242565
2010326289
2004212038
2017291162
2003215336
2014221356
2019219392
2016207875
2021200621
2009259936
2011229423
2011270774
2020202414
2000015082
2018243197
2018285833
2015210816
2023410194
2007275336
2005247453
2017308827
2013323861
2006212787
2007322487
2015215627
2011258690
2010277243
2000063892
2021472527
2024225887
2008320812
2007217884
2016200663
2021101483
2015214041
2012100948
2023243430
2018211202
2008359132
2019304436
2016356068
2002364100
2001011795
2003259738
2007242915
2001267744
2007297811
2013249020
2018200879
1999065133
2014228938
2009258626
2014215971
2025200680
2008362274
2021209884
2011200483
1999016576
2022375207
2021389989
2010236353
2019330494
2011299019
2023202670
2020383428
2001288082
2004285500
2003291510
2024400973
2013332460
2025275238
2023290328
2010236065
2004264949
2005318490
2008293833
2023417088
2022358609
2015273802
2023385978
2018431328
2018236770
2020255239
2010210795
1999041755
2007242802
2016273415
2003237930
2009245840
2023222661
2006208816
1998088724
2012271103
2007329776
2018352821
2024227170
2006279863
2012101281
2021309018
2013324056
2003264126
2005229663
2018281928
2009231678
2004298760
2022233979
2011249223
2010271243
2017261598
2020448839
2001043765
2017100441
2023236804
2022297627
2017101849
2004216602
2003235007
2016200803
2015330092
2023240079
2005235734
2015213505
2024328795
2004289707
2017208707
2020380603
2020277654
2008229764
2008295176
2017100889
2016344720
2017268893
2002336528
2007247009
2024289053
2015201229
2021102929
2021209790
2012216579
2012362165
2008328588
2014203067
2016203063
2009337174
2020437982
2016213744
2002319898
2016256749
2023403061
2021250889
2009221936
2017202874
2000060322
2010205509
2022330016
2023289822
2020281397
2021235243
2021204979
2025271497
2015375555
2020378435
2009296271
2013201272
2017405993
2020356603
2002345024
1997034423
2002352858
2004205257
2021379601
2003204990
2008201844
2021218096
2020213696
2018279603
2013352236
2013100176
2025201972
2006225273
2018395858
2014228654
2013279827
2022215184
2007200154
1999014892
2022422167
2024348074
2021206060
2016317637
2003231765
2018414535
2020205225
2015330730
2010279524
2014374304
2019100609
2013348218
2008214271
2003101007
2025271556
2004201391
2006288721
2020300119
2001257030
2022407548
2019418351
2025208463
2017204852
2017228544
2019280249
2008219657
2011202070
2014392256
2013201378
2005225050
2005291354
2002307315
2019343426
2020385034
2021325225
2005232159
2016201203
2018312113
2019292939
2012244816
2011253854
2020256387
2016347869
2009238545
2011256421
2001029092
2005221230
2005235718
1998093325
2021240206
2019327202
2005202240
2017422304
2020203740
2012261763
2017200109
2021386252
2019350581
2018298431
2010317553
2002321876
2012268832
2014369054
2000036184
2020322053
2008251005
2010203231
2011302818
2020279027
2019416853
2008258165
2002231474
2013334273
2023308270
2018204203
2016419033
2008201674
2009204905
2011373554
2018413669
2024266257
2024391748
2009100633
2022221393
2005262541
2011303587
2007274872
2025208475
1999028454
2005321593
2013226931
2014200145
2025201443
2012395512
2008217579
2010101281
2014218785
2002217205
2017400256
2008314925
2022246407
2024229559
2007277519
2006232639
2004298708
2013220502
2002344682
2023211077
2016269387
2017433235
2013257421
2019272685
2020271014
2007246208
2024303327
1999028693
2001063615
2022214765
2019203960
2024252791
2022273530
2018201133
2003246470
2019231300
2006299618
2013337035
2016207872
2021226582
2005205814
2021270777
2017309399
2009296248
2009100504
2023264827
2008314569
2005333178
2022277919
2009289277
2019244030
2012201030
2017366529
2022283271
2019213414
2019431055
2021273524
2016312967
2011275894
2003278699
2005258951
2018282187
2006338843
2021238346
2010201169
2008274807
2016290723
2012246096
2014100708
2000077251
2013290064
2007322080
2022234745
2013355043
2004256860
2024219346
2007252986
2002255944
2000049901
2007261552
2017264868
2002244540
2023288066
2003294169
2016218259
2024272995
2023253157
2012101135
2007207859
2013274581
2019247866
2017204019
2018203512
2021281511
2001290118
2019374663
2013251272
2024342884
2019251207
2023420352
2004292844
2006239936
2009231555
2002300870
2019279923
2001244614
2003228015
2022419234
2001294683
2013406041
2024206582
2016203583
2018204404
1999056195
2024378592
2020307185
2022231170
2006247752
2017216522
2006210283
2011306528
2020421070
2018357912
2000059816
2012253667
2021203792
2014247682
2022234783
2002313496
2021373047
2007219703
2020342222
2013277632
2019201087
2006212922
2013216661
2005264999
2009284102
2008249959
1998084004
2023347921
2016285566
2015356773
2012341448
2007205717
2016262740
2015295679
2018200013
2014220455
2009330458
2004260624
2017245318
2011205030
2024233275
2006262797
2025213610
2006295517
2013202340
2020407130
2007247426
2003292513
2009235955
2019344400
2018101741
2014402532
2018369528
2024278660
2009204227
2016302862
2018232645
2007200083
2021258057
2023266445
2016261356
2005261862
2021247583
2005325261
2006304274
2018256678
2015324405
2021202594
2015203140
1998078247
2019246773
2022393557
2009304293
2024200107
2017398473
2021282994
2018200200
2020102006
2014267213
2017399666
2009334794
2002315185
2005284080
2008213578
2007325530
2004303507
2020328033
2004243350
2020364978
1999021601
2025279835
2022204165
2012202330
2004283428
2011294016
2011269334
2021310703
2005245497
2023380480
2020351062
2022200969
2007327384
2012200957
2020103173
2011223673
2015362724
2007200507
2016259450
2026201427
2022380477
2024231632
2021101492
2006277678
2006200369
2024221409
2019246968
2023219999
2006291130
2015341444
2024266912
2004235874
2002257227
2018200109
2019436290
2014361705
2014280905
2020374892
2010227089
2017268514
2015358637
2020303456
2011264508
2005331693
2021202671
2019100145
2019322806
2004227911
2017203525
2017387586
2018232951
2005319455
2006238887
2019203267
2007270953
2003269242
2019409983
2004255504
1999019779
2010365727
2002312421
2012244380
2003252134
2004243455
2010363852
2013266970
2006297602
2013200127
2007261658
2017277234
2011331114
2020398239
2022414211
2021209125
2024204689
2010249851
2015393998
2024359325
2014204447
2019429030
2006239546
2019200504
2011208204
2022263509
2021101408
2005218450
2016285302
2011205517
2002307457
2019226047
2022379905
2014259659
2010290666
2007261985
2007307362
2013264075
2004277368
2009202296
2002232404
2017225674
2010249529
2023325415
2014200964
2018383712
2023200742
2021273532
2003252933
2023251405
2014389475
2001281047
2003203953
2005214271
2023326638
2025263770
2020202216
2001011564
2001014943
2019446680
2021275268
2022267845
2025223943
2023200275
2006230595
2004227787
2024370357
2016210616
2023370123
2016322708
2023412598
2014234335
2021104609
2011209319
2018201644
2022276743
2015345302
2017357076
2015289030
2020300680
2014245841
2011202383
2022309872
2024244149
2017421879
2012266584
2007340273
2011292011
2003207817
2007253925
2020281394
2001240343
2004282553
2002325616
2015369906
2021200315
2020230556
2016294865
2009331182
2022235574
2021315806
2024200277
2009230830
2011325851
2011201538
2004261899
2025203439
2022206714
2021327176
2022328383
2021240194
2002343541
2020401363
2018202684
2005284675
2015317342
2018223041
2010217794
2013331133
2005302242
2011352269
2020223404
2020260434
2024353003
2022402322
2015200460
2026203751
2018381090
2023260431
2020226290
1999029777
2009207968
2023261564
2016202243
2016276693
2010231680
2009299502
2016101441
2023375416
2009100300
2022345976
2016215209
2004295163
2021203069
2015200636
2016389595
2024362003
2012304368
2015217239
2023248375
2011305679
2016270558
2015261715
2007101169
2019270424
2011360257
2018201922
2008243094
2014275124
2019413075
2013348570
2002235085
2006275270
2014331628
2016333908
1999037022
2022269187
2011203312
2019216876
2012216583
2020203209
2024219602
2014210900
2013239714
2016201281
2011241242
2013326774
2006315489
2007201176
2006273918
2006245107
2018202859
2009282936
2020314183
2015239770
2021206165
2012211045
2016256331
2012259533
2012230369
2018200041
2004100402
2000080323
2021205105
2019391604
2001266858
2006268487
1998087761
2025202873
2004219988
2026204493
2024202789
2009335797
2022221516
2018213427
2005100968
2021321287
2013331212
2020202481
2012200125
2014391026
2006202421
2024202503
2004295042
2021106431
2016226500
2004249788
2012282963
2009267052
2020294333
2025204813
2017202471
2018279855
2004206079
2021257890
2019348010
2021366148
2014268832
2025200121
2010328310
2024379016
2022298245
2014393979
2020257272
2001280060
2022366208
2021254572
2008312937
2021281098
2005247567
2018375044
2008273713
2016258847
2021218709
2007273687
2021101591
2017208230
2024234022
2021323359
2003204182
2008243928
2015224449
2005227373
2018241208
2012249751
2003280846
2010234956
2017335677
2013274993
2018417114
2010306079
2022381719
2002359010
2024362391
2010275005
2007231547
2013249087
2006200278
2024219389
2012370343
2012259412
2010232469
2016100087
2003202276
2019373471
2019397062
2014273027
2011200260
2022268302
2021279007
2015359022
2017444373
2020204446
2006203527
2015211421
2008222189
2004201879
2020354508
2023285942
2008338916
2020317084
2017263566
2010220421
2009200752
2016429743
2009327664
2020369979
2016203068
2021364691
2000045490
2012312851
2016258449
2004287395
2018222950
2020217384
2016320611
2016201650
2010301196
2017202784
2000054648
2003213499
2019268087
1999057747
2024220000
2016306185
2020232436
2004312380
2020200522
2011358128
2011381036
2020104180
2001054744
2015305080
2022260528
2005326186
2007287372
2015277113
2018241056
2021409721
2011201336
2023200102
2017328930
2008241406
2024281000
2021105588
2023255422
2002233022
2008313765
2017421673
2018101160
2015353942
2020281933
2008200429
2020283056
2017286628
2006262016
2018314741
2022359275
2003297190
2022334451
2020334055
2020314880
2022204045
2023322432
2013343104
2016321832
2012236698
2016221594
2014202274
2009260489
2007201669
2024286646
2021340549
2014348493
2019389145
2015292288
2021273997
2011201689
2024395474
2020200431
2010246083
2023368748
2021261860
2019340667
2012203660
2011204989
2001272238
2008243077
1999010922
2010276382
2025201420
2016376009
2014349841
2019200403
2015352374
2022405892
2011290556
2021465534
2024202271
2014320450
2009202300
2026201642
2015249753
2021239067
2024381725
2012386480
2007294480
2018237807
2003280671
1999032212
2024362144
2002348049
2018307897
2021204784
2013206425
2011201080
2020208145
2012101461
2014237597
2014301041
2012343911
2016354864
2003261234
2015200067
2012101966
2023306582
2003214016
2011218637
2019282463
2005318635
2008319008
2000074337
2004291564
2016374640
2020286177
2023259646
2019211717
2010288663
2002048876
2003240640
2012358401
2018371606
2010244199
2019354855
2022200113
2022203792
2017281439
2019250259
2016299728
2026203965
2022476291
2021106650
2013242780
2004218944
2005279691
2015367822
2021350118
2023343512
2025202109
2010311192
2014225668
2020406006
2002249101
2007354437
2011238747
2021282335
2000010851
2014346881
2004321733
2017251217
2010327295
2014214547
2018379091
2021282323
2008338415
2003210312
2021101644
2007215753
2020382123
2022339765
2020220041
2007201918
2001251354
2010317096
2019304484
2025200116
2007337089
2017287019
2013257710
2013284495
2003212486
2025200448
2002229840
2020264283
2021101269
2018332505
2015275044
2016204567
2004290065
2008256435
2003258911
2020252786
2018273458
2013249848
2013234372
2012318682
2019206438
2012336327
2015309508
2004289650
2000026485
2013200713
2011247980
2012280626
2004277562
2006222193
2010222673
2020461921
2018394476
2024264583
2006218360
2013225268
2022226460
2013211248
2004251435
2020220372
2011217016
2016222456
2013271802
2013395455
2008300011
2006257026
2000068817
2003252879
2020341135
1998092916
2006242132
2014414707
2004209335
2006275575
2014408915
2017276507
2015385701
2014203145
2024335358
2003202922
2015369972
2024204479
2019290722
2008210818
2012203147
2024373326
2016331497
2010229329
2009201386
2006269867
2011235196
2014246618
2005314950
2017264650
2009212543
2002345483
2013269763
2021201330
2005203217
2010342955
2018211288
2015340605
2010328444
2018202628
2002324448
2018405876
2022271238
2024200110
2012216783
2014257328
2018241154
2005274250
2013206561
2024408327
2020267790
2010315629
2013399639
2010208020
2007216842
2021236474
2020210171
2019247009
1999033351
2017224944
2007216592
2016219636
2019335976
2005227366
2017219060
2016309963
2020260465
2023390632
2004268145
2023242947
2024205690
2011347273
2018223214
2024259861
2005256670
2024320706
2003251422
2017251833
2010201773
2023278130
2020203976
2020478178
2020326730
2004228477
2014321443
2019389878
2018100392
2004242908
2022246591
2017229605
2021290386
2015410455
2018203378
2011373542
2017269576
2000018864
2022239357
2018202543
2017221825
2006233028
2016353034
2020481554
2017203745
2018285822
2021293183
2006276043
2012200703
2002308536
2021236509
2019397932
2023317511
2020102904
2023208063
2010231136
2015360360
2010264523
2012294863
2024260305
2002346054
2014254052
2017379685
2011202046
2021216105
2003295757
2008251723
2017326175
2024200345
2014211520
2010282533
2020285370
2017210620
2015243036
2019250151
2010205351
2018101893
2023377601
2002367849
2012274438
2007243599
2021343469
2014377369
2020336951
2009250077
1999032964
2010278088
2009268864
2012101733
2021279280
2015401995
2020324391
2020100585
2000011399
2020203669
2023247884
2019205341
2016294344
2008312796
2011214298
2006217128
2022284957
2012316402
2004254367
2017219022
2018419533
2017334538
2020391886
2022315304
2013299335
2013273688
2019202598
2018101339
2006203505
2011227080
2019201280
2012211188
2013404956
2014216152
2016207702
2014334744
2003228543
2015338882
2016202833
2010226959
2022204462
2017350957
2009252730
2004200446
2009309587
2019418311
2016211519
2018328465
2009311271
2024227779
2020395912
2022231736
2015408199
2022429676
2011322042
2011201168
2019200452
2014353130
2012241162
2010313737
2011200337
2022202575
2016350485
2019203201
2015264810
2017101317
2021447276
2021103042
2023233663
2011211319
2020326302
2006319787
2012380774
2010287342
2009101388
2007316869
2011255633
2022410845
2013311822
2017417809
2008264798
2023248458
2026203159
2003291379
2003266462
2023293555
2024273512
2014305702
2016287484
2013311533
2009311766
2002313708
2021381700
2018203191
2004242614
2024200591
2012268312
2024204094
2015240766
2003217922
2009230764
2018254239
2006249222
2019200158
2010343278
2020103245
2016203354
2026204356
2002225495
2008229826
2000077610
2005299794
2006204518
2016201989
2012318259
2023270163
2024240630
2014284776
2017268508
2008221071
2022221467
2016215664
2016248150
2014329606
2018220635
2016100245
2023250450
2006279698
2022203455
2010200692
2018228816
2024202087
2003204619
2015357509
2018203394
2019203395
2017272101
2018302797
2024205842
2000014856
1998096826
2006214314
2013205649
2012240222
2014230583
2019250280
2022296283
2019322814
2024203885
2015299008
2001091412
2011363601
2009208314
2003285554
2003268273
2023447432
2015270465
2000073251
2009311470
2014233610
2013267049
2001054498
2016246730
2012202596
2013249717
2016348342
2021286244
2011237981
2006327217
2015239018
2022323756
2018253981
2019373367
2015238694
2025202333
2014277638
2026201836
2015341831
2020359638
2024318334
2000065706
2021277774
2019211223
2008202721
2014262165
2006202642
2001284006
2009101104
2023253692
2021290226
2018240515
2024242388
2013302260
2024203806
2025203265
2002308980
2021344346
2022381323
2019323944
2005339149
2023214251
2017216455
2017322492
2019330008
2017261168
2019334997
2012348360
2021263904
2017210662
2019410266
2016208306
2015348489
2016368696
2008316885
2016253645
2011254027
2000044009
2012262011
2004283065
2002327664
2003285355
2016204265
2021101267
1998073349
2021201923
2006216582
2012216330
2012244163
2015397891
2020301092
2017243550
2014239912
2004224978
2003231690
2022215208
2001060483
2010202916
2022388137
2014313763
2013216574
2012222267
2013203769
2011278091
2015210392
1999060936
2002355618
2010247766
2017342085
2019359141
2008291682
2017224828
2014268321
2021209917
2018301224
2013325215
2002213647
2004315680
2012258687
2014317407
2015276826
2012202691
2024227344
2002313987
2015289028
2020366585
2011282321
2004281077
2015228725
2012327821
2012214500
2009324945
2011235599
2004210517
2016270135
2017270920
2014280983
2017218929
2023200623
2018258842
2012249240
2013101539
2001064242
2005245401
2025200877
2019203864
2005100297
2013100385
2025203333
2010335058
2017276817
2024246486
2014366837
2019271147
2008203496
2005299767
2024266910
2013205960
2006204757
2007224187
2006337928
2021218213
2020202234
2007273087
2011286157
2015201623
2005244274
2018402635
2014311463
2016222325
2015203231
2010266103
2007317447
2020272671
2007201199
2012221277
2007271719
2017319882
2010224113
2017316513
2006330514
2020243682
2011101681
2016379390
2018236828
2021203185
2021269157
2012279143
2003276166
2015322200
2012202453
2014101064
2004217809
2000026623
2026201655
2012297571
2016299141
2013377891
2009217852
2001257285
2014302507
2012227204
2007344948
2019100120
2018102008
2009219819
2020235100
2013275607
2024233572
2011201195
2015356587
2009261718
2002323100
2015238870
2009253671
2018392717
2023200376
2016256684
2009218563
2010227843
2023237105
2006280812
2010200406
2009302159
2012299557
2007332085
2017200694
2004298048
2008243227
2013368881
2018209333
2015334928
2010313116
2011224184
2007202354
2007227708
2009243170
2008200631
2015207352
2011286169
2018204853
2010319881
2018226517
2012266905
2013282051
2016371224
2024270380
2016326281
2014204493
2021206693
2022238365
2024237095
2001242269
2009253046
2009324256
2017392150
2022477346
2023341870
2003295428
2000038575
2021202416
2005254657
2021102301
2007285743
2018293398
2014209936
1998084647
2009213096
2019293561
2002319952
2010326311
2007331860
2020322413
2018346427
2009242700
2013336891
2012299311
2024200018
2023278793
2005232321
2022271320
2024205593
2024204726
2023200802
2020289937
2011338304
2018435310
2006318766
2007286631
2020253607
2020104276
2021221654
2008209499
2001013930
2016311426
2018201425
2003279208
2003230422
2016348648
2010319662
2006258010
2010227017
2025204845
2021253210
2002316421
2009201166
2025204801
2014338686
2019399804
2008322986
2021221824
2015220777
2003216291
2019361742
2022296613
2024382376
2024365302
2000042505
2001273030
2019390319
2022367098
2016366227
2011224120
2004251838
2003239593
2015216600
2012308318
2018202341
2016221451
2018336051
2014203698
2016307843
2002304511
2012320581
2019275542
2009300607
2021206510
2020288555
2015201681
2007343388
2013242936
2006333399
2013308145
2022354672
2016200562
2019318437
2016379447
2019236205
2016215747
2024289733
2009270821
2018201483
2021233040
2018331397
2009254785
2007201453
2023357890
2004218543
2021100779
2015356991
2021286368
2021105562
2014293895
2026203784
2023288923
2022211588
2021372307
1999056995
2017238106
2004224331
2011320883
2009202924
2016203061
2022202082
2019338745
2022418256
2018335254
2001034561
2020272045
2012319355
2017439921
2007200705
2004287892
2023266585
2023202004
1999015915
2022252694
2016102479
1999012655
2023377610
2010291859
2020301216
2010273709
2021240324
2005231811
2004201685
2020371593
2018452334
2025204781
2023214711
2009316076
2024202897
2004200453
2013308470
2004253455
2021411506
2024260041
2011297889
2013209384
2019206005
2000071767
2016102313
2019329945
2017344056
2000034160
2005273785
2016202317
2005263173
2010307156
2002319495
2023467895
2003202458
2003261675
2024271170
2015273340
2024205618
2017326638
2012208295
2004200977
2014337044
2002224038
2017220830
2021232736
2017427054
2009267525
2018380772
2024278397
2009206331
2022489788
2008343928
2022382396
2016293306
2012266930
2008207421
2013201981
2018227302
2018287519
2013283726
2022337841
2020391989
2007201680
2023274177
2015240354
2010303656
2007229463
2023210588
2014407470
2015331752
2010285615
2014236812
2013343774
2008232318
2010306622
2013200793
2016244260
2020100643
2000029702
2022279311
2021216049
2014388300
2002337645
2021102297
2008208920
2002342560
2008202166
2006281237
1999011066
2019100055
2004236836
2019218373
2023219872
2018305796
2018229559
2017346076
2014356173
2018430831
2017251673
2023219588
2019268199
2009206625
2013238851
2020102534
2013286987
2004311996
2013359005
2009244638
2021405013
2002223812
2013357361
2014235789
2016278358
2006303868
2004306228
2006311026
2016200093
2023384334
2010310800
2017365179
2014252808
2007201864
2015227510
2009226706
2023416469
2023359133
2008100508
2018254529
2013200368
2004100893
2018100396
2000036743
2006271206
2007336291
2006235065
2015280417
2012263691
2008202363
1999014971
2008296677
2021200084
2015289218
2020436768
2004288828
2008238986
2017395703
2010226954
2015202618
2007289681
2014296597
2019200224
2006316087
2002309967
2000056279
2005295808
2021103416
2024272526
2010206592
2009202013
2024278096
2017100767
2022360837
2000060376
2017268465
1999058054
2012226806
2019275067
2013300094
2013345546
2014265089
2010201969
2021204334
2017268619
2010284863
2026200529
1999061668
2005205880
2013101735
2019312678
2023285822
2023254123
2020300057
2018204905
2004216973
2010235938
2018234841
2009316721
2015265869
1999032896
2016310584
2018265353
2001273194
2025242187
2024201201
2012294877
2006328458
2023379484
2000045848
2017208323
2003235001
2010353301
2000052855
2020202200
2024218128
2016344721
2012245482
2010316318
2015254170
2013395661
2021258899
2012273516
2014100661
2022258691
2021224663
2019331331
2004229149
2020275315
2024307413
2023233075
2017232229
2016102240
2004246207
2016383119
2021247480
2004296781
2021344099
2025202140
2023204829
2011224429
2007290048
2014391608
2014283264
2019203176
2023204485
2011213085
2020370254
2014100319
2022369058
2013328494
2020278780
2006287416
2022252770
2011287386
2023201269
2024359838
2008101020
2013201204
2020372990
2017322271
2013237707
2005336856
2019295574
2012200744
2024234185
2014332251
2012202512
2023317427
2016373654
2022268363
2021308340
2020103388
2023283511
2020284338
2015270854
2020456732
2019315022
2004201997
2000056459
2012206954
2016378953
2021101453
2020329781
2022287548
2006314813
2005241659
2008251427
2020223699
2004208427
2020225914
2020201342
2008201629
2021205017
2022370647
2015213298
2010215867
2024292051
2006218803
2018329660
2019312297
2011282769
2018271256
2017342026
2020220105
2020266750
2009295702
2016366954
2004255934
2016202763
2015277742
2023272774
2022298568
2021250653
2022269365
2000043649
2012391813
2006333390
2008305407
2021218678
2006100934
2017334220
2016206276
2020201232
2020203467
2016243746
2018409776
2024287308
2005280885
2024203679
2003250664
2020346420
2021269223
2020240750
2003280230
2016364680
2010327317
2019204089
2024213345
2013316706
2005282352
2014200636
2014265062
2014201230
2017260507
2012228643
2018204788
2022329481
2015270596
2022269076
2012223657
2019466418
2015401979
2004284107
2014291181
2010281302
2021293427
2014306170
2020269585
2018349363
2020226823
2022269845
2002247032
2012204302
2025256086
2022290669
2005215929
2022213093
2018203013
2024278427
2010207570
2013213507
2015258279
2009207025
2014220840
2011244756
2018250419
2002301293
2024366806
2020279129
2012100607
2016344440
2006225225
2014100155
2007329490
2015202056
2025202292
2020430369
2021382003
2000075303
2009313885
2022244995
2021292515
2006223212
2013243219
2015355667
2017204331
2013245516
2024220087
2013285085
2022451605
2022235174
2000065566
2005255897
2022236428
2019100140
2016203401
2009295197
2016202241
2014351066
2011101309
2022207259
2007240583
2010252451
2010306793
2003260116
2018258954
2008310660
2012201085
2018200825
2019419626
2005298469
2012388027
2014310564
2002223784
2005218248
2014213490
2021338303
2012342175
2024250115
2021107029
2012227350
2018346957
2021307416
2023278086
2014344032
2017220720
2015221370
2022285368
2011100301
2003287098
2008300599
2020369168
2016289954
2002334135
2013203534
2002340352
2004230254
2019257380
2020403602
2020318124
2008216945
2020301037
2014318640
2004321922
2008203796
2020414806
2017240443
2001259499
2010276638
2010290887
2020212026
2019328326
2001269285
2004220209
2005300113
2014409333
2003205993
2012294614
2014100670
2019324040
2011340460
2011317414
2015267968
2012205250
2016419832
2017382202
2005234023
2004322478
2014204531
2016204603
2012261640
2024278334
2018311427
1999063494
2010201104
2024386397
2012222318
2018330427
2022226998
2019218423
2020102825
2022327748
2010334587
2014236856
2010210024
2018214084
2011224505
2013402040
2014312223
2000045156
2022252992
2021229178
1999054852
2004272072
2015258221
2016378486
2022447622
2004261229
2017372901
2011281037
2020222298
2009330594
2015245909
2013292877
2014334837
2025202258
2005212925
2012216700
2010303899
1998083495
2006269994
2006248979
2013304795
2016254507
2019219780
2022342994
2011326107
2011268733
2010358605
2023379051
2007249068
2022271689
2020319138
2004308652
2012269389
2009317678
2002226682
2018241406
2017414660
2013329626
2017202182
2013209620
2026201094
2020406798
2023249400
2015204342
2023319227
2002242484
2022252847
2016261226
2016280617
2014233608
2009339202
2020319875
2017244519
2022316347
2013374296
2011239333
2020200195
2016395665
2020264284
2024380191
2021201524
2024355878
2005251786
2013260699
2022401654
2004217988
2013406210
2009309460
2017100990
2016247433
2014201732
2006203483
2023324232
2019213848
2006212012
2020214797
2023381847
2008100784
2018202858
1999059479
2015400449
2012366770
2011212862
2014100686
2016306486
2017225131
2019237232
2008233078
2009335975
2021105390
2009276280
2001266822
2013207683
2001284908
2013267059
2011254076
2015201064
2005294730
2012348626
2007246766
2002308444
2009213102
2012202996
2013211673
2017269712
2022281700
2016244000
2003249657
2023224113
2016202437
2015201768
2019208207
2004268895
2012101911
2023228669
2011301135
2017368923
2015238794
2006265780
2020206760
2018282498
2021103504
2013266705
2011271635
2004228427
2018315035
2020267561
2006301118
2016102218
2020227031
2013218783
2025205150
2011251061
2001254815
2019250275
2015203327
2020220895
2006272582
2017280850
2005220917
2023200556
2006293635
2020347147
2014203824
2019233790
2008209561
2017203395
2020262256
2020384274
2014201283
2019225516
2023242760
2021452327
2017286733
2003210031
2015351768
2016266015
2013225173
2023415535
1999040737
2008275969
2022304906
2014289283
2003279772
2020427455
2016265189
2021343372
2006238861
2022413143
2017206146
2020306249
2019100321
2009248997
2022444592
2020398147
2011237598
2005248317
2009246572
2018248345
2017260360
2011218702
2017207810
2019100408
2020481929
2010250099
2009271666
2007207074
2009212267
2023203791
2010215960
2014100900
2020245575
2009286123
2014318448
2011250818
2019380413
2023278147
2021215709
2001245578
2016308766
2017378729
2001022636
2020240048
2011246529
2016297417
2010323218
2015100457
2014351079
2024243834
2003249942
2010243044
2021227740
2017280057
2019280688
2000054312
2017201217
2015203222
2021286069
2019336674
2020281095
1998090388
2024322148
2024353152
2016264137
2024204154
2008101171
2005289164
2024391338
2018282604
2007220299
2007275950
2022249162
2022328339
2017216451
2004221688
2005333472
2014298099
2016261837
2010288642
2023387751
2017355613
2024263012
2010286077
2021106580
2024391409
2014367147
2020256283
2013203204
2020201526
2018223038
2002231125
2013101796
2020277100
2014414121
2019256003
2022272922
2005245897
2021203477
2016319229
2006300196
2011328607
2020351724
2024363507
2012287009
2024307383
2010328305
2013213676
2008316890
2000052023
2009202175
2014253162
2004272038
2014101130
2016288606
2020226304
2015320446
2023263320
2002309571
1999062666
2004276072
2017202417
2005216703
2014334201
2001252213
2010274097
2006270035
2005296562
2002322916
2013214495
2020277128
2017203779
2020239702
2011266811
2011201136
2017200303
2011325251
2002319000
2015372635
2013216659
2015265793
2022256211
2009345390
2021200988
2020203454
2010340864
2016309268
2016101435
2011252976
2021242887
2008346725
2021307472
2004256980
2003218640
2021210655
2008218929
2013362474
2017319390
2021410044
2011203017
2005300752
2020274222
2021269093
2024441602
2004239014
2009277936
2013344970
2008207451
2025271156
2018258957
2004244182
2020226385
2015279212
2025205148
2009204642
2008221230
2015200801
2019295815
2012378238
2022294728
2020204132
2023202630
2005246151
2002309622
2020200087
2005210692
2021201267
2019221827
2022283898
2021236690
2022323375
2013234379
2015248784
2002336839
2017200125
2013201475
2013269685
2020226955
2021204807
2005254298
2008326430
2018223826
2013206630
2022368937
2008200186
2021387755
2020254105
2019272003
2020200830
2023260810
2006315629
2013201624
2019210711
1999016944
2019222024
2013201184
2006301747
2000031190
2018254761
2007272297
2020325726
2002254519
2016275127
2017203295
2009250993
2011343336
2023352113
2023206165
2014304308
2021284377
1998089009
2023243962
2021200063
2024323532
2016101443
2003265942
2002334477
2018203813
2003243902
2024242380
2011336396
2020101263
2011253683
2009201127
2021101426
2014349125
2007306274
2015203262
2011203500
2007292221
2025202511
2006323285
2021201700
2003267859
2004203268
2021101176
2021271402
2001033922
2019203024
2014268199
2016244258
2020200154
2001268599
2009274158
2015336958
2017266932
2019363538
2017239050
2016202966
2010273291
2018202885
2001045445
2019377425
2021103690
2023284080
2011349022
2010337856
2002332887
2020332113
2014258003
2018200126
2020407302
2024216550
2020318421
2008201575
2019204477
2000070196
2023215508
2015341682
2021338376
2017327825
2019337958
2018361545
2021229152
2018336052
2006208439
2013270611
2011202613
2008100990
2017378364
2020200946
2006235147
2015221871
2007218999
2011237556
2014201464
2019226009
2017349650
2010200535
2004242799
2017204223
2022221708
2017378839
2016315941
2024371919
2022272851
2024201676
2011333827
2011325183
2013206356
2016324386
2020286523
2011301268
2016257616
2016339652
2016322506
2000027341
1998096370
2017200331
2019300405
2005282653
2018101468
2025202756
2023334591
2012357699
2016306711
2007336123
2021422874
2022389042
2020321174
2024355414
2019202154
2016259792
2010233912
2018278782
2006338504
2011278422
2018204641
2024264707
2019388295
2025234145
2011201823
2018207665
2010232750
2014281686
1999053816
2002355259
2020314047
1998088968
2019100526
2016204997
2003214909
2025271574
2014205485
2004285329
2020433840
2021289063
2018382999
2020441251
2021229310
2024366035
2005234649
2003203970
2015401501
2008300416
2013299313
2015318364
2004214582
2011258257
2013287199
2009268776
2015242445
2016283645
2003290836
2008263754
2017219151
2021366578
2011202885
2023399774
2020242490
2023202470
2010249178
2024311323
2003247992
2004281863
2000078046
2002341284
2024230997
2005237255
1999044930
2010214796
2016375312
2015100475
2012336209
2007292578
2004214513
2021376310
2010345682
2012216849
2017217552
2008246293
2008291803
2008305672
2015258223
2012200837
2009311358
1999053706
2002349126
2013289939
1999030348
2016328549
2014233649
2013369967
2005203785
2007216323
2017277437
2013208955
2020284706
2023309339
2023395830
2021261032
2022310072
2006236956
2008256256
2018220149
2017215878
2004293644
2006308264
2002248639
2025206055
2011353862
2016378393
2026202864
2011205891
2010217648
2016349780
2015279834
2016200233
2007215469
2002320465
2022272652
2007249461
2019325161
2005226001
2017212758
2013209373
2017326022
2010325076
2001293471
2008100955
2005207815
2016288373
2018260872
2013205925
2008289257
2017219108
2024259700
2006316759
2025205065
2020294312
2010332819
2007100351
2017279707
2004221236
2011256810
2018202935
2011201553
2014201022
2020257974
2012307103
2018258752
2006238919
2022334942
2019101784
2020383191
2020102148
2009249806
2021100560
2023420007
2010343683
2011265529
1999052404
1999031632
2012101103
2023276739
2009305684
2004302687
2005306186
2024406749
2023246851
2025252663
2017201066
2019200219
2005231671
2007265677
2020358866
2017308806
2016226097
2019412732
2008276493
2001274283
2006305892
2012100203
2012243250
2007284932
2014291711
2011255955
2008307757
2005202437
2018348840
2001031558
2023378833
2012201647
2004303792
2023282322
2010273582
2004268628
2016234972
2018206736
2021334790
2014393337
2017380092
2023215314
2006329844
2022405382
2007315245
2015313797
2017226933
2003258002
2006325565
2010324562
2019247776
2015230850
2016201060
2010207934
2011226790
2025205517
2008296471
2006218874
2010353524
2001045565
2014101333
2017224232
1999051303
2012222202
2021240306
2024356068
2017203552
2016356670
2019202369
2018222994
2024405518
2004325588
2007275586
2013313138
2016219653
2021221518
2021105120
2005240673
2011218633
2024201429
2017343990
2012202336
2010201709
2010218186
2008204869
2007255732
2001027621
2014240435
2008256174
2024366347
2008201975
2020221828
2009276570
2022422213
2020259884
2018226872
2010211053
2012308622
2014205304
2000061210
2003219837
2015200085
2010333238
2021200681
2020294103
2013337308
2017228982
2016203142
2010202088
2002245162
2012335175
2019410702
2017241923
2014209809
2024200368
2004317067
2018420539
2025271529
2015100484
2011213726
2017407367
2012322979
2007308472
2010274140
1999031342
2007241423
2017286356
2024259679
2010267822
1998090377
2004289835
2000010613
2012296458
2017322222
2007200292
2014277298
2015382630
2015201961
2022256205
2011243126
2013251382
2005222371
2022211877
2020209144
2019297019
2010213918
2001296880
2009203124
2015214328
2012398268
2024318276
2021277631
2004232218
2008297898
2012347883
2014295442
2019101837
2014203177
2002310020
2010300074
2017331824
2017386533
2006321602
2018277525
2020449612
2011200271
2000057389
2006213609
2011337113
2013202173
2009321622
2006201655
2018333591
2010296639
2016216635
2005267665
2005296244
1999016713
2017291835
2005306629
2022203562
2010211066
2016208585
2019383565
2024252798
2012201658
2006200970
2003222694
2017202073
2013100886
2012368354
2020251026
2022320473
2008335809
2020210151
2024245042
2005298692
2024335196
2020407553
2015274530
2019317821
2007347093
2001245753
2007346593
2006336869
2006239988
2002321738
2009201613
2017304932
2016355117
2020103702
2016201197
2014403865
2016277746
2009239775
2023441207
2022272611
2002328976
2007227773
2011200714
2021325610
2016388020
2002323199
2013276962
2021100279
2023200072
2010260346
2013200580
2021221441
2009257866
2004313748
1999048003
2020392116
2011314100
2021203672
2015101376
2006247065
2006268480
2022304660
2020202026
2021202948
2019271212
2007200923
2012374106
2017249036
2013234955
2011250790
2017364219
2004201504
2004226195
2019264965
2013207653
2018224094
2004238648
2022250534
2014250647
2015346037
2019335417
2020300527
2013243873
2011310580
2022429609
2021240812
2001270012
2022237618
2022452948
2003276157
2018234628
2017101911
2008341063
2024202973
2004288200
2017322689
2018385224
2009221694
2001060667
2015349752
2005227757
2017436676
2025283511
2019202386
2006351126
2012259434
2014295814
2024202106
2020244584
2020425149
2023270239
2020217099
2003248239
2025206389
2023265174
2002349343
2019245287
2010298687
2022201227
2014262233
2016433769
2015411714
2022221336
2008203247
2016221627
2025230809
2019284093
2014414008
2018100086
2002223816
2020307678
2019229418
2015284500
2009255482
2011334572
2005269640
2002321144
2009100565
2008202590
2010280530
2021254600
2000049150
2007227384
2017271998
2023361194
2018274987
2006326016
2019224738
2016201943
2022358499
2018334597
2009296457
2016202060
2021266302
2002311502
2006275713
2006241806
2015218544
1999024913
2011286371
2009200627
2025279796
2014335449
2006251995
2016217558
1998093057
2018209409
2004263036
2016200401
2015242375
2003200297
2006100799
2014257436
2012246686
2004270429
2012227147
2018204080
2017355386
2020101598
2017216518
2018372526
2013248481
2023203443
2012248422
2016380892
2006346391
2012314129
2018267359
2014360383
1999040431
2008297928
2015332951
2020480672
2001016152
2019398796
2024277654
2019261723
2005245868
2000020768
2003300707
2000025674
2017418972
2006308082
2021103787
2008201714
2012298703
2013257454
2007271313
2005215627
2008309537
2019201009
2021375694
2024204464
2020290351
2023259613
2024203113
2022262435
2016363434
2009296789
2013231977
2013341203
2011202815
2017318610
2011292465
2017246349
2020477040
2010200543
2019358439
2022425066
2021225696
2023258574
2012234195
2020483987
2011220486
2006236717
2017215684
2004319942
2008246424
2019322227
2022226903
2005261569
2005302499
2016304936
2018314765
2014253156
2012100275
2003228468
2011293621
2022337080
2017279995
2020202883
2020318666
2012259036
2010211201
2015246167
2012217696
2023222951
2016218301
2004240220
2006252298
2003220905
2015201874
2018202498
2013318362
2020393728
2020202046
2009210423
2004230971
2022226837
2013101066
2009333504
2022216534
2005219496
2020250207
2023438338
2008200177
2014209354
2022219922
2025205055
2016102142
2008271639
2015351457
2021102472
2013280779
2013209380
2006309773
2016261637
2002218191
2025206046
2024209197
2017300621
2010313245
2004215601
1998095015
2013257399
2025202024
2020267189
2006291315
2020289485
2021201938
2015230939
2026202929
2021416936
2021278105
2007339736
2006205001
2016201130
2003264586
2015272004
2020239721
2018302257
2019223074
2020207839
2024270034
2025256112
2014343034
2008267505
2022344114
2005220989
2019291777
2023399747
2004222140
2004209040
2020207887
2012312344
2004293842
2014241824
2012352763
2012201142
2020101575
2002310819
2006306459
2023202020
2001033734
2020241905
2007237329
2005244571
2026200076
2017206170
2017430315
2021264532
2008331994
2021203168
2006266564
2017213551
2005203047
2009318559
2021107196
2021221917
2013101718
2004258071
2001076630
2007213406
2024225440
2014362175
2019203162
2025271319
2021241828
2015298278
2014284262
2021209345
2022271119
2005307201
2010320137
2019227915
2008324227
2013239111
2024285571
2018234848
2006281290
2005304388
2020265463
2003260688
2011101101
2005305869
2024325493
2011360876
2009213011
2013327484
2020215661
2012201026
2013313333
2023219997
2022272005
2026203829
2015226940
2012212499
2001072112
2021429144
2006246017
2013305427
2016374163
2021341647
2019237104
2005291738
2000054199
2003275404
2013229660
2010291969
2016232614
2023235297
2003214926
2006342436
2020396818
2005279329
2020277416
2014253681
2012238382
2003219259
2022459444
2007266108
2005211112
2007242945
2015301056
2016293213
2012280985
2010296489
2021104345
2006219584
2016248214
2020267283
2019345040
2018345686
2015100840
2017218618
2018313901
2016211547
2007325179
2018341803
2002223158
2015289237
2013234357
2015227247
2023458797
2022431091
2013230789
2005318423
2002307098
2017221284
2021388831
2015202240
2024201285
2012272544
2003238392
2022486015
2010286576
2012316205
2003100250
2018439679
2018386552
2009233636
2020252190
2002306518
2019428019
2021100735
2012360797
2015302930
2019400424
2020402123
2011209670
2014200437
2018201248
2014200750
2000016519
2004235406
2007312659
2015265150
2021204362
2015201287
2011226793
2012394964
2014308708
2023421197
2008211981
2003283743
2007340189
2010257358
2019215802
2003240144
2020103795
2007200468
2002222683
2017341674
2007308023
2009200120
2008201359
2008203808
2021383307
2005206343
2019264581
2009264938
2020211408
2012300316
2009268687
2024222846
2017210497
2010320963
2012270250
2013370268
2005250157
2017277703
2011295367
2007307800
2024218928
2017228644
2020257519
2019411895
2000014986
2015243214
2014223303
2012270310
2020101362
2006223312
2020273350
2003249249
2013371366
2019239331
2010257328
2010219392
2020253445
2017372468
2012340977
2021249219
2021460932
2019203542
2025203695
2008294874
2005239650
2014286595
2022291643
2014261397
2015362075
2018396636
2008334685
2008288890
2008267012
2019478742
2020208413
2016285430
2016276442
2013100639
2010348889
2013282391
2000057851
2013202055
2024219413
2013346997
2010280881
2020102235
2011205188
2015222590
2000038490
2017258377
2005229763
2021413758
2009323978
1999029012
2004218345
2024340149
2021101446
2019201818
2006229793
2014262209
2021103568
2010274138
2022221563
2021253786
2010246471
2024205880
2011232272
2009265848
2015369696
2024347567
2009101148
2006282800
2020262441
2011253956
2001283205
2019362131
2021282983
2005275374
2024354712
2007306874
2013202185
2024353299
2022359021
2020231084
2021270960
2021244941
2011200820
2016371681
2008226844
1999038187
2012216956
2023333343
2005250464
2014272840
2026201803
2015201336
2019294228
2015249134
2010328145
2023397777
2012321248
2013101300
2022429340
2012360236
2017100324
2024204774
2016255725
2018314216
2023224434
2018271264
2022407504
2021282188
2000011100
2018211904
2013206001
2021201559
2020244463
2021241529
2006275140
2018389642
2020431093
2017225007
2022360412
2011200746
2021404409
2014286942
2012202302
2021107487
2016427019
2012202911
2018203666
2007304293
2020340468
2021212072
2007294805
2018297710
2006276346
2009293209
2020370210
2006243872
2017228718
2023257975
2014203184
2009288489
2020285620
2008338550
2013223921
2013361164
2019224098
2005305680
2016205002
2013370753
2018202509
2020101999
2011215208
2024231943
2019226125
2020204121
2024282745
2019346378
2007295835
2006351585
2021205108
2003272310
2003216377
2018408341
2010321707
2017265219
2013252701
2007249239
2021202783
2017260583
2013284452
2021318730
2016247202
2024327939
2017429594
2014236127
2017344031
2007201370
2022269916
2020252246
1999050215
2011203580
2008354613
2008100565
2019260159
2011235209
2018275002
2012352497
2020234954
2015332550
2011200273
2024285266
2022203084
2003222675
2017202175
2018242894
2023406052
2004200095
2019282654
2015220569
2000014803
2005270059
2005203680
2001010093
2017200661
2016363739
2014259459
2010204430
2009295730
2011278169
2012344547
2023202713
2002226979
2021367820
2017221875
2003241804
2023201890
2012327954
2003206500
2009267826
2014215622
2013237712
2023248151
2013342218
2015247562
2010341694
2022272235
2002322346
2017266526
2020403077
2013243353
2019335392
2013200601
2012100487
2016326523
2024202301
2016212030
2010227340
2021300228
2019201846
2009238288
2018328209
2003232863
2020203726
2020267244
2009212079
2018233432
2025200210
2023290523
2024392341
2004276071
2021221653
2012100679
2021380814
2014245777
2016203896
2019202518
2017280293
2019345932
2012225119
2007262746
2012228994
1998090369
2020250305
2009334430
2009227905
2011200673
1999045739
2002321789
2001043034
2002250863
2005213293
2024348742
2011249457
2007240732
2017291680
2021100573
2016203283
2005301259
2013201368
2001033377
2024262533
2012204748
2005218656
2017379062
2002226963
2005339476
2010233221
2015212872
2013332061
2006101099
2022430223
2021106739
2016269294
2016433478
2018251725
2007224008
2021340180
2005211835
2003284489
2008345033
2015346144
2020210162
2011227001
2009237466
2007324081
2012279048
2011384704
2026203073
2008202873
2007100253
2022202526
2006202758
2003254706
2018222940
2015268735
2017390376
2020101397
2019449456
2001268075
2010305693
2015387048
2019205325
2023383346
2018309649
2020218241
2019292277
2014393396
2005215316
2017301705
2022418503
2022204837
2019266468
1999028445
2016255825
2013225159
2012201887
2019200144
2020259946
2023206103
2024205169
2013298340
2011286297
2013262694
2019100075
2006257082
2021201723
2001263449
2017201996
2014271207
2015221543
2018321946
2019449503
2011224045
2008346870
2013212527
2020315615
2023304126
2022262613
2010245347
2002249845
2010208156
2021245169
2004243169
2016429499
2025201722
2023201873
2008349383
2024423088
2020223726
2002367133
2018223220
2009251096
2024255227
2017204090
2000056116
2011204622
2019407191
2004209558
2021360298
2022204604
2010288879
2013305476
2022201977
2015374634
2019291136
2021209955
2020201723
2015295405
2017218971
2002316425
2024219984
2013273420
2025202727
2005250036
2022380837
2013101485
2021101447
2015304131
2020264327
2010353843
2011287352
2023313254
2011282973
2020388387
2014358256
2012228194
2018387869
2011263423
2008216010
2020294428
2015253704
2016359598
2011349791
2006289378
2006278717
2017326121
2000023576
2006244311
2014385392
2024368089
2012362468
2003257258
2024216281
2008294621
2018303540
2022482559
2018201182
2021435423
2019226626
2009298814
2006266251
2017223347
2020350804
2012216384
2014236740
2019210651
2002303489
2020206255
2017202991
2002318972
2005302085
2016321414
2017254978
2006294397
2007272602
2024259757
2018377771
2007302853
2015378398
2014352638
2010236053
2007228857
2022244505
2016201946
2008255926
1999057004
2006220578
2007302788
2014229014
2015242442
2023248168
2005301122
2020213325
2010219378
2010232219
2021419066
2015201598
2014292809
2012393654
2001018454
2019217434
2003268824
2017218460
2008218947
2002228994
2013203511
2007227438
2000010808
2002245396
2014218801
2021200172
2023206190
2024239561
2020101751
2015235572
2004217567
2016201876
2019407029
2002349625
2011362979
2008250989
2016276159
2015101874
2018100287
2012272664
2007202575
2023400780
2023282175
2013364536
2018384223
2010261499
2015200028
2006282030
2020333434
2014101335
2009279111
2021287316
2022226256
2017228692
2010261511
2015341700
2011350088
2019241439
2017266620
2023316593
2017100420
2001260137
2014289973
2017228633
2012301819
2007254656
2019307743
2015329774
2003300092
2018247324
2010239437
2025205359
2000051934
2022269069
2012253694
2006243552
2010259023
2006203409
2022219906
2021105962
2003209823
2012203626
2008322776
2018241142
2020100023
2008325589
2018202996
2019445862
2007260842
2018250916
2020406350
2006201314
2020204383
2017272086
2021215113
2021284453
2022317290
2014242279
2011334517
2013286714
2014259562
2018200369
2020356141
2023237113
2021379565
2024366594
2020206015
2013320137
2021101490
2000054600
2010241252
1999058110
2018225957
2020298105
2020227116
2009349441
2019260558
2008360632
2021221855
2018215669
2024287119
2022210301
2021240239
2021450579
2008216749
2008222599
2013304146
2024209586
2017205337
2019200147
2022260857
2017335833
2016202657
2014342232
2017380531
2012228363
2015232049
2014238740
2008200485
2020287090
2005287397
2009250065
1999054208
2025205352
2006204161
2025252576
2001245199
2018317497
2010201713
2003303238
2014293902
2004212401
2024204862
2009237610
2015231805
2010256763
2013322221
2009257191
2024278336
2002327502
2000073586
1998096416
2023248121
2005299287
2001026462
2020419590
2011266774
2014217787
2019221321
2001032915
2025223867
2013317588
2019245462
2008247818
2005203440
2023203971
2009224096
2007324044
2017375040
2004224070
2017404594
2020327019
2023203620
2015378722
2008288768
2006346496
2015200598
2013205721
2018241245
2005269729
2024205154
2015419230
2007271186
2019443412
2020264364
2020101959
2020233604
2025230729
2004251075
2007300070
2017326087
2019271910
2016228287
2020387371
2018225115
2010323579
2010270353
2001292907
2013330217
2022418817
2009333802
2015273272
2010296136
2013326921
2014351019
2003270768
2021306236
2008233956
2002319328
2008343829
2021204228
2011244181
2013206377
2010202587
2003254044
2024246107
2014278552
2018205241
2022396778
2011295110
2015230141
2005251920
2011293718
2007267989
2005251722
2000051873
1998051194
2010201230
2016341304
2019398116
2008202713
2015281304
2015311663
2014377739
2025203556
2015202437
1999019127
2026200991
2021335420
2015213302
2010228582
2023354153
2014214529
2020369890
2018354713
2024219664
2024200389
2006215077
2003257272
2021386882
2007357888
2021378325
2012253886
2003239983
2004207780
2019333836
2004316424
2024204237
2014323351
2015407196
2003226863
2013217790
2012210142
2003268897
2014200683
2024327335
2024321292
2007201023
2018354413
2008203241
2009270434
2022208723
2006283345
2024238618
2024205527
2012284323
2019385666
2020321601
2023359259
2022202302
2012253378
2004324849
2014274172
2013201726
2007203254
2011250849
2022238034
2013344281
2000066245
2018293413
2009232454
2017371367
2022279996
2007302614
2018251792
2012229304
2000038089
2022200437
2005250477
2008100615
2016253611
2017202587
2002367712
2018253401
2007327991
2011202981
2002240553
2003215171
2012252426
2023415321
2003255304
2014203752
2021468291
2018298209
2016254818
2008200922
2003201531
2008241091
2018203471
2003264636
2013204125
2022274531
2005298922
2007309406
2008211553
2015236525
2017248748
2024339546
2022343102
2020261513
2012363096
1999036363
2016325507
2024202918
2020200988
2014311221
2001026308
2022283614
2016209190
2003271471
2023356751
2019303918
2003295665
2003249759
2005327222
2010208510
2013273481
2016308641
2022243260
2019240566
2009290755
2018210803
2012374621
2011244884
2016251493
2017203960
2011357648
1999051084
2000019735
2004251040
2018284330
2013318440
2009313897
2022201364
2019354797
1999039031
2023406041
2008346088
2011267964
2009294781
2011101248
2016293527
2008317374
2020394391
2024288835
2020244706
2015264625
2002100740
2010205521
2020201989
2011344024
2018260854
2011273140
2020102024
2006334820
2024242729
2024203992
2024203388
2022291451
2018203715
2011344075
2019264567
2019253969
2016256424
2013205268
2025210779
2016422842
2011247331
2018203167
2026202321
2021204470
2010318055
2020250287
2022422210
2008304769
2011248866
2014224435
2001071737
2020216422
2021247153
2016275593
2007259300
2005205126
2025267518
2020209603
2006206555
2013202228
2019314127
2020268218
2005239829
2016356065
2014201198
2009100997
2008308441
2006233228
2010269163
2015201888
2003259649
2008212957
2023370250
2023237015
2009326265
2014232880
2007281284
2007249730
2015101101
2013284326
2004240243
2015291766
2014223834
2021100862
2012203414
2004255441
2022332190
2013326507
2002312459
2004263360
2021100526
2016313961
2016213760
2004271740
2017101359
2003301458
2022374245
2010234820
2017293857
2024202333
2000030777
2023264491
2014341862
2019265748
2015268562
2018259230
2008269242
2020203610
2017218791
2022203241
2004223881
2000250567
2015345995
2010215460
2006278268
2015202484
2001044599
2021100168
2022253965
2008202772
2003204144
2005266890
2017251346
2017239513
2020294218
2019282767
2017304338
2010228488
2007278980
2017442495
2009221343
2020101722
2022287671
2002327612
2012258375
2018253885
2016276022
2014372841
2024365830
2006245269
2006230103
2004202871
2015200755
2019101032
2018250362
2024265668
2012236602
2003202584
2001266791
2020242978
2009327883
2019204255
2008204404
2009307807
2019238898
2020203306
2024278230
2013221482
2003236922
2005310341
2015305032
2019210003
2011254543
2013241164
2017379880
2004254764
2020272031
2007229336
2011299454
2004258819
2010277755
2022241619
2003272752
2012208999
2017358715
2015203620
2024251897
2008319357
2013101101
2024209361
2006213439
2017215235
2015201763
2011261333
2006263430
2022200309
2006204587
2010300719
1999039866
2005326982
2018348396
2006247509
2022286613
2011202157
2016102299
2014242104
2020345929
2002349043
2015210404
2025217382
2018225327
2006265345
2016204654
2023257644
2008257428
2014265039
2002329815
2018204764
2020331663
2004283091
2011262523
2007323550
2018286247
2010270865
2015283852
2003277400
2017239475
2016269410
2020404995
2005234205
2010365395
2013329003
2016209620
2002325600
2002221741
2020451827
2017201492
2000053041
2017227094
2016273937
2000056822
2006309097
2015329801
2014202916
2024348930
2000018584
2002226915
2023240075
2017332755
2015280351
2003246933
1999051449
2011279835
2018204741
2002336539
2016202183
2014224109
2002357214
2019224639
2014360537
2020342904
2014271229
2013204717
2019310579
2002248502
2014373853
2012204413
2002229703
2023200332
2015204389
2005256888
2020295728
2025202377
2021430646
2013200513
2006217931
2007211881
2012283928
2024213152
2000017617
2017305561
2020325151
2020100488
2014224137
2013200968
2010276544
2012357733
2014290732
2009272818
2023292071
2009214171
2010274204
2003242540
2019271888
1999063768
2020462418
2010336440
2011249077
2002319676
2012200448
2020290447
2006266570
2020103051
2023236141
2005300654
2008263166
2013263808
2007276710
2014216056
2013394153
2006201309
2002246721
2002233057
2009242194
2009274032
2014101142
2021313150
2016346447
2017330346
2002313977
2003204948
2005311491
2014393578
2013216675
2016324532
2017258951
2019272036
2003229222
2014360606
2013206452
2019325688
2017203531
2016222515
2021323970
2014293626
2006272454
2016208289
2012269112
2021247173
2017210187
2019342302
2024223787
2015316252
2017218034
2023211158
2012261658
2021409533
2025200310
2014210332
2014212975
2023323066
2017280111
2004264457
2009213087
2003296329
2023248417
2015215277
2020342539
2014405049
2020426517
2014202324
2013403409
2004298525
2009202349
2008207637
2022200733
2005235572
2014204496
2004258057
2011240940
2011256909
2011355586
2009206624
2005203573
2016284398
2021356392
2005300089
2016303370
1998062280
2008307148
2008316246
2007271830
2008206555
2012244260
2021207505
2015206114
2006265784
2012200177
2012396841
2004301643
2016248347
2021378868
2022203918
2015200492
2011201818
2008202534
2021221710
2019271993
2007267695
2011201690
2024311254
2009298411
2010251981
2004269405
2006249577
2020390856
2019202493
2006302049
2021100962
2015313811
2001249050
2017387112
1999020667
2009276744
2020377950
2017235998
2020364193
2013381695
2011336853
2023398797
2012202335
2011231697
2005260643
2021314451
2005210656
2013239998
2014225392
2003201215
2014302276
2003242490
2025363883
2006257712
2020205245
1999030792
2004241748
2006275272
2016359706
2011350400
2015100152
2023304674
2025271200
2023213099
2010215980
2017101246
2015259510
2018393073
2020367544
2014248927
2014100680
2020343687
2015202446
2007303909
2019226138
2017251748
2006324481
2025205568
2007319825
2002348177
2021107500
2004257260
2021326569
2020200604
2003203527
2013221693
2021428696
2022375743
2020282726
2011296383
2017233893
2002217058
2025208430
2005201610
2025259857
2021245379
2024247735
2009241428
2017423439
2018253383
2006339164
2020341178
2007201374
1999055301
2018234458
2016391182
1998088462
2024227499
2022369312
2004209124
2020336469
2011336345
2012273785
2018307762
2018204751
2012359166
2022247435
2017250797
2022200420
2015320370
2018217302
2016208702
2017337325
2014333579
2020363984
2019229578
2022320784
2007335827
2013211516
2017290128
2016341966
2020227100
2018333797
2014262148
2014233167
2010318304
2023388170
2001025038
2013201687
2023361028
2024228702
2023417921
2015259191
2014213488
2012204174
2021213185
2021322926
2018266375
2016202092
2008347654
2017234439
2022204482
2016403974
2016235046
2022261117
2005234610
2007215383
2016201371
2011320849
2007217097
2011202749
2011289568
2021221701
2005293138
2022386086
2017200180
2026203449
2024326365
2004303445
2017204016
2019201456
2006249884
2000038475
2017277003
2014203844
2009249558
2016270649
2018214144
2017241658
2020260564
2002045902
1999021056
2001265917
2023340634
2015213288
2017355544
2001039720
1999029150
2018229355
2017324949
2004231106
2006305616
2005262583
2006261567
2018252191
2020200382
1999053214
2003299933
2022319782
2017242669
2016202762
2013232576
2008247502
2017266608
2023245480
2012207057
2024236076
2010303058
2019260816
2007311172
2013203375
2002363988
2002336765
2004270389
2021376209
2021214933
2004285384
2007211197
2002301361
2010302612
2017227204
2010240670
2012232983
2019225972
2021106391
2015209714
2011246164
2019200743
2013266151
2021102692
2004257854
2024310466
2014101478
2015202360
2014355109
2013270592
2013201027
2015307020
2018200533
2017262666
2025228375
2021308950
2016319072
2007256432
2016229595
2021201815
2021295552
2014401784
2009217654
2018221091
2008209006
2017206273
2007249498
2003203833
2002211780
2021236274
1999010579
2010302036
2002356841
2017282642
2009202394
2004284289
2012259235
2014201157
2006284993
2014246853
2005309692
2019101459
2021414750
2018333776
2023283707
2015200252
2009296415
1999010176
2015274405
2000017428
2005313989
2004316944
2006225269
2005228353
2018204382
2012332109
2008267038
2014364419
2024313568
2010200874
2007200461
2010298126
2020318947
2020220212
2004203036
2020315189
2017299586
2018205131
2007310694
2021202296
2003203881
2008244129
2011331232
2010289448
2020273358
2020202165
2014200212
2003203487
2013201308
2008277472
2014212669
2006252310
2021275829
2007342305
2014360043
2009316557
2004311214
2002219612
2004241830
2020211457
2011100782
2000075525
2009242920
2007337263
2005332109
2016101894
2005217508
2023218992
2015417555
2000010333
2009202483
2018302097
2018236851
2011275018
2005263655
2024218642
2012334595
2022350509
2019397526
2011281369
2016297781
2002332182
2003223344
2018354240
2018447678
2019202944
2019268835
2021446677
2025283492
2008258252
2021279378
2012203512
2019299907
2025230710
2023235116
2015218556
2011200058
2024216384
2016258286
2020202045
2018236719
2014223899
1999061185
2024203366
2025216551
2014331091
2009268474
2017210685
2024200611
2001268212
2014240192
2017100251
2018250422
2025267325
2009339468
2021106980
2014304154
2006308040
2020230838
2008338424
2020363101
2014264567
2013205195
2002242638
2017268520
2004228443
2011250721
2012259109
2021102462
2018223004
2000039782
2012207004
2007223597
2019412501
2020205308
2019245424
2016211128
2010311561
2003246360
2010328228
2011100269
2012258448
2018286637
2015353887
2023352835
2016228914
2004210553
2021399910
2018274636
2003244380
2019246917
2015271996
2002301265
2017324363
2004235988
2001251650
2005279156
2013319356
2000016160
2016359793
2018312763
2019280696
2016317840
2020402399
2013373705
2013350682
1999039613
2012287067
2020275833
2019218711
2003239120
2006272535
2020200822
2003270552
2003248034
2014280038
2015301150
2018452624
2016100973
2015316992
2010300919
2015397132
2013265021
2016250598
2014205641
2017383372
2024270978
2019100289
2014204386
2015354352
2018224313
2015391458
2022471528
2021104994
2017359574
2004256095
1999041812
2006272217
2006228058
2012327226
2021218240
1998084813
2022204950
2012202590
2015101290
2013267068
2015328129
2018215363
2018216412
2020257238
2020242905
2020240119
2017336905
2003266448
2012354703
2018202845
2024353211
2019269601
2008235219
2015324922
2015342956
2021441472
2023229582
2000010834
2001279496
2018248979
2002355631
2014291838
2003218306
2016215230
2015243038
2021262517
2023285705
2005306828
2009239778
2013268604
2013221298
2010203307
2017347219
2004237943
2016434720
2003296504
2024326683
2012274992
2022245996
2001031331
1997041472
2014287848
2022224501
2023261888
2015326986
2001023353
2011316472
2016434590
2004262565
2015318545
2017101191
2022260655
2011235921
2021374084
2006288716
2023355740
2020320468
2016338282
2022324410
2015331621
2019206058
2011248124
2012265556
2002300863
2023412167
2011200182
2016247900
2020392704
2004292179
2011328332
2021322192
2013296732
2008278002
2012101979
2017343815
2011316975
2011244853
2017201906
2009282104
2009282075
2002239440
2019309329
2019321639
2014100937
2020413172
2016375427
2015338968
2021300260
2024218668
2023204085
2018319444
2000049129
2023203809
2004262007
2006241674
2021106197
2013315649
2003281274
2009299905
2023259645
2020400432
2017228584
2018271263
2012315259
2017439398
2003229055
2005286063
2020444066
2001046450
2007235145
2023288126
2018414925
2019345268
2012269171
2001078278
2013358897
2021406132
2012100729
2017310264
2011252180
2008343047
2020260318
2000032960
2021269444
2012207545
2020246084
2016259443
2016101635
2020399308
2005200616
2019280958
2022419081
2011249912
2005304469
2007231833
2021449655
2020420364
2021461759
2005337947
2014262579
2019262087
2013239633
2020297771
2021218118
2005295041
2001022129
2018208773
2023413835
2013211061
2016101393
2022274749
2021274166
2009338280
2018303333
2023409464
2022202847
2021369480
2009202123
2021341519
1999025325
2010229924
2014217143
2006283736
2011215338
2012250973
2011270916
2022272247
2018282298
2001029133
2021204694
2009202735
2024208355
2004202406
2012215102
2018236694
2012351501
2021104196
2021207629
2011224702
2017100073
2021105058
2023256638
2003229180
2018229497
2001267468
2003278236
2021257886
2017371801
2004228936
2023441967
2008239518
2014346483
2019318440
2004206239
2011298482
2012381135
2018226512
2015390450
2016204690
2020386466
2024227395
2007266749
2016234911
2007226658
2015269616
2012204574
2025216574
2017374966
2020397645
2016202268
2009330281
2020368984
2011291538
2023219814
2012264688
2014348856
2022332970
2021106134
2020482458
2017321524
2011256264
2011218830
2022256178
2005289998
2015101818
2014221206
2013201396
2019235605
2018445455
2004276938
2018322923
2012275355
2012326895
2001257614
2007289171
2013322355
2021344515
2008262258
2014348959
2007202809
2007322907
2023377363
2023336803
2020201110
2004224487
2011346645
2016203630
2008243107
2017286166
2020225578
2004202094
2021102577
2005100540
2024321413
2001011152
2004303900
2015214157
2008229768
2011233720
2011343814
2019301580
2016420722
2021353747
2023431758
2000073305
2003246921
2023233194
2015259277
2004210244
2016200662
2016239643
2011319747
2015418271
2017245481
2019261934
2017238769
2011250139
2011239115
2013205402
2021236506
2016210561
1999054150
2012340118
2025283666
2021282541
2022204736
2021264801
2014201019
2012205599
2012320895
2011202578
2011247866
2019204589
1999062504
2017438131
2015287888
2017276162
2020371537
2014235446
2020295403
2001042623
2019245262
2015359296
2006235861
2014101570
2013202111
2010236687
2024318333
2005252297
2021265040
2016310965
2015365583
2024398649
2018215316
2007293442
2023419339
2025287276
2023296475
2006243334
2024259797
2001264817
2019250163
2014247991
2016381454
2013399666
2001282320
2019275536
2024201826
2021252929
2016203623
2012327907
2014237435
2022209685
2019276047
2007283934
2017226825
2005317302
2019270411
2022363512
2006251922
2021105265
2013224739
2021208346
2018442039
2021356194
2021204042
2022313115
2007231725
2015356806
2017259957
2011250770
2019428713
2018385840
2014202440
2022207654
2015216967
2009100234
2000036385
2004222815
2018401637
2021202823
2020382658
2012323244
2017412307
2012247484
2014331897
2005290167
2009262985
2016200482
2018389685
2014250652
2016433510
2017200874
2023380310
2012262067
2004295297
2006203732
2016226267
2012257465
2009307770
2002228933
2019224083
2011286276
2004306397
2003286637
2012220675
2021212316
2017366709
2018247561
2006284490
2004305418
2000043871
2010229098
2007359549
2005302582
2019284151
2023232270
2020245092
2023205201
2021202281
2005279771
2024325586
2022217100
2004228678
2010201603
2025202754
2003230725
2017288251
2004265149
2013200308
2001275011
2004218626
2017359841
2026204055
2017258967
2019233576
2023392273
2015200238
2015295549
2021215105
2000014348
2016100896
2013357527
2009267486
2021282393
2012241158
2024275319
2023366991
2011201314
2021106553
2011210165
2021103513
2024239972
2023447478
2018206531
2007352618
2025200252
2019394406
2016101575
2015264634
2018227936
2013220161
2010200899
1999045442
2018267660
2022203002
2007201203
2012272908
2008264650
2020351562
2002245729
2024359606
2014340858
2015224437
2016377872
2010269841
2012337721
2003268333
2013277826
2008204723
2013392446
2025204052
2020323728
2020101269
2004213832
2022283718
2018264511
2026202533
2003204248
2011301364
2021221683
2019240239
2013369026
2015259516
2018408521
2006267869
2015320405
2018202645
2009305602
2003240638
2020201848
2002300100
2015200164
2014346807
2020401131
2017201508
2016230923
2013211670
2014279845
2004232356
2018358237
2013223403
2018290649
2013245499
2022208387
2015201431
2020213820
2013204927
2024205796
2020363397
2019211172
2021282691
2024350579
2008216995
2009292169
2012203823
2020290408
2017278413
2024244637
2006200902
2019207340
2021260551
2006249242
2017395741
2023206129
2017382520
2004287448
2024203320
2017358848
2015401506
2024218970
2016295637
2024416820
2015203265
2022213423
2018346331
2012258336
2019402930
2014234961
2012201456
2003258674
2008318208
2022203344
2006269480
2021200299
2019200126
2004255236
2017420803
2023231050
2016334401
2004219999
2024247753
2012216256
2012333984
2004303464
2024371614
2011308529
2013253209
2022353555
2018341395
2005334472
2023412018
2017272332
2014230447
2010200815
2005283033
2015275290
2003252021
2013101400
2024201233
2025275202
2024376222
2021292435
2019262084
2024259696
2002325091
2009309056
2011343743
2002327810
2008260416
2017247006
2024278345
2020251019
2023215428
2003247686
2020207368
2006337593
2008254522
2018239166
2026202612
2015205513
2010345321
2002332859
2010358370
2024418733
2005233240
2010200182
2014101411
2006216731
2007247498
2013101065
2011312907
2017288263
2014362212
2010282537
2017228638
2004276240
2014323131
2020327435
2017202598
2022228536
2011100510
2020202147
2005214300
2018417235
2010200255
2021248114
2015217124
2013367193
2014289368
2012203262
2023413656
2024389627
2016228312
2000011387
2007310843
2008322597
2011381057
2025203491
2005216578
2012220648
2023271151
2016353231
2019200376
2011222644
2024233048
2006203515
2022234986
2012214691
2014317255
2024329237
2011204957
2018219004
2023415427
2008201645
2025201524
2003246705
2007345301
2007296180
2022305651
2006201850
2023221944
2021276573
2008282232
2023332165
2000038666
2009201173
2023305443
2019344405
2012204109
2020276531
2009339832
2012322618
2009238214
2022336664
2001288575
2014390651
2011241281
2010251792
2018375802
2003289979
2018283374
2000022560
2008321404
2023201768
2017267998
2007334417
2018224488
2024266608
2020203072
2007280432
2016239318
2021246495
2007233242
2017203900
2016362656
2013262934
2020343304
2022254330
2009251571
2024218944
2025230810
2018351400
2023312643
2022228093
2009201065
2014218748
2007235178
2016319316
2021102563
2003266833
2006219757
2003234181
2022204333
2021364722
2018292531
2003282723
2017350159
2017260297
2014309343
2021377024
2008255138
2013255066
2017376897
2018232927
2019221360
2016201739
2020240383
2010233045
2008305337
2020393188
2013249267
2011281510
2022391767
1999037304
2021291911
2017289122
2000071657
2018229447
2024337766
2018218531
2024238570
2016332071
2017232222
2003251572
2019218638
2022283359
2003239947
2001014093
2006217652
2009279090
2011307346
2017344933
2004201383
2020216255
2022254772
2021103637
2024212303
2021394064
2018381232
2026203270
2010206070
2013301125
2008211935
2015264907
2017225332
2024320756
2012316033
2015201879
2014201685
2024355492
2017222708
2019384008
2016249021
2015276335
2002257998
2023254983
2015417375
2004296183
2016262751
2022282345
2022204265
2015362066
2020363650
2006212761
2007335952
2019346645
2019415077
2001026235
2021224434
2021201862
2013363890
2015404902
2014229082
2010272314
2023266236
2011308677
2014279913
2005319084
2024335724
2015350065
2020351811
2009215837
2009334630
2017281582
2009252988
2021297240
2018204922
2000026515
2018201092
2010100982
2002361470
2020209256
2016200655
2019284155
2012282862
2011101010
2020417731
2015249115
2014100272
2009279832
2010228065
2024278238
2012270290
2021259579
2017260255
2015342974
2022202364
2018244011
2011201975
2002345708
2018282427
2005314869
2004291094
2003268529
2010350080
2021373985
2012310757
2020417822
2017273721
2022305711
2020344968
2020273255
2011354262
2014351486
2015249462
2024306742
2010100239
2016388331
2010324835
2002100853
2022353248
2020289035
2013265350
2017218159
2020316044
2014301013
2014100391
2007344439
2016200375
2023325029
2014304237
2001024929
2012294584
2014206834
2022283643
2025205071
2005254790
2006218620
2009288317
2011205106
2019203728
2007218266
2013331171
2011206433
2008267704
2025202618
2025267370
2003255753
2011213205
2019226157
2000019677
2005270095
2020103614
2006235832
2023451874
2016206692
2020363436
2006309151
2007260798
2005280458
2005327258
2020217884
2009268549
2020100322
2023275779
2000054254
2003233236
2014306960
2023233603
2010236931
2005300710
2024230632
2025202395
2005244916
2022245333
2003202617
2013216668
2013390196
2022284054
2013333252
2012243407
2008201491
2010200247
2014346852
2022204915
2015254307
2011101389
2021201612
2019370734
2019299918
2020304666
2021103333
2005267667
2014201908
2019392780
2009335971
2008310097
2018229420
2017100366
2023226696
2014101542
2006233688
2024215528
2023208005
2021453532
2015100330
2020216423
2022278101
2003219679
2010298708
2002341618
2015100129
2008286516
2020287907
2023348206
2007221520
2025203070
2012220546
2019202199
2012258472
2000072682
2023203229
2007305640
2016271904
2008239409
2006311452
2011220125
2020397056
2018354370
2013320600
2012205259
2019204748
2002346366
2009298414
2014259497
2000069310
2010267210
2013354552
2017279785
2022400919
2003296382
2008243889
2024216929
2009201720
2013201177
2013296289
2013334376
2015221736
2007210163
2008223395
2019250096
2021105183
2024294612
2018243625
2021208627
2016362425
2023373535
2014224091
2008237580
2017391186
2020203007
2018355217
2023262570
2022328262
2022426826
2011338627
2006275699
2018351858
2006261558
2006350497
2007355629
1999044901
2010274800
2003222273
2016354030
2003299925
2010286511
2019266042
2024205046
2011203816
2019341683
2016311657
2024398176
2018250554
2012233006
2003216789
2022259856
2006233884
2016324439
2011268511
2003272280
2020103218
2024288570
2006297033
2016231601
2023373853
2022429156
2009201935
2011202679
2006332523
2010100288
2007288103
2022223921
2023421715
2024278270
2019247898
2024327672
2023202547
2000048169
2009203012
2016231834
2009233369
2024364385
2012312631
2022413308
2016353128
2014287499
2018424681
2015320400
2014233626
2017360029
2018359314
2016101530
2021107689
2007219642
2024406623
2008224968
2023202492
2021105012
2004278624
2021411977
2012211757
1998092094
2023200185
2016412717
2016227497
2019101737
2014208281
2010232016
2014249048
2008284172
1999025436
2016358206
2003247845
2013100470
2016256655
2005293370
2005232878
2023208189
2014229789
2004299865
2024369443
2015271117
2012279250
2024219028
2014282964
2020209886
2025283632
2019101244
2019299827
2014243756
2001265142
2004264244
2020245535
2002348583
2008279415
2022237538
2021273296
2010202965
2013363289
2018247501
2025283570
2017442089
2021203532
2017202682
2006275914
1999048949
2020344800
2017280237
2018200952
2024266704
2011207084
2012201827
2016401213
2011216786
2026200007
2017228586
2014353374
2011211439
2011323848
2018336815
2019309948
2001076069
2007202744
2014200695
2017233886
2015306676
2020439463
2008336322
2015314931
2020282322
2004271689
2018341454
2021200453
2009101170
2017290124
2007282140
2021102116
2008319568
2018223054
2015368047
2026202637
2023223297
2004264524
2016429683
2014413345
2016245945
2024351695
2014318289
2007101218
2022461270
2011215523
2016263161
2014236984
2011244958
2019268136
2000018012
2019246899
2015242353
2003213889
2009202089
2003253741
2020400221
2003234788
2013231509
2022368363
2009257756
2026200367
2005254118
2023237024
2005227875
2019100783
2021107614
2007202759
2017233891
2010307134
2016234919
2005329416
2021102150
2018214161
2022389307
2012200185
2017201092
2001265051
2007356903
2002326030
2021225204
2011253889
2019364195
2024406119
2014295345
2002334733
2008309724
2022275873
2002242570
2017309652
2015221577
2016297862
2023299294
2016280609
2012287157
2003268505
2010246373
2022261795
2003217068
2018322503
2023300508
2023338460
2019201987
2017236489
2004201738
2010288542
2011347415
2012304362
2019370153
2022318885
2006308614
2008273062
2021241399
2009204198
2011237677
2019237168
2017207450
2023319132
2025202078
2021103151
2024227239
2009262165
2012359259
2018329956
2007283257
2019213336
2024201852
2015261553
2014208311
2010201573
2021231997
2009290982
2005284694
2006207788
2011322448
2024201675
2006200907
2020280687
2010201779
2020100127
2023346532
2013404355
2019238187
2023329899
2017300486
2017268606
2005244349
2018101205
2015203930
2023249797
2022379401
2014220228
2007201601
2004288222
2005270341
2001220936
2000065457
2009307869
2010101113
2008229781
2011202651
2010366253
2003243358
2015206407
2006309913
2016201087
2011279118
2023213965
2003228932
2007313442
2003251997
2015207472
2020201258
2021413748
2023343095
2018200165
2015222922
2023272299
2004284927
2015201301
2021273617
2011383619
2014209342
2005296757
2012100174
2017217089
2016202085
2016235534
2006226774
2018267555
2025203486
2012307437
2008296864
2015250469
2003221982
2020324963
2010200515
2011378809
2024201554
2006246965
2021204942
2017204626
2021393218
2011375432
2005277927
2012295399
2017226865
2015308127
2019441003
2013283122
2019236318
2024316556
2015419238
2019201262
2004252574
2017202763
2021377418
2010100520
2006301700
2010326095
2019240644
2013384204
2020313155
2003231830
2001210862
2017231108
2019446196
2003213526
2013200095
2020402350
2006310795
2024242098
2007333321
2023233763
2024266796
2015323280
2014202802
2018248060
2013284234
2018237308
2017379785
2012371654
2015245388
2012219554
2017245328
1999018075
2006201450
2012298924
2018206799
2024201020
2007291956
2011260233
2014326987
2023264787
2016202573
2012352637
2022262542
2005214003
2008292966
2005316379
2020281125
2016416657
2001283555
2017219098
2017204161
2016101598
2013201574
2019232834
2022204686
2020284308
2024212484
2000038712
2021202376
2022401058
2017272180
2007214616
2023209862
2014204500
2017200480
2013354886
2025201539
2021232833
2008328818
2018231675
2007302429
2023200178
2012314405
2005323327
2016285094
2009267256
2015300779
1999051803
2022202056
2009263096
2020380333
2014200033
2021357826
2024246741
2011200503
2019432699
2023385339
2005218614
2018100448
2021244074
2019417284
2012204062
2019253892
2003206266
2026202530
2003213860
2005261759
2005317158
2013318030
2015219562
2014100262
2019345320
2006204480
2002229563
2019240568
2024227256
2003245326
2004225615
2014281141
2013242816
2009326554
2022220694
2018255975
2019267849
2024261612
2014230156
2021106992
2009299713
2019250928
2021207704
2015373457
2007264401
2008351696
2019338923
2014218412
2024209058
2022349797
2010341451
2012101509
2021216361
2023251415
2018205177
2005229069
2014311218
2006279685
2020200250
2015236099
2018364982
2019201770
2024265320
2019291050
2010201858
2014228093
2016229330
2020336320
2023210600
2018202719
2009202522
2002317979
2005239741
2007301837
2022348349
2019242906
2010200657
2019335388
2015317355
2016223475
2020298238
2012100083
2020418462
2011253544
2005230646
2022328742
2022321954
2004256303
2013100940
2004294360
2004100680
2006306623
2017376569
2010221555
2020442474
2021238313
2022347989
2018321384
2001287917
2020380818
2004250234
2010285290
1999059175
2014268143
2007330307
2025203919
2021205088
2013318245
2005208714
2015221181
2018226416
2005316403
2015203677
2020207124
2015268671
2011338654
2021218633
2020377496
2019280476
2020220207
2007294123
2022266573
2014201125
2017273699
2021275061
2021261863
2002366303
2007242955
2021201649
2007226708
2023216177
2016101427
2020233619
2014263067
2016222279
2005282739
2022322029
2015100547
2006287485
2024202863
2006265896
2011305211
2006100808
2012347644
2011305492
2016258914
2024381228
2015266171
2021256831
2004291024
2015255150
2008297067
2014271256
2020363864
2001030043
2009260733
2007324041
2022201463
2021297965
2010217847
2021447102
2013287433
2023238074
2000078033
2016102019
2016335091
2011200235
2013207346
2012228245
2021247285
2016321893
2017218456
2010224056
2008257515
2016285868
2019204671
2013299990
2021101245
2011336852
2001100271
2011201499
2020336151
2010343274
2012244208
2021106882
2012362137
2015330089
2017254932
2016214065
2001022567
2021377247
2021254658
2011273690
2016206399
2003224455
2021209177
2011207650
2020271070
2012225575
2020203998
2004294151
2024216956
2001239884
2012216563
2000068293
2007202234
2002233406
2012290584
2007306965
2021215985
2009259980
2004285987
2011100933
2008303354
2006344099
2019400945
2010223500
2016234992
2010279508
2023358090
2004297492
2022201894
2019261758
2021315604
2023204131
2004285535
2021253747
2016101624
2001033048
2014352944
1999051818
2006296874
2011224641
2012244230
2000063605
2020365146
2013201553
2003217747
2019204264
2016287512
2014100483
2016219541
2012266378
2004272567
2011100126
2023327785
2022349005
2008361497
2008348671
2010229318
2015362516
2013378628
2024203101
2010346312
2010205404
2008211246
2013378211
2012101779
2004298242
2019216886
2024210494
2021107045
2001250814
2018201155
2025203944
2022287641
2009235931
2023272483
2016260790
2012241124
1999019332
2005298248
2015323980
2020299976
2011374961
2004298630
2005213880
2019200047
2018203526
2009207607
2009235501
2020201613
2015339746
2015311609
2014100596
2011360911
2006207883
2008203534
2015268636
2002364779
2000054722
2009293554
2018204027
2023203327
2018202325
2022408149
2017326531
2012209333
2015311974
2003200494
2020206117
2012216510
2012224700
2011352779
2022100185
2016411625
2025283518
2003269906
2001029272
2018202514
2003269385
2024213176
2006310877
2008343549
1998088782
2005323847
2001250336
2022251188
2022211177
2016366470
2012356807
2018307786
2021103855
2023323643
2011359798
2013397663
2021290156
2012247897
2022286875
2006330660
2003271730
2023334812
2019200744
1998084618
2012242704
2020200675
2024304262
2001231534
2015275288
2015101200
2024247141
2006239561
2023204345
2021325749
2017288792
2003287918
2021270079
2007200466
2022281327
2017214167
2024340971
2012394385
2015210437
2002229129
2011291988
2012216562
2009222501
2003294915
2021202534
2011200659
2007327567
2021221900
2003252950
2018201025
2006226760
2002254606
2022308780
2024325407
2021366741
2009333827
2005323304
1999026681
2015208156
2002356690
2023297132
2020310932
2018263293
2013201377
2015315099
2024299606
2021275450
2012283090
2023206182
2015276135
2011234302
2011239337
2023200918
2019202714
2010101029
2003301972
2021207471
2004267112
2018220088
2011345467
2013356533
2021104161
2009290584
2013265879
2011340028
2012306763
2010206046
2013200423
2021300719
1998080641
2014222308
2024381050
2011226948
2019218379
2012228172
2009100173
2001010744
2019396380
2018203610
2020386050
2005260024
2024293985
2014259546
2024203357
2016290982
2010303009
2020284495
2021314957
2009331158
2000047244
2024329109
2020286961
2015200412
2004296880
2017272264
2006214118
2012200283
2005315358
2018206592
2018312330
2018351405
2014202130
2001246448
2020338819
2001263490
2023255068
2024256557
2018236196
2007291618
2008308096
2022241582
2019229325
2020229694
2012314175
2013314539
2008338828
2017324947
2009228983
2010295252
2008357891
2016381509
2006209783
2017426168
2021274083
2022283773
2019289132
2007327875
2021286982
2005274615
1999019071
2009313392
2014265026
2020412615
2013266391
2011301183
2018254601
2021104479
2023273636
2018293918
2013349443
2005222056
2008286096
2014207441
2020391339
2010307797
2023440030
2002224648
2024330649
2021103934
2007241054
2003228447
2008248976
2005319508
2014341844
2015227458
2010237572
2016262668
2026203014
2012279094
2008331710
2017428887
2023335010
2007253734
2011353115
2013361485
2004205160
2011207450
2009324813
2008232986
2005225115
2024201046
2012200959
2014334598
2007219345
2009238347
2012101626
2021337809
2009240021
2009202777
2005203359
2014101113
2022351080
2017401085
2005240020
2005301258
2010201710
2008337097
2020102941
2016335868
2010249302
2018235015
2003261796
2003221709
2006203717
2002100944
2014232963
2017222226
2023263704
2011312875
2019397405
2003274292
2017422728
2004245051
2023414368
2021100557
2022229090
2011296545
2000015858
2019348613
2004325672
2018282446
2020273506
1998095256
2006209687
2018333940
2001020175
2012304262
2003219316
2003225364
2013219156
2017256659
2012388470
2001244000
2002315574
2005261871
2013315276
2019373340
2013263780
2010334495
2007307945
2002361690
2014201750
