2021272167
2021107383
2009327864
2001284259
2022269614
2008205624
2010201105
2010279418
2017328028
2020302940
2006226873
2011212878
2025256206
2011245620
2016428405
2014262997
2013205683
2018238190
2018448037
2020381141
2007268369
2024242951
2024274464
2008214616
2013200942
2012200704
2015362066
2023278057
2018100685
2010207826
2019419376
2019317236
2010230512
2023351431
2018375009
2024205428
2017335607
2021105740
2001225168
2021246640
2025210811
2020284233
2008100928
2010280527
2022203487
2009296695
2022390804
2020321128
2015200492
2006205061
2012275032
2018409020
2016269632
2018396636
2015100409
2022233253
2023203432
2020268338
2011253859
2015338953
2012375212
2010312384
2022200537
2011319565
2014201666
2007321713
2015234330
2002316727
2018201836
2021269425
2012202887
2005200999
2013260682
2006270063
2019202975
2010278974
2015200105
2016204769
2022462020
2007213238
2010339648
2018282483
2013206764
2001010757
2013206027
2024201302
2024277784
2020100113
2014228883
2021101858
2014265135
2020201742
2016418338
2021104765
2013341801
2013260747
2018205173
2021282413
2010202215
2004295807
2019280047
2023202072
2015369624
2015330676
2018316010
2024406976
2021202342
2022217587
2016256761
2021383892
2004297887
2023274125
2016204959
2005244673
2018291406
2007268370
2016375359
2006304783
2006320275
2023270496
2014351060
2019232882
2004280718
2023347017
2021209197
2012204551
2007276776
2013262848
2020245086
2017235961
2014217798
2000017048
2025202148
2017229782
2017268690
2014238004
2009337001
2017242818
2002240774
2014331890
2024278456
2021323257
2011211360
2016200404
2009348012
2009322556
2020223871
1999014772
2013101648
2003236569
2014220480
2022256137
2000057198
2024308611
2017200309
2017368324
2020210990
2022245333
2009327432
2021293954
2014308698
2019202216
2020213280
2017204090
2019200746
2009327365
2006212988
2011279329
2017362937
2016200501
2000043506
2004279206
2018279034
2018304176
2022346850
2020250278
2014235244
2016200387
2021103879
2023356080
2007341930
2023381307
2025226805
2017352548
2018201463
2014259666
2021328261
2009223127
2016346497
2021281698
2017341774
2025204484
2020462630
2012216585
2025200011
2009233848
2010321854
2019283772
2007221889
2023442813
2014287167
2013203246
2011280996
2015202073
2013329102
2018201412
2021411975
2016352852
2008294687
2004251373
2016206348
2019289070
2016288749
2013266192
2012315941
2004301952
2021200455
2020289854
2011202973
2011338656
2011203113
2008282341
2020201741
2019468770
2009204922
2011201565
2006335047
2012395845
2010314008
2017101227
2011234084
2023204001
2018401855
2002360027
2013395310
2020232283
2021229204
2008202469
2019202258
2003204837
2020202265
2025238049
2017100433
2017382986
2002253027
2013270562
2010207020
2017269280
2013234488
2000011983
2003200749
2012312810
2021401809
2022212809
2021338607
2022395092
2022210438
2012216321
2017420370
2020103474
2016315627
2013302897
2017323542
2016247476
2024327194
2012358467
2025210861
2021103560
2018222950
2021221148
2011280071
2011235585
2025279808
2000077251
2023355392
2014211237
2012374031
2020101390
2023245564
1999041758
2004278478
2002338474
2015333890
2012276477
2015352304
2012216421
2016326464
2013266985
2021470577
2002346118
2015207891
2020371592
2022420664
2023266797
2009243993
2010206843
2016203305
2019475509
2011200074
2005338010
2015204331
2021102976
2012357003
2021326569
2024227107
2012278849
2001043904
2001053971
2021355468
2017201980
2022235532
2018210784
2009201911
2010205493
2021212163
2011204185
2020201417
2015410275
2015261736
2019253292
2010241241
2004243930
2013203511
2019226256
2024200477
2014274772
2016200705
2004242455
2014321926
2009324269
2020272920
2021296160
2022211863
2013244199
2021343572
2013201146
2014209342
2009214838
1999048061
2011295176
2017244280
2018282383
2013278136
2016201075
2010366273
2007302566
2014244632
2019267352
2013309074
2013261843
2022202472
2010212007
2005201700
2008302462
2009299828
2023355719
2009251310
2006312996
2016373213
2009240495
2024203080
2023363667
2015367225
2024273423
2013273790
2023357793
2019385802
2013266636
2006254712
2014343512
1999015856
2021219094
2012240136
2020102591
2022271472
2021275769
2020288436
2004288591
2020327667
2009213081
2019279916
2025201318
2019422009
2025208544
2011207544
2014290458
2021101792
2023280488
2015308842
1999011891
2006282187
2017373540
2006303692
2012203311
2010285518
2008216116
2024368406
2017200437
2020263787
1999054869
2009338410
2003228510
2001015059
2008331550
2014201012
2017100212
2017324945
2011280836
2010206571
2012302021
2016307138
2020101114
2023204328
2000068047
2024219908
2018300033
2018226403
2025260009
2013101669
2004264009
2006343882
2021376203
2015203217
2022320784
2005280275
2010308296
2017246449
1999032404
2015203225
2018201805
2018239892
2016204442
2014389544
2022375672
2008203325
2018211314
2013295854
2016357690
2025201020
2017382439
2018211273
2006260477
2023200615
2016263383
2015392091
2005280432
2023243054
2001081509
2012101185
2010337356
2014200211
2019221427
2011286831
2009267796
2021103865
2004207970
2022397673
2020289737
2016201237
2012201405
2008249516
2002363724
2025203785
2015268593
2009327362
2019250169
2006240236
2024259859
2020259847
2008206044
2012227160
2022447729
2024372435
2000012360
2006248033
2015324650
2010200907
2013200707
2024273693
2020204429
2017249084
2018306738
2021202660
2007258511
2023386712
2020224954
2017201639
2007328246
2022263516
2020420882
2010202573
2011280828
2018204828
2014223344
2018318693
2023355955
2015204383
2013205692
2024202089
1998067501
2013270503
2006340378
2024200435
2012258448
2008255155
2014304302
2009261121
2004281008
2009342169
2015101641
2011320020
2021102471
2020200944
2003100471
2021207780
2016287808
2023420610
2018309101
2016250913
2020103560
2023278005
2023466161
2008205425
2015214165
2015279621
2021103427
2006315321
2017297372
2007328233
2021202779
2018203223
2015202373
2003257894
2012247016
2005267164
2008213753
2018436336
2015305238
2023208124
2012200431
2021236680
2020202909
2019389858
2021240199
2023247940
2012265560
2019417423
2006325555
2016250348
2012304327
2009282177
2019377866
2018224043
2012325747
2016201609
2024203187
2006214648
2019309766
2003266116
2008223015
2024204720
2024201156
2015326844
2016278982
2020457348
2011296374
2024239585
2021236602
2012101191
2021290209
2023266939
2006222162
2018407271
2010267639
2008286250
2021201808
2010281441
2014404749
2015101665
2019344274
2019290050
2018442733
2009212368
2009217462
2005203335
2009282041
2013101030
2018347876
2024259692
2016200597
2012101138
2020319063
2016202092
1999047216
2019346044
2004202255
2022354098
2008284273
2021102702
2017217554
2007266310
1999030644
2018351515
2023388201
2007257848
2020207377
2020244405
2007217884
2003211183
2005262926
2007354783
2011240803
2015271947
2020103964
2017419032
2023201523
2023312643
2017229154
2006332714
2017202744
2021232780
2005202208
2018417235
2020229289
2020406798
2018202952
2023206145
2010236299
2014292817
2019100681
2022235610
2007281584
2013288863
2002342649
2017332670
2005311631
2008270909
2009256278
2021200349
2008355757
2023354153
2003229527
2017339274
2010326176
2005203757
2018218875
2001035244
2015274972
2018360287
2010253489
2002251350
2011101283
2005296128
2001064242
2017271613
2014236083
2010217061
2019203229
2008204768
2014373468
2017206394
2020364313
2019204820
2001293003
2015250202
2020242490
2013217790
2012392929
2008200542
2018403377
2007349698
2001026008
2009202612
2018436989
2016206224
2017204793
2021202707
2022200174
2011319562
2003262933
2008230069
2019329781
2014215980
2013266212
2017310952
2018200422
2011275731
2016204085
2022396539
2013242802
2024205468
2003261095
2021203493
2012277160
2011371570
2021253125
2015215930
2009313736
2008251610
2021360581
2018100001
2021336062
2018417537
2022395070
2008242664
2019279933
2017101777
2019442498
2008268326
2013286676
2003278973
2006252024
2002353621
2018201109
2018382109
2022373777
2008316230
2018200596
2015101980
2019222502
2022323822
2023200531
2004207495
2006269267
2018241207
2024224185
2015310161
2004306675
2021318674
2021210954
2012101771
2017272367
2020315416
2022356453
2018407195
2013408804
2020392975
2015202094
2022291581
2017407833
2014101473
2017417291
2004229005
2012352342
2008288742
2020101715
2023202062
2020103738
1999055037
2015346641
2000026937
2014376146
2020326730
2024204346
2008264175
2002256595
2016210782
2018388581
2003204486
2009225355
2016213886
2018271232
2005201254
2021240156
2021315124
2016340293
2019336038
2001019523
2013245862
2008322574
2022231771
2022473859
2005246798
2022460007
2019311336
2023248111
2017200652
2017202682
2014215583
2020240981
2018204926
2016264077
2001063619
2012281166
2009266334
2004296089
2013382160
2013201189
2018256580
2015201439
2002366984
2015290285
2026201459
2020243456
2018236767
2001298005
2020101197
2016362126
2024203935
2014239990
2016225792
2007343809
2018413427
2012202929
2016222728
2018213261
2014312362
2020201388
2025205439
2002301318
2021306386
2019264951
2008260261
2025210775
2006341656
2018407210
2003203712
2023365684
2018202773
2025279806
2011316955
2005256159
2012292083
2021206801
2013234378
2013200593
2008227081
2020395776
2012367933
2016204577
2016432856
2014213135
2021320067
2021326677
2014202610
2023417383
2025205194
2011200238
2016202085
2005307197
2020354489
2000035186
2024264629
2000026211
2012203642
2016226556
2006297406
2009217568
2007285406
2014246588
2023203803
2019422268
2007100653
2011262523
2021102054
2017218984
2016203212
2009100325
2013214824
2004316721
2022425066
2020375809
2009348260
2012323244
2014403851
2008350278
2023421649
2013221929
2024406853
2018430831
2020223039
2018270075
2018266759
2016276256
2007337189
2004205068
2019204731
2018220193
2024224844
2006346817
2009260596
2009283027
2015249521
2025238057
2002240534
2013216675
2004303129
2020257155
2018377384
2008237876
2024303646
2017356565
2010333099
2015238797
2005220797
2023350069
2017261270
2019253162
2004237915
2003302792
2009213009
2005258234
1999049088
2013255258
2009311136
2004201618
2015305511
2018437253
2021107379
2023328486
2024201404
2012371253
2004272602
2011100161
2013200907
2007216668
2024374955
2019257479
2023350789
2019250160
2015297192
2016280523
2009201602
2012259700
2010270951
2016204727
2022368363
2019374663
2006350553
2018442267
2002368184
2005238983
2016219716
2010298113
2014389501
2016201254
2014348774
2002327610
2014325917
2015242966
2016343907
2005313174
2024200347
2019207314
2015213299
2016201392
2018214000
2023203193
2021104097
2018402168
2015202095
2021337857
2010251766
2021209101
2014265979
2017284079
2009219682
2012216258
2017443348
2010246466
2011226700
2017221821
2014315443
2014219279
2021431934
2000079255
2021364692
2013338502
2024200052
2019203385
2021101111
2005263609
2021200037
2015205880
2013203926
2006235063
2010203066
2025203918
2009244432
2020290387
2017203982
2013228815
2024201740
2019275664
2002317631
2015252156
2020371527
2011213829
2013308645
2015202207
2019266266
2016204919
2022395738
2006283647
2017425323
2016269643
2018412959
2023425963
2014328469
2005206751
2006335104
2011333723
2019100818
2014331142
2022201459
2015100592
2020286259
2001252461
2022445583
2014201005
2008271189
2011380248
2017241658
2021350084
2022347394
2003255949
2007224085
2007249106
2013200136
2019440423
2003291583
2010351928
2007324107
2022245816
2011281789
2009339193
2022342162
2010295574
2019364195
2001289300
2018241213
2020268559
2021341770
2018368222
2001065004
2023278058
2014286214
2021213677
2006247153
2019378849
2014209089
2022204530
2016271110
2020204258
2022201343
2022262647
2016226505
2012291725
2006208674
2022201898
2016287731
2013260659
2022282142
2021279510
2019386646
2020383888
2007221826
2019253113
2017101065
2023208007
2014308419
2011280409
2023358920
2009285891
2019339073
2008360743
2025203318
2007274111
2024219491
2016201010
2016203217
2007101084
2009201522
2013200804
2015210368
2023248658
2016202922
2018278864
1999039902
2018428844
2014100582
2003229592
2016377474
2023202477
2016201033
2022224810
2009201096
2003296927
2020394370
2008344073
2005296079
2012230846
2007312942
2008287364
2021103717
2005202159
2018101370
2019203727
2016429677
2013319705
2020350118
2017439762
2019253913
2005285185
2008243003
2019101197
2019301825
2013210029
2013202043
2005200253
2013397601
2012216394
2019222967
2015268918
2019201068
2003204099
2014232293
2003277731
2020406041
2016204641
2010235057
2017320734
2013248253
2018212889
2009270324
2009285737
2011202458
2006239775
2010313758
2016201877
2016213730
2021106031
2020481043
2012261518
2014259960
2019436290
2023274061
2020203003
2016365882
2015218203
2017236677
2024313086
2018274707
2026203020
2017364346
2023335996
2020104254
2018403276
2021221217
2023312724
2019279917
2004242522
2005201098
2018414910
2017285278
2005262686
2013237750
2005263602
2009100621
2018407179
2019363616
2002306757
2020474460
2023204650
2020309478
2004239381
2021374754
2012296461
2020318446
2006295193
2013299528
2013313239
2021338303
2021427873
2024227900
2019201079
2013101211
2011256808
2005269587
2006333559
2007345674
2016216748
2013376922
2010236359
2020359663
1999011955
2022283936
2023400582
2022263361
2024204349
2008343330
2010339708
2020283387
2012274549
2008247343
2022215421
2024220075
2011203320
2010249316
2024339326
2014331622
2022215215
2010201796
2017354147
2013201931
2020203448
2018223147
2009302845
2016277556
2007237227
2020310113
2010208133
2019236297
2006275665
2014202818
2022226651
2021203308
2026201605
2021203892
2024200166
2011363943
2019475867
2018239824
2012249146
2011287709
2010212482
2020242919
2024202805
2013217210
2019266295
2012205348
2023453786
2018403260
2017361867
2021106710
2020103196
2022204212
2024202077
2013219399
2024352234
2020392885
2022201356
2017200644
2011251860
2013201716
2024290483
2018252445
2015305406
2024392459
2017236782
2003204654
2015242969
2024200723
2003215411
2024205107
2021298392
2005299927
2015417901
2008267548
2019233761
2015321928
2021203867
2013409674
2011318595
2013205175
2021400179
2025204598
2018256658
2019304148
2006343377
2023234337
2014396820
2022321707
2021297513
2013357120
2008216396
2013204335
2021221769
2017200819
2012201945
2012310514
2018200360
2024243827
2009203189
2021104792
2017358902
2020331235
2008252069
2012272830
2017202375
2023203630
2024204102
2021468499
2002223131
2022414203
2018347188
2014101656
2019101520
2020104326
2015244043
2018376913
2021320048
2019405936
2016381245
2023429815
2016264606
2011210153
2012390279
2003204754
2018240040
2014414019
2014386505
2022259836
2016422505
2025206426
2019291044
2013221905
2023215790
2016426667
2005249204
2018269260
2006244099
2019226230
2004318969
2021292112
2016202964
2023279157
2022412872
2023285812
2015294437
2010305986
2008221539
2017305682
2015261728
2023321973
2022204501
2009324085
2023457859
2008205449
2016218341
2008251397
2009227851
2020102487
2009282593
2012365903
2021200913
2009240847
2022379992
2010202973
2018266733
2019302596
2013216623
2024200258
2023284865
2019296431
2015264900
2013394870
2010249823
2010310769
2021202364
2010296087
2026202051
2021232786
2003300889
2024209924
2021268575
2009200468
2019271975
2014347212
2011204967
2020100630
2020247700
2018211292
2018366961
2014203478
2007227590
2005338333
2023477307
2004232072
2003244041
2021106592
2012244233
2025200476
2018267682
2022291676
2021100373
2024202415
2009233486
2024354389
2020102166
2009282050
2021201245
2007237266
2020274322
2009302408
2023355540
2017201033
2022269899
2011203492
2015207818
2016247184
2008223213
2022259833
2004284807
2019213372
2010240686
2017212508
2018372073
2011201791
2024203025
2006218360
2015101901
2007203630
2010208546
2006287351
2010207754
2008287624
2021261883
2024222607
2021107501
1998062747
2011268689
2023247488
2024227145
2001022881
2019413517
2019213775
2018243360
2019300351
2023327991
2020259177
2009296658
2024337604
2022287270
2022234677
2017219136
2022431598
2021264532
2016101455
2013204519
2023301315
2013215749
2006100476
2025218804
2009278677
2019100308
2011101580
2023254005
2001013079
2009314226
2019206645
2017100241
2023203419
2009215252
2011282997
2005255061
2013237103
2023413665
2007249117
2010208737
2017331812
2017432628
2009310025
2012370662
2009100561
2021202013
2025263752
2024220213
2019375082
2016202784
2007233631
2025204736
2020268813
2022201377
2004223222
2010264736
2016423749
2013344081
2007231872
2010260108
2022471961
2013221855
2022231807
2013240133
2009203914
2018357830
2021201369
2012254887
2017427860
2003270870
2024201180
2004200796
2008275886
2013228045
2021219571
2017100410
2013395455
2026202727
2015200698
2015318074
2024288438
2008320070
2011224345
2006283569
2021325237
2010319715
2010315367
2023432973
2017444362
2006247413
2006252118
2013280679
2010298499
1998085048
2011253867
2012202394
2017342700
2005260173
2014375830
2019296415
2009236553
2015100616
2019287163
2019273331
2024408724
2016388440
2015414792
2013375528
2006259226
2004210502
2018441890
2005229770
2023208083
2024287082
2015276993
2011281877
2021359236
2005232057
2009231790
2012279438
2015243114
2006249956
2003219756
2023208218
2003229454
2020239985
2009279802
2013269658
2022201682
2012201825
2020452696
2015328743
2020200621
2020217604
2008203628
2017202159
2012269732
2017442494
2005202238
2010202239
2019366895
2021219100
2020268954
2022235583
2023269214
2004307800
2002234209
2003298779
2019231227
2017339363
2009334496
2017213486
2005228283
2022261713
2020203970
2018100798
2011326655
2017420200
2019371362
2023396294
2015277299
2003236382
2012328924
2010101439
2022202022
2013332059
2013251270
2019280705
2012275278
2005203588
2016350207
2021274166
2015215958
2023254971
2014325316
2019283909
2021220811
2025256114
2020332948
2023409235
2017331513
2013101522
2021261888
2024394524
2023399573
2018204636
2013221914
2016210781
2020264654
2010308623
2012216393
2013408249
2014214543
2005203119
2023200321
2012316227
2005242432
2013101013
2022320939
2012260619
2022453431
2021251784
2017258811
2019474809
2014248516
2020204248
2014214148
2006318892
2015200524
2009293380
2025203362
2012241098
2008225060
2021103939
2020398076
2014389503
2020426065
2003253777
2014370204
2021443661
2017100512
2012312452
2024264578
2023203454
2015397335
2022356230
2021206802
2004303330
2018229537
2016200566
2010320668
2004237312
2021266257
2008262100
2023204004
2010219416
2000074397
2023200487
2017358404
2012222202
2019294630
2002300314
2026200623
2020354261
2013203981
2022203026
2022320196
2016201658
2014314567
2014216456
2014256393
2005218205
2009292911
2020310860
2011378110
2021105929
2009299589
2021383742
2007335264
2016200296
2017239511
2016100759
2013206426
2009261058
2011299360
2020351296
2009266389
2023441819
2013288832
2024200572
2019201653
2020207829
2023329700
2003242838
2013366466
2018236802
2018396890
2014259562
2025200055
2019275226
2018430510
2015218353
2016347156
2024201250
2016355346
2003258847
2005224581
2004214741
2010257289
2014215745
2001027045
2006200235
2020220812
2021307771
2002324717
2002222253
2020103312
2023202635
2003275178
2024234961
2013237683
2009228012
2016204683
2018314077
1999034023
2024375011
2023343924
2010212370
2022201463
2018282359
2019238307
2012357108
2007288324
2025208487
2019220020
2021202869
2017395492
2016200653
2021466987
2021106580
2008312357
2021266287
2018347782
2020345605
2020423361
2024354568
2007243839
2015203006
2021106899
2001282554
2021222990
2008285463
2021248552
2015202634
2020408618
2012340105
2015101686
2022382969
2010224034
2009202442
2021401434
2015362164
2024278447
2021201322
2018442180
2023432025
2019279902
2008311101
2014274260
2024225224
2014250095
2024200033
2009212921
2020418619
2013101090
2013260672
2019445584
2017204655
2024367069
2015200253
2013205219
2021321287
2019253813
2006262810
2020103121
2025261063
2002256151
2007203524
2004238228
2020210311
2019241905
2012203158
2017204016
2014242885
2016343378
2014312122
2024355160
2025204643
2011202838
2012376488
2018102252
2018430770
2020102583
2013224642
2006202224
2003243169
2022203061
2013297719
2000030483
2001010247
2022200228
2021283889
2022203235
2016243998
2006218889
2023203755
2024200221
2007359104
2019101018
2008202870
2022300011
2016208744
2008219422
2005269887
2018228265
2023246287
2019256349
2002322425
2017100199
2013375303
2014202544
2016362057
2016423212
2013204415
2019254467
2025217305
2021101715
2019101741
2023383369
2010200147
2006234891
2003265294
2014248003
2005257747
2004305507
2014100801
2013204753
2000076955
2008284919
2021401078
2023439308
2005228353
2021204819
2015218482
2021200556
2020289090
2021207668
2009202120
2020294296
2000079253
2010289343
2005265320
2019224695
2016386105
2017200109
2023237093
2022204650
2003213262
2009282265
2001051886
2019349369
2002323685
2011201128
2018400760
2024267203
1999063784
2014101563
2006254727
2020206823
2014311658
2020256749
2023326875
2025203671
2020377079
2016307794
2021460868
2023202887
2014331987
2020202725
2011366889
2023381536
2023254881
2023282253
2018322693
2020221134
2013243255
2019270597
2021297136
2003274988
2014331153
2020297006
2013370424
2014275022
2018349996
2024247436
2015255730
2012282792
2020102231
2015227419
2015287459
2011327254
2000014950
2017341159
2021201406
2018100098
2025200161
2018443592
2024202178
2023237031
2023202570
2020210847
2016280531
2015202130
2008200143
2017216875
2020203925
2010289936
2023281908
2017405425
2017260416
2019275611
2012100202
2011250876
2020226206
2021466965
2020428899
2023280486
2001028728
2013409457
2021282994
2024252508
2024254079
2006332827
2018254425
2021479664
2022327551
2019279995
2014281679
2017303847
2012345720
2011247825
2020356392
2018236828
2022271399
2016265699
2005259819
2005242329
2024267511
2022204592
2019290751
2012245178
2019315841
2018217304
2013240616
2020203492
2020309514
2020432497
2021340625
2017101866
2008345706
2017366081
2022298452
2016433340
2005277150
2011239401
2019213409
2016325186
2016261088
2017260641
2001287347
2020461676
2021245126
2011224691
2022431750
2010345902
2011101085
2020102904
2008314491
2016310326
2016210766
2023264238
2019274672
2004238652
2022432618
2020417752
2019350015
2015316172
2011240962
2013340896
2021280754
2020248651
2021201771
2007201670
2020202730
2005283072
2021311260
2010305313
2013288812
2018253551
2000056459
2012204477
2023200117
2013204046
2023348810
2018203819
2004237900
2019200073
2015218741
2020102477
2017239476
2007292554
2001058909
2025275283
2021381102
2005101041
2012392190
2014241262
2019361973
2017206099
2018225145
2013248239
2019211885
2017397672
2014202574
2023200332
2002214826
2021286448
2017232108
2001076469
2008265260
2020102405
2021104427
2021107643
2010333769
2021205109
2022328940
2014321416
2018275541
2003203808
2005203295
2011238587
2001247477
2016333221
1999058190
2018369875
2021386438
2019348096
2021325471
2021201336
2021268363
2015226958
2014381262
2023287078
2023248186
2021205065
2023305578
2019213379
2013245458
2011235612
2005203494
2017202048
2023222967
2011209719
2021337736
2007241972
2014337089
2013302377
2012301604
2002367530
2012200884
2022378548
2011265655
2014236087
2001268844
2004282819
2021355407
2014263621
2023241834
2004220522
2017222436
2013273015
2022204316
1999055317
2011381034
2022206793
2023290253
2016307741
2019446194
2022202815
2008256605
2017296038
2015221471
2012257925
2012339365
2016384965
2021325073
2018205088
2005336068
2025200003
2016201652
2006280598
2012200701
2019222947
2017262493
2014374256
2018253561
2024297569
2008213901
2011307614
2025293334
2023248156
2009239469
2014364830
2016201449
2012340868
2021203479
2005256160
2018212302
2010292758
2017295225
2022350994
2021215143
2007234789
2016201903
2005241463
2013100931
2024200829
2012265964
2013101499
2006300101
2016302433
2003257896
2008323688
2014308064
2005203164
2017281414
2023285762
2016324082
2024334250
2002227768
2010100839
2010263801
2022221953
2024386341
2014265866
2005201679
2015385701
2013263770
2015235511
2011313818
2011211382
2021244766
2000074716
2025200214
2006220421
2012388254
2020289786
2011335176
2021104883
2011218433
2020209603
2009348334
2000024042
2001234911
2018282456
2021102945
2011291745
2009206598
2020200916
2014202109
2024236958
2015340213
2008258177
2019351185
2016235070
2000024755
2021478824
2022227921
2013211469
2021299783
2021319883
2021204770
2024260183
2003251845
2012101514
2012216260
2020356952
2021452086
2021200403
2024249909
2017416331
2022204452
2013347597
2016202811
2017101176
2013270353
2019240046
2014326741
2005217841
2006331285
2016216534
2015270385
2016250475
2025202273
2016200941
2008312715
2014259659
2013205333
2023345765
2022281999
2022100134
2008242910
2021107057
2010340370
2017216496
2014309244
2013304091
2019203373
2004316360
2015229969
2020272887
2021205853
2004284829
2020101423
2024391380
2002357549
2014275396
2003251126
2020270482
2014290696
2016101732
2003299837
2015219562
2018203909
2022346271
2011200348
2013204397
2005242227
2014203876
2014332794
2022278582
2006331555
2020398008
2020482458
2017330524
2009238377
2024204428
2019203201
2021411389
2023263416
2019222773
2018366619
2013257588
2024282145
2018305081
2015410106
2003267066
2024227268
2008346319
2021209929
2011381066
2013231139
2025201325
2017279718
2017438141
2014101485
2020203800
2017218994
2014203381
2006290272
2018226651
2007251717
2015353422
2023278007
2016100745
2008349495
2000073924
2009324613
2011213746
2020200686
2022301094
2017340229
2007200379
2007286146
2008361614
2019336046
2023203315
2024205555
2024266036
2013230566
2004325580
2019200714
2024245879
2020326731
2015221990
2011361032
2022371473
2015252154
2011337125
2011202228
2014386710
2026204109
2020287647
2006246994
2013332490
2017322089
2010352668
2015224511
2025201695
2015324282
2021261922
2019279990
2024220148
2017239878
2013209298
2004306851
2024259944
2020203476
2014339374
2023369199
2018101796
2018384670
2001025496
2009342005
2021448510
2015101877
2022203591
2009250995
2017301462
2024316973
2013252488
2017393413
2021286283
2016433341
2018369528
2004264320
2021351010
2015406091
2018351132
2012208248
2008216964
2010280511
2017204354
2024384836
2024200919
2003213723
2004289278
2008214411
2010241476
2023247494
2020414737
2019421242
2020204444
2018220142
2020269077
2019419036
2012208991
2025220703
2010202535
2022304697
2009271666
2012223816
2024315697
2003248430
2023203553
2011200479
2012364058
2009229344
2015101807
2012238200
2026204263
2009100430
2008319111
2020210283
2009240780
2019202460
2022354180
2010201810
2017373715
2001290633
2015268635
2020287090
2002337899
2014232300
2011213254
2021103604
2012205726
2018100341
2020207472
2019209465
2001091071
2022272870
2019229446
2016203523
2005241459
2012346423
2026204455
2021300304
2004202268
2005294251
2015230734
2000025773
2018294206
2015370592
2021201972
2014357660
2007346898
2010304681
2021270154
2010201548
2019228420
2023384812
2012279465
2023205539
2024220651
2020203477
2019276336
2024339652
2019364194
2013100799
2019202767
2018220101
2016261638
2017284729
2021209208
2020203752
2025202379
2010305311
2019322625
2024350893
2023233192
2011232339
2025201906
2016225125
2021202958
2009202242
2023322405
2009313885
2010212401
2021201100
2016102062
2012358964
2013285749
2002318145
2016317103
2004286832
2019101812
2009208906
2017335678
2020294783
2016207867
2024242038
2017233674
2017345665
2008101175
2005203656
2021102594
2018421443
2001236246
2020471536
2006335943
2005284634
2021443409
2023223754
2021372556
2014343704
2018213055
2006246319
2021106663
2016347869
2023461957
2017263835
2017216451
2017340512
2016366432
2021334178
2019208241
2008251904
2017265158
2013100690
2024407153
2006266382
2014101456
2019379127
2003227107
2017225481
2010353299
2023274109
2025202935
2024391338
2024259657
2016211820
2021203630
2021102859
2019247007
2012284120
2000013542
2013200284
2003204017
2009231819
2017204649
2021204974
2005251279
2002311095
2015419275
2011349686
2022291759
2020348730
2010308414
2002336841
2018311702
2008312423
2021366658
2020391108
2014230438
2021416082
2020203726
2019230448
2018214821
2021287900
2013246270
2022202938
2009202042
2022417276
2011352443
2007212845
2011200474
2021103546
2018237580
2010248039
2019201854
2017225005
2019253679
2019321177
2012245299
2021100846
2022309839
2010236897
2017229625
2021339045
2011202315
2023434397
2022284878
2015337025
2017204562
2014250665
2019397089
2022210340
2010284044
2023278871
2024203241
2017263851
2008230483
2020433128
2020244716
2017254659
2017308118
2016277657
2013330284
2022389715
1999021567
2021313713
2018261988
2023278991
2023229580
2015100457
2011246490
2024219401
2010202005
2014200226
2000048356
2022266856
2012244144
2023326683
2018247332
2022204469
2019278991
2012306059
2023203157
2021409136
2016269738
2017413681
2024219509
2009282175
2006221848
2012200635
2012236666
2021274636
2015271830
2003224690
2023307461
2024203694
2018204844
2012397192
2020253473
2003236273
2005318922
2020244507
2019255933
2018347544
2016284583
2013252423
2021273639
2019417425
2013204911
2008357164
2016262122
2012202545
2020277291
2019213348
2008294452
2010292991
2013305454
2019283888
2006335287
2007294526
2002254513
2005242751
2019370720
2003235609
2021365794
2016232838
2021308699
2012378699
2012328617
2005202918
2018301762
2006224653
2018377711
2014350667
2024244334
2021221702
2023278047
2018388665
2011100185
2016202375
2023233126
2020277096
2023414349
2013203138
2013409581
2017279715
2014308403
2018100542
2006302497
2008207382
2023357883
2000049204
2015284004
2018253052
2017258904
2017257446
2021217948
2019236737
2021383307
2018220162
2011279373
2012262821
2016102049
2024211011
2014101665
2024278406
2025252549
2015403585
2024216525
2010325268
2020202657
2003259812
2016351177
2021329524
2000046409
2009201166
2014266371
2022247502
2007281755
2020100178
2025202380
2026203152
2014247958
2018271418
2003245047
2019468802
2020104124
2015202282
2014200638
2021105762
2015202089
2013263754
2008279079
2004294164
2014404278
2020307566
2021275168
2006312456
2017246093
2007201107
2009298638
2019240576
2015361131
1999051007
2017202248
2009308442
2021235688
2009200619
2022206741
2012290777
2024361412
2010219373
2021298068
2013200690
2013285333
2024353210
2003245590
2004246609
2017251772
2025202593
2016212315
2024300185
2003275759
2022204422
2019201866
2022324696
2005251173
2017258940
2023375184
2005202384
2002332828
2010340864
2001277876
2023358221
2018254570
2016407652
2015308039
2016203272
2017274558
2013203521
2020200847
2020210238
2002218065
2018400335
2004237112
2019239623
2019204026
2007320794
2006252342
2002301622
2016200331
2001247686
2023244578
2011286379
2013302374
2007299918
2017202531
2024201803
2004216693
2010345888
2018222825
2017200784
2014252704
2015243058
2024437410
2013275822
2021103972
2008212040
2019332547
2023390347
2019101141
2016424252
2002352506
2006243904
2020294303
2004305808
2021371167
2020102320
2014246623
2024203433
2008286999
2019204919
2003287415
2019377545
2010100571
2020205313
2001294885
2024220010
2017405760
2019271766
2011268412
2021209298
2015207974
2021319714
2013317601
2023345758
2013363039
2019202500
2019226195
2019234490
2016296873
2007305305
2019439793
2012312455
2014208324
2021101010
2017342562
2001013127
2011312135
2014346812
2025263759
2021102845
2017279785
2023315830
2019338456
2022271385
2009329934
2025200507
2003204979
2014227689
2012249024
2011201535
2015229021
2015414056
2002310512
2013386710
2018202007
2006259463
2010243717
2012203635
2021360263
2017379785
2018234135
2016204649
2011353550
2019370381
2011257982
2021439775
2023200020
2022203323
2003234753
2011352467
2015292491
2013203918
2014204511
2018386312
2023435665
2012205282
2014403794
1999037126
2019221574
2012285406
2022386079
2006273940
2013100833
2023452508
2010285760
2023314273
2005203523
2020277336
2020273469
2016263440
2020264882
2014366157
2023363179
2019268519
2012206839
2010239469
2024402228
2015201905
2021328601
2007306312
2021107403
2019462982
2023237108
2009283121
2017272915
2022429804
2016213790
2019419653
2014340583
2014200683
2016229398
2024227245
2021300252
2006256758
2022273943
2017200552
2013369967
2016100185
2007292528
2020325223
2026200612
2000023160
2012327164
2000060581
2023200535
2024205584
2024404733
2020315362
2014100721
2024205126
2022219149
2019314293
2001287368
2021104252
2018101069
2018342007
2014275340
2008338195
2014320037
2012232659
2016201511
2000015855
2021290284
2012364569
2021323983
2022201918
2024203325
2012203811
2019384828
2023370984
2025204095
2009208734
2013224673
2018254793
2000068780
2007238489
2017265139
2021269556
2016200510
2022309011
2023319292
2017367221
2009308063
2017246211
2017246410
2006249222
2015413261
2019409071
2002242282
2003204350
2024408479
2023373870
2020404975
2020200314
2006335675
2004253056
2021101726
2016431618
2012315382
2008255039
2004250021
2013272182
2006285226
2023204097
2011245059
2019459377
2017202892
2026203799
2020281057
2023287265
2003202619
2023342692
2001291080
2009202849
2023376941
2010226678
2015387499
2022201871
2004214058
2015372510
2007323863
2018264957
2024266938
2024203256
2021210868
2023208907
2025275306
2017245932
2022252757
2007265326
2020203194
2021204557
2020297346
2003288416
2020202708
2016216262
2016429558
2015377244
1999036172
2005224328
2021107391
2021201852
2018299050
2015284755
2004306776
2018246837
2021102158
2013318467
2014295870
2013231179
2016215440
2012334490
2020202599
2020437170
2021206901
2017200585
2016203927
2014388080
2000048902
2022380638
2024205707
2016354893
2022361681
2021204614
2015271399
2024278616
2014250932
2017389212
2009218925
2017444938
2007340273
2006233772
2021209222
2018222826
2020349082
2017394025
2025205021
2010200997
2026200675
2001244894
2026204392
2023370550
2021105826
2019445440
2007318482
2017203058
2024405224
2011308538
2018442000
2019204174
2012335735
2014354766
2019217999
2022200386
2022450406
2010223826
2008365164
2020350501
2007361787
2021258068
2018200396
2024252075
2015323957
2014256987
2014200190
2013300035
2006249985
2024205737
2020241751
2024325219
2010282204
2020398164
2020315134
2017427355
2008279024
2022334070
2020202449
2025242175
2007327086
2021426284
2024314884
2011200681
2015244101
2019250071
2009243805
2018361545
2010238544
2023309554
2016236176
2017201794
2018264140
2022370023
2022218413
2015301904
2017239602
2017285479
2001242008
2012282235
2013100219
2012322332
2015354390
2021106985
2022340445
2009222438
2019328766
2024219925
2023216808
2017332547
2002247823
2011345535
2019323009
2016201466
2024218532
2021105597
2021101323
2013243926
2011253786
2017439080
2017272236
2020260392
2016277535
2002215283
2018267697
2007341280
2024203127
2007254088
2014203596
2017286532
2010243635
2014340374
2013355504
2004205978
1998082446
2024287085
2005266976
2022431848
2019435043
2019335417
2023218884
2003209860
2019449405
2008316696
2021293186
2014216035
2023365342
2025239561
2019202094
2025242204
2022235634
2024205602
2013222512
2020201040
2021304710
2016201929
2020239675
2009249382
2012326218
2015386670
2001022423
2021401661
2017100480
2020202050
2005213834
2021241126
2006333402
2013328138
2002341786
2013202876
2006202296
2024205255
2002354071
2021283607
2010200143
2005282532
2013317705
2015412224
2019360133
2023309624
2004295299
2022396247
2010315302
2002357894
2004214805
2014213493
2020224171
2010209629
2012254228
2014305230
2009282712
2008323933
2021103225
2000011982
2016211359
2021369641
2018321577
2008312427
2008293411
2008314526
2021103951
2013204054
2013370769
2022239291
2011253738
2020201115
2002318884
2020223716
2016338648
2007250077
2010100667
2019246883
2024444880
2017342826
2018350986
2018315286
2015380291
2003255479
2012319821
2017356848
2021273633
2013224918
2022308403
2003206304
2014364419
2013312972
2008262058
2011268205
2019202660
2024216512
1998060057
2023275390
2011212233
2018370069
2020202984
2013256071
2008270503
2012203903
2015244230
2015207036
2007228618
2022215175
2021315578
2010200101
2015252078
2014212141
2015362045
2019279988
2010200106
2019204054
2004280976
2011319493
2019200838
2003203764
2024200378
2008230402
2014271277
2013327397
2016251649
2020369979
2026201832
2015283828
2003259136
2010101117
2005276106
2019216701
2018315298
2011224018
2021221479
2021204562
2017248513
2016228183
2015200081
2023286309
2020201214
2023200723
2014202526
2024361723
2018366755
2014291045
2015321927
2019204032
2020200488
2021101948
2015210884
2019366584
2013296646
2021251463
2020328458
2020420676
2022344807
2010260996
2014204428
2021215061
2015305836
2021204686
2016294630
2020400813
2021103387
2009279431
2002225281
2016201932
2020323929
2023308269
2012389279
2025270969
2023251413
2007354841
2018401519
2009268073
2010359056
2006287856
2001236686
2004280492
2012367084
2015276638
2012203094
2015202635
2022458718
2003212436
2016238937
2006330852
2011232577
2002339961
2025271127
2014250719
2023387760
2023351577
2006292041
2015100595
2016320316
2013237639
2016367058
2018376020
2012278417
2018327337
2008311920
2016200140
2019231130
2020100047
2015358776
2016253620
2002357731
2021322743
2014338510
2021106217
2006344163
2024264659
2019372236
2020100120
2005287985
2017305249
2004324519
2020104260
2018311926
2020217356
2019477996
2016216572
2025201055
2018229553
2003302670
2022284393
2015300915
2006305701
2008326957
2004214394
2022207973
2004206520
2005296086
2015243029
2013100942
2022386072
2023200580
2018262536
2014215965
2021286249
2014376190
2017392045
2020340368
2008304363
2017327757
2014207699
2019365023
2020432845
2009292922
2020395181
2023234397
2015253709
2016204997
2023375369
2010202952
2023343345
2008341770
2014203775
2002101031
2015364605
2016286262
2015258326
2012202738
2019209048
2014410305
2017258951
2004284058
2002228370
2022340353
2014101314
2004215827
2007275431
2014367011
2006200573
2007250514
2011100242
2019302917
2013254448
2021248806
2012332956
2014384393
2018386728
2023247848
2023201489
2009227944
2017251639
2015328907
2011223585
2021107104
2004273533
2016101534
2019247512
2016250413
2019226152
2011377379
2019309512
2005214407
2018349164
2018325299
2019262756
2013363314
2022222753
2008265136
2024309291
2015201432
2019238712
2019202693
2013402720
2016246586
2010217154
2025279596
2020408599
2018288822
2020257057
2005329727
2016334149
2021227420
2010200126
2023348394
2020473677
2024219474
2019236632
2012257716
2019371072
2006323443
2009325981
2009267798
2014307022
2002240128
2016332997
2010230823
2014262138
2009201537
2006100247
2024267070
2007331292
2014206191
2019207926
2014351866
2017390194
2016247085
2018236694
2015100244
2020420057
2004236725
2013254913
2020104322
2001253145
2021309123
2001024356
2012370975
2018101083
2020235190
2020439803
2022204683
2023340203
2011302452
2005246251
2024259830
2021100666
2018399177
2021203963
2022200319
1998082891
2023234289
2017273625
2021201837
2013327774
2007231909
2021267381
2017281246
2007311476
2014204151
2007299915
2017439699
2026203115
2022286819
2013249375
2012275221
2017371554
2004264812
2024344010
2013257738
2023320351
2015364816
2020244393
2007201018
2020298542
2017309399
2020421140
2015200190
2022400401
2005332019
2018206719
2024284386
2021100233
2001028062
2000029417
2022201474
2019256002
2017101620
2005236965
2020433835
2015404488
2021100005
2003200750
2001246278
2013255048
2004258405
2010204891
2018368407
2012230442
2022398491
2019350780
2019312799
2023243296
1999050687
2018340981
2021392585
2022294092
2023211162
2023344876
2013210715
2010201717
2017286799
2019356016
2020410837
2015100722
2010234774
2010349140
2019468598
2016417122
2008349586
2023240236
2001014275
2005335054
2021307947
2023287379
2005318955
2023233147
2013377565
2017258101
2024266776
2013323100
2015282654
2019100189
2013205174
2003268879
2017395741
2005206621
2019301656
2001238311
2025210806
2004213999
2023421715
2020379827
2001295255
2015232526
2020415402
2004304610
2022201769
2024201421
2004279200
2010200349
2025267468
2024227604
2017316384
2016256679
2020202797
2015385796
2022205203
2016206694
2022228201
2018228493
2025226691
2022321483
2010234371
2022203036
2013345289
2012226550
2020101832
2022357505
2018203283
2015305889
2016257672
2025226704
2017389607
2019101071
2021101073
2017100984
2006241621
2022209344
2018417481
2016229172
2012347602
2026202121
2015284044
2020256218
2016203876
2020427309
2010212304
2020364242
2011200753
2015302416
2004324570
2013259973
2019310041
2023216863
2013270532
2010273837
2011200413
2023263428
2007100594
2009279764
2006259831
2003225515
2021107075
2021204034
2001013404
1999019634
2004246692
2024367762
2023312379
2013204380
2013200346
2016100692
2024201480
2024358539
2019335453
2020100785
2024201808
2018264031
2013312957
2008205134
2017246024
2015414475
2023257255
2003210762
2012258509
2013272942
2021105628
2012101410
2004218700
2008275178
2019222974
2024259696
2019200253
2002347785
2023404605
2019300777
2017306141
2014253515
2008324213
2022264934
2020276949
2006281928
2025271382
2018431107
2008307505
2012214168
2016200779
2009100832
2021266924
2020233727
2013376332
2020203409
2019352505
2014332765
2017340505
2000010177
2010241484
2020200923
2023204609
2013397219
2015403840
2025252531
2018372296
2018372960
2010202632
2006248710
2012276348
2020349591
2024211002
2008221588
2014237630
2011293714
2014201619
2018404053
2022205060
1999037698
2005201434
2022281172
2000026075
2018449745
2018401970
2023201381
2018236743
2007243106
2018269306
2021202166
2018257944
2021227295
2019310030
2010246516
2000012367
2016212243
2008279973
2013278008
2022255324
2020229857
2021100973
2005276116
2024302339
2006281012
2018329925
2018219311
2003218080
2016247296
2000066729
2010257770
2011314335
2011323203
2000014543
2024315411
2023251475
2023349826
2020102248
2025203309
2015205915
2024204083
1998083952
2019446426
2019378289
2006279742
2006228384
2021101447
2017353878
2003213392
2002363485
2009248360
2000019573
2000023290
2005291830
2015215908
2003203727
2020103365
2015361769
2017274577
2006307919
2007320051
2011261646
2008281629
2008265232
2023430612
2009202714
2006200102
2019206924
2018338407
2017291974
2020282322
2025201164
2017261591
2017272162
2016201674
2003231305
2017258941
2017244797
2014292812
2001256545
2023256294
2014229422
2011343700
2021200196
2021368759
2015231534
2012349127
2012244107
2024264610
2011302083
2004290371
2014286916
2019256729
2002339933
2004319211
2020228333
2021477258
2006348554
2020472120
2012305688
2018290360
2024359841
2005202187
2004209245
1999054194
2014203119
2015202393
2009231877
2023315795
2015315224
2011293083
2021104362
2009271295
2015302362
2006244955
2019209716
2004250927
2021229163
2017444350
2006268158
2018281928
2017235889
2019207624
2011250682
2020334772
2025203584
2003228754
2026201943
2018227699
2014374232
2015394336
2022303897
2026202639
2019278299
2008226410
2016204117
2013391863
2024325330
2018308956
2010229774
2009209249
2021107630
2020308565
2019338463
2002018823
2012207073
2005225121
2023413468
2014207327
2002312007
2026202608
2023343605
2020273358
2026200832
2005281966
2013294619
1999052171
2017264693
2003302602
2006308508
2014201713
2009200660
2018326807
2023208078
2023285908
2025263919
2020204666
2005253176
2005233129
2021340002
2016246225
2026202308
2024372861
2019246816
2024267044
2014252667
2006255078
2004279184
2020207807
2017204853
2019409983
2017265106
2019231140
2020104055
2021201794
2019100203
2023326741
2021209250
2016346011
2013274978
2022280893
2002364127
2020267597
2015282370
2024392549
2024412295
2013355411
2012238301
2005262561
2020337244
2020275833
2018101283
2022358651
2017352937
1999031492
2023258346
2003265651
2025256149
2016335548
2013209354
2021308384
2005291840
2015321923
2013267734
2000054370
2010221799
2011353873
2014272654
2012201529
2006291689
2021278130
2009248794
2016296403
2017216462
2013224656
2015347886
2003276364
2005273149
2020101994
2013216641
2014243706
2007294455
2013205815
2018250506
2016206374
2014101302
2021218100
2026202058
2020351230
2014287132
2022461227
2022280631
2021203490
2007235089
2016228845
2018201267
2020239707
2023408595
2015390542
2023335997
2019322806
2018202265
2023427441
2010200103
2021308253
2024343424
2021344340
2016371323
2024240270
2015366314
2023221395
2008203211
2018257811
2015249105
2014202823
2012337487
2014409584
2020101952
1998096557
2018102093
2016270351
2025201003
2009259878
2020203646
2021261947
2024203374
2009240917
2022259391
2023315854
2001054166
2012279345
2012216253
2017337335
2007303199
2004205329
2020204500
2019203237
2018287070
2009304711
2013219208
2018100448
2014268759
2023263535
2006330069
2022200121
2021263690
2023251421
2017248728
2011227505
2019281515
2012213128
2018411591
2018271252
2025279738
2023206664
2003204977
2013301054
2018206117
2009326809
2023200413
2017219057
2017202982
2023278073
2016357315
2012379979
2024266033
2018289561
2013408867
2025279815
2019275906
2023273726
2019215201
2014201070
2007288602
2022260264
2019201036
2017203663
2009312609
2003265238
2023318933
2008249192
2014295814
2017349748
2012203637
2019340292
2018368062
2011219699
2002212002
2019200678
1998084068
2020209737
2012213939
2020104283
2014202958
2011266699
2019352721
2013224660
2025205504
2016211405
2013317936
2015213290
2012395506
2021273617
2015293548
2011226481
2024231805
2005312334
2010347838
2023202484
2023214017
2016219670
2024280032
2023414375
2005295335
2000023555
2007218443
2007292498
2010100865
2008214271
2007278425
2014216004
2020357978
2013251206
2022383820
2025204596
2023201105
2019240610
2020282382
2002231461
2021269336
2011317582
2017212617
2025279685
2023291138
2015308623
2021101214
2021103128
2024374433
2021106600
2004297987
2025242208
2008200048
2018300159
2007275950
2006208271
2021200786
2014204468
2006268246
2016259427
1999021516
2012255716
2016383336
2006294425
2017444373
2022259757
2025208474
2015231508
2017370720
2025238082
2021100066
2004308444
2011267964
2013303968
2004322161
2018402684
2001278682
2010340585
2018442732
2006240541
2010284785
2024274584
2014403138
2013275911
2001247936
2008100376
2024403856
2023341365
2022252126
2019316896
2021105012
2014262277
2012201353
2021201743
2023342451
2021100645
2013246893
2007317375
2020100677
2021480748
2004301642
2016402395
2021105550
2023281600
2012261747
2020375627
2022289713
2024232585
2009100476
2016409304
2004255728
2016271921
2016377721
2024200360
2014202978
2022221681
2018428626
2009100216
2021279008
2019333326
2023464646
2019446837
2021200962
2012241067
2013338267
2020220189
2021240312
2013204576
2014410591
2018203536
2024392078
2018298479
2015246086
2004273509
2017229437
2024390388
2013303263
2019207003
2024201521
2021269284
2018286643
2018286376
2010262396
2022296056
2019268093
2018361833
2012340003
2016202519
2001044385
2003234593
2014329604
2023214276
2021105893
2025271257
2018211298
2017218928
2023222996
2021221878
2009210552
2017221810
2005203410
2020297214
2012212655
2024287899
2009234176
2016426405
2022201978
2022331198
2021204587
2002213361
2014291253
2019201546
2013100745
2024200838
2009329470
2014205546
2016331870
2020387253
2024266977
2025242281
2003205297
2018438636
2024288960
2024204629
2023201476
2007243079
2006310608
2004260370
2019366858
2010336998
2011273199
2020262057
2017334682
2026203685
2016200932
2018203872
2013332956
2011200152
2024320580
2012372918
2020373046
2007234622
2016256802
2012234407
2000069757
2019101232
2013280836
2019200919
2002310180
2008243232
2018407143
2004200597
2017276160
2012308170
2022235564
2009228014
2023433227
2024202359
2017260108
2006302447
2011202840
2010101336
2020201865
2017201142
2016231571
2004288137
2015101523
2018361531
2020405493
2012265822
1999012676
2017431865
2015382255
2003263001
2024366839
2018202249
2014101369
2020103335
2010210169
2024376724
2008301641
2013287309
2019335454
2015243819
2021102974
1999051850
2013312373
2002237406
2002302869
2016363670
2018308331
2019204351
2022291639
2022228177
2024398207
2019298330
2016238887
2021393483
2011250809
2024279756
2002325369
2016341463
2024200192
2015210459
2024338275
2006218786
2022255028
2015261693
2010101039
2017382907
2024259899
2021218001
2017283732
2021334293
2017218456
2020227081
2022405094
2012214744
2024267098
2018407956
2012207024
2018364128
2011316682
2020233629
2015227069
2025287425
2001094301
2019204958
2021328553
2023232127
2011360733
2015264071
2012247400
2007253613
2006268773
2011253863
2019398124
2018212665
2012323254
2025203358
2015200730
2013397964
2014403886
2022361909
2018202354
2017401161
2015261734
2022251506
2021107052
2016200204
2024330449
2022254939
2017201480
2019203071
2002236916
2011221678
2019256623
2012204223
2013300094
2021106420
1999056260
2013306252
2002330971
2020293389
2012101878
2020203059
2021234216
2025271577
2017101872
2013288498
2023328822
1999011173
2023471620
2016225868
2019204297
2019382298
2013260693
2024269633
1999060785
2011253667
2025201791
2021215878
2016244299
1998085885
2010201953
2020301426
2007351658
2022321906
2025279802
2007323931
2006259698
2024310056
2010236800
2025204758
2011268050
2007287420
2000047254
2020396492
2021107381
2013100294
2009302625
2012301523
2021377491
2025201782
2003262757
2018231232
2009352636
2023204030
2018402122
2018208613
2016432553
2023446737
2023258361
2019279371
2023285951
2018434934
2021106006
2014307023
2020281619
2006203044
2016228208
2007342344
2024228171
2014211528
2023285980
2023351995
2026200486
2020357557
2006287610
2011203080
2024201515
2004288011
2021218895
2025204384
2017281686
2013264331
2023219085
2016277572
2023254887
2019201137
2020235239
2024204832
2022487152
2011368544
2014281604
2018398970
2007206167
2015365349
2008231291
2014100190
2015242971
2003270003
2020354283
2015408850
2006232083
2022368365
2021395887
2025217282
2005269611
2011347063
2020103635
2019203398
2002212995
2014200621
2025267419
2008201897
2014213570
2017101936
2016101293
2015213298
2020308366
2010256524
2006220436
2025205055
2025256207
2023470291
2015221490
2018205160
2021430302
2010295060
2022254638
2007322488
2020101931
2011350195
2001100217
2020101647
2008213946
2016399230
2018204917
2004215093
2016211519
2014392531
2021286043
2011326157
2010335160
2026203430
2008247579
2019202542
2011202785
2015384166
1998089645
2019101613
2007333678
2015207842
2002248273
2021428448
2008345112
2010338867
2026203510
2021307585
2020103756
2011215191
2024239768
2022365960
2005261508
2003281984
2024401228
2022405439
2013331096
2008210260
2024267362
2021475458
2018286616
2019204976
2025271262
2017248565
2022262295
2008222933
2020216064
2019232863
2023278034
2009320336
2008281625
2014267844
2017390082
2013250105
2015358535
2018235940
2008322796
2009233540
2025215264
2003215744
2012213975
2002365581
2023211867
2017239600
2019283890
2012367384
2020209163
2013200820
2018250395
2014215045
2003291603
2017221833
2011247865
2001031298
2020102147
2021209252
2014278696
2020206243
2008226975
2019266226
2021203676
2022374192
2018208758
2022202191
2017441040
2023201423
2025212746
2019200685
2015252151
2014299161
2024391239
2014253880
2013368486
2008264237
2024278452
2013273664
2021254797
2013368278
2019235407
2008282367
2019204772
2006306523
2015210412
2019247878
2018220127
2005220272
2018415389
2003237439
2019338185
2025234202
2021271082
2004260375
2009289609
2012268832
2018371657
2007327815
2012244231
2001284193
2022440229
2016297866
2011372537
2020202252
2017246121
2018313902
2023278132
2004288008
2024221434
2025205065
2008299985
2018274586
2013290231
2006292699
2008202215
2021102963
2017100655
2020286014
2020249188
2016359163
2019100314
2022213313
2017210081
2002223093
2014407025
2008283739
2017416848
2005314171
2004288625
2009314488
2019422590
2019403819
2021204650
2014203449
2019386064
2024200235
2017308540
2024200908
2013314401
2023203239
2019268129
2013219913
2023447446
2011253641
2007311287
2018241185
2019437150
2024201638
2000072041
2017100424
2015255256
2022361390
2019296313
2004100933
2007333518
2008207752
2015409753
2006235281
2017393112
2017438908
2016203639
2022317060
2018240330
2003211299
2007214303
2015320370
2003272736
2013205641
2015346144
2020286370
2015238871
2016288631
2019325414
2019208225
2020103826
2011206675
2020288377
2019201080
2018250022
2015378173
2008304273
2025200751
2025204475
2025223909
2008213995
2025200493
2020102657
2015255871
2012205224
2002357853
2023285938
2018100785
2008209879
2024205829
2022323972
2023430518
2020204289
2018412414
2020102358
2020476749
2024323124
2020279846
2018436322
2014203194
2021251717
2022319791
2015277744
2013285221
2012262153
2006336088
2019291722
2025223929
2018271256
2023413577
2015238878
1997044847
2007318080
1999049326
2023410365
2011349205
2024205514
2023210525
2011200752
2014334536
2005229684
2005310973
2013202956
2011209599
2021104261
2005274984
2025226807
2001272203
2020242051
2023270202
2008244492
2022200364
2006255843
2026202430
2022275971
2010246486
2013284327
2014369865
2020233688
2019370476
2005326132
2010315106
2002334706
2020271070
2023335438
2019390247
2009200525
2001267551
2021106581
2026203940
2026200436
2016100203
2021227716
2020202980
1999032639
2022254081
2000031346
2015253514
2006311709
2022320143
2021103963
2016309262
2004279205
2020200133
2023237898
2020204128
2008222794
2015282367
2020381440
2009279724
2009243169
2019257635
2023306880
2017344389
2022376497
2005249346
2009335668
2017217012
2005200222
2018204232
2021431870
2022390024
2013200928
2015346969
2018278782
2023248065
1998056674
2012219357
2007286404
2016256769
2012211342
2018375665
2021104641
2019333268
2023242305
2022405704
2022203078
2011253943
2018336752
2021100501
2026200327
2020445633
2015338818
2014371943
2016425526
2006333374
2002316042
2013205164
2010340308
2019101440
2018322154
2020257062
2021299025
2018228540
2011304463
2010252545
2011203835
2014203310
2010202109
2012303709
2008201520
2019431307
2024291618
2023374240
2014396157
2001260750
2017239626
2011268130
2022378553
2009201191
2021476807
2022201380
2012211130
2020276527
2009351922
2023201478
2005202910
2019361191
2018453582
2012375451
2024220068
2020204569
2018283881
2012264320
2017220066
2016231618
2012382065
2017274073
2023258063
2014201373
2008254567
2021319651
2014274294
2005229335
1999024354
2019207084
2009287019
2018282527
2018338812
2000060025
2012329678
2006202916
2020297835
2011315024
2014202321
2007100074
2014414041
2015201108
2020103610
2011272193
2011200023
2011293191
2020289874
2016234965
1999019400
2023222965
2017307628
2023421619
2007272300
2018422296
2019100539
2008317727
2022451414
2018222674
2013322264
2021342943
2011244907
2018202877
2014235286
2012201632
2019281615
2004253477
2015401752
2014218355
2024278403
2003228345
2021447431
2020104085
2023404594
2008362348
2007319632
2000047016
2009201048
2012201282
2020102923
2025283575
2010201071
2022416127
2016293866
2014348937
2011100243
2017207339
2011314425
2013100506
2015313921
2015209199
2019204825
2022453500
2023201754
2019263048
2017312177
2004237879
2017257657
2016209034
2018436323
2022256192
2012355641
2002336839
2004205236
2017267610
2002329073
2015227528
2012331601
2020101611
2011201314
2005203557
2026203720
2006220437
2002348963
2021336875
2022214074
2012200054
2005297645
2014203771
2019451182
2021287371
2015371469
2022304683
2021236965
2007243575
2020414435
2006235990
2015218463
2011201993
2022409837
2022306036
2019478845
2004284746
2012301417
2013273787
2019455073
2000069267
2018362008
2010244906
2012388842
2002357661
2014284539
2020101369
2012290572
2011291538
1999037356
2024399811
2022244614
2022330384
2009241694
2021260798
2009204502
2002339252
2021106708
2024219482
1999042296
2018260973
2017279615
2019212805
2023210193
2026200714
2012203830
2005308619
2015334446
2022288157
2019202248
2018293912
2016368691
2013373705
2025202480
2001228700
2012345736
2001242291
2007202738
2013101811
2014240504
2015331025
2012227364
2010352827
2014100029
2018336785
2017290701
2012251379
2006225259
2011204843
2014414053
2020100165
2016330604
2008250711
2024295481
2021312278
2024388019
2021101577
2019203751
2014359941
2024227773
2021372108
2017100277
2010208317
2010303079
2015321998
2017219027
2020233625
2010244468
2001233009
2024351520
2019201166
2024204216
2006223309
2020401367
2021358680
2015357516
2012201765
2023370446
2020200627
2014415645
2016204546
2012100419
2021253293
2018260944
2020310940
2006219649
2022303321
2023451352
2021106083
2010202493
2007201763
2014212163
2009262122
2024342954
2008322556
2013297267
2026200383
2018382226
2025202135
2016293831
2001031686
2003205277
2020227064
2023203505
2021100998
2016102458
2007317699
2022230996
2002344460
2020323541
2017101843
2024229355
1999049467
2018285916
2023231454
2019391608
2011247703
2020350415
2012345070
2016201151
2014357598
2023335826
2023266675
2021101782
2005267129
2022489895
2017219098
2015211019
2007332378
2004250926
2008243096
2024218990
2015202561
2002311739
2003229917
2011343828
2023201982
2014293273
2012346010
2018206703
2013202241
2026201848
2017411519
2023313304
2020102550
2020322728
2018409908
2014250792
2024417592
2011101348
2000048547
2011267957
2018263989
2016203600
2020314674
2020256912
2024291631
2017248509
2004311616
2013406808
2021253210
2023227770
2000040278
2018299205
2018241170
2015202676
2021263636
2018414739
2020240320
2024355938
2022235536
2019294343
2017373956
2010239688
2014239549
2012368885
2018203407
2026200184
2026203073
2013100570
2021201195
2010306926
2019303742
2002233100
2012203791
2013260685
2019320328
2017444129
2012203541
2012355540
2022257926
2018227710
2021229175
2012387975
2019253881
2011291726
2012261225
2023201973
2014274835
2021229692
2023222971
2020345178
2006278639
2018408722
2004279203
2015272082
2011376066
2014295976
2016204664
2022221990
2017287028
2019270336
2008344241
2004216040
2012261818
2017321966
2014208038
2017210534
2017270374
2013399635
2007229356
2012322943
2022344559
2020323522
2008243230
2026200471
2021201133
2024253411
2012231360
2021338321
2023302084
2025226819
2013342143
2013394153
2011373436
2023201023
2026203646
2018203944
2021366907
2019369543
2024265269
2020246590
2023258384
2023241344
2016373251
2019204826
2021105515
2024358142
2001270184
2012261215
2025226675
2006235838
2007267992
2013347359
2004235403
2024220214
2019231794
2024204563
2018240333
2009271261
2016321728
2023285765
2005280145
2016281182
2017100148
2019283770
2022242698
2022311800
2020399503
2002240191
2022271397
2011200859
2023251447
2011202595
2018101373
2007286480
2023275689
2019360033
2023354541
2016203902
2024202383
2024201129
2012203333
2004310548
2014278203
2018284889
2015200583
2016283735
2018217352
2019417255
2023210593
2018267586
2024288042
2023204822
2006340286
2018100728
2015310487
2020203040
2017288581
2012219371
2016218353
2023326196
2013228148
2017378251
2012257496
2004303507
2020101738
2012219214
2015210370
2016255534
2016394894
2025242087
2008202508
2023201979
2012325666
2012292187
2022352555
2012214816
2015308215
2019288486
2002343721
2024397846
2020210290
2021103648
2022315102
2019383041
2009225436
2018101464
2018415602
2018276096
2009342259
2014268251
2018276649
2014268285
2015226942
2014203832
2017354083
2017252322
2024365321
2004214806
2013327901
2021107417
2021240131
2015261667
2024231667
2021312187
2021212122
2008357313
2019357793
2001019027
2000030060
2021286779
2018343872
2020445354
2017210132
2018308961
2011325869
2016263038
2013234827
2020294089
2022202786
2006223193
2019204806
2016381121
2013266157
2002362400
2026201359
2006200568
2017101032
2006203108
2004233143
2024258899
2017282925
2013334808
2012362647
2012241172
2026200465
2023409330
2001255844
2013308719
2012368308
2000078144
2015100950
2020289848
2016427008
2015411582
2011291337
2010319285
2025220704
2022215197
2012205076
2005224276
2019240981
2022201486
2025260004
2011269990
2024388664
2005326153
2014204504
2016291720
2016216574
2012268882
2013320381
2015353007
2008235440
2013345348
2020354484
2022444393
2003284436
2020289333
2012325285
2016219686
2018249686
2024339334
2024250064
2010325269
2017424108
2004296469
2014238666
2018250213
2005288658
2019216672
2013386843
2017202503
2014217435
2018317363
2014334580
2009215993
2014253672
2017360842
2016322014
2024205040
2018260924
2005266851
2026201529
2020212984
2021106843
2014201350
2023200186
2012247062
2017433235
2006291528
2023201057
2009269753
2007203240
2000010483
2016253641
2011100237
2020347030
2005217677
2019203865
2023200878
2020483580
2009243428
2014395554
2018273825
2006327196
2020233730
2009262137
2005253266
2000037798
2000051969
2021297787
2007318658
2021106705
2013387185
2005336604
2025238081
2020262824
2024357175
2018260851
2020103464
2019321879
2016405421
2007352852
2020341540
2023202373
2024233743
2020299384
2021101336
2007222991
2015287252
2022202436
2018355889
2011307523
2023374847
2025275151
2023328885
2021200993
2025201196
2007224160
2019274735
2022218592
2018205845
2017271545
2009251112
2011274249
2018326397
2001234622
2011359371
2021105079
2023355052
2021203232
2011340661
2022433364
2021280233
2023256621
2024204232
2019250928
2010249319
2023365228
2007357796
2023202210
2021269388
2018319446
2022203752
2017271607
2011259445
2018417124
2024213107
2015218469
2010210404
2008302071
2021101763
2019239672
2024223984
2017216324
2016100155
2006256054
2008316617
2023404822
2017225115
2021301699
2023258574
2024263769
2021238794
2011244901
2016201911
2000063322
2020296852
2024262114
2014202250
2022253360
2020294893
2017275392
2018345686
2023377454
2008308876
2013245870
2024201932
2018200340
1998055984
2022271393
2004292679
2024275219
2013260694
2018202742
2021107392
2025200416
2013368870
2024293507
2024316702
2012275151
2016416776
2020267632
2023261381
2005213327
2018304201
2019243836
2013205576
2004279170
2018202142
2024305090
2013289943
2022358503
2020200451
2010335392
2018226420
2023401105
2019250212
2024216292
2014342235
2022271493
2001043103
2024216523
2012221588
2015301222
2017395532
2003300818
2021221755
2010306993
2007321656
2020376229
2012377477
2014399228
2015200216
2015316320
2015261573
2024200960
2007325096
2021297880
2020329777
2023305836
2021349420
2023238025
2010251852
2014414008
2018204598
2020201272
2004202863
2019478487
2011332443
2021102301
2023388728
2020202994
2015213286
2005202901
2005248926
2006302908
2019429344
2021100280
2018286469
2004305844
2004324094
2020281838
2022305545
2020267365
2020281022
2021438351
2020282922
2012376544
2021107378
2018102034
2011300248
2017265135
2023274157
2019200084
2021341897
2020394626
2017415762
2014374236
2024238379
2025201578
2023324694
2021385065
2019204956
2016100921
2005319281
2020104188
2009200407
2009297514
2012271797
2003225510
2019473469
2024227538
2012326376
2024263291
2024259642
2023266575
2008244493
2020226219
2001100428
2016404863
2024342567
2006242378
2004288307
2016364736
2006319060
1999026354
2006334503
2011282276
2016265973
2010253536
2021334365
2016384284
2019410266
2011383092
2017414430
2006214572
2021273630
2015296304
2015277337
2019346615
2011291790
2020468136
2016202888
2011333090
2023210621
2018309560
2023204695
2009251572
2021106825
2015371760
2019204437
2002308474
2019266800
2024294714
2023237121
2018321760
2022346828
2012259262
2023426434
2006228047
2021102987
2020200642
2024205637
2017435222
2012202740
2013100265
2011240239
2021313127
2000077031
2021100342
2007342468
2022266523
2009335975
2018206737
2008259834
2005249142
2000047843
2017347589
2018241053
2019275660
2000043777
2019205611
2026203340
2020244454
2022410620
2014340220
2024253094
2023200627
2020210852
2014414439
2005222978
2025202060
2020277559
2020239796
2000030937
2019267724
2025226832
2023204333
2022432152
2006100119
2004227958
2005280663
2014347797
2020220479
2011241885
2021240063
2007203200
2004240456
2014206651
2018225503
2025202506
2018260194
2019213364
2024236117
2021204761
2000016156
2013354973
2023201169
2021202126
1998094034
2018236784
2018234937
2016201247
2023234613
2017358691
2001242176
2023202485
2012334802
2026203417
2019206094
2017228216
2010299670
2023248698
2021320641
2012212249
2023266309
2001249274
2011100218
2018290995
2016235071
2024244557
2023234670
2017425815
2020213385
2014101296
2007238780
2018100172
2004274498
2019303765
2023336028
2016398068
2005246976
2003238000
2023202732
2022339791
2021455532
2025201232
2019335839
2013200172
2017387185
2024216521
2003253636
2009305745
2019323842
2020104270
2021301647
2014406544
2019241116
2018310477
2018215471
2011245898
2016261488
2007233560
2018267537
2017383104
2022323006
2025204415
2022257125
2014202816
2014100380
2022473555
2018401507
2019246798
2007206964
2003203755
2008261680
2005277538
2016307332
2016277461
2021309929
2020323158
2011379006
2020387317
2014201994
2020401028
2014274397
2012200897
2016349941
2020360899
2006211127
2019239340
2015346038
2020263199
2021291140
2013344519
2004200602
2020218326
2012331963
2021105665
2021382923
2024200272
2011294043
2021102183
2025271460
2021201867
2017208959
2021263637
2010241515
2024219340
2023201787
2019382639
2024275261
2025271081
2023220527
2005200166
2017372589
2021393818
2016272733
2014218501
2014290595
2023207688
2024234293
2024200767
2023397589
2017203580
2000034167
2019343226
2014311977
2012268068
2020283880
2021221843
2021420388
2024201152
2019240763
2006213557
2005201572
2021215115
2025210783
2012202906
2022460731
2018347465
2024299268
2022202027
2001238243
2021379051
2015272007
2022201892
2011200911
2016254322
2013346656
2003200983
2010302368
2019101742
2024344474
2025203696
2014287580
2019308792
2008218571
2000038823
2011308202
2021387755
2024258318
2019201237
2007324694
2025201043
2021106757
2010297160
2015225397
2003297223
2024253466
2013291759
2025203912
2019351346
2015282748
2019213047
2017320736
2006346021
2015350087
2021395126
2013205210
2003277399
2017202881
2023306965
2020203021
2023248099
1999022307
2023374228
2007205227
2016219479
2018212610
2010317579
2017331116
2015374507
2009293136
2016101422
2015246158
2018274424
2024342193
2016412997
2011239616
2013375529
2020342923
2013249969
2018360314
2004213998
2024226775
2003201165
2013237093
2004300705
2022291666
2011202446
2024257530
2018101521
2019357824
2016100314
2007313442
2007215136
2024207414
2015405062
2018341190
2021254644
2010285492
2022286984
2011232306
2018219871
2013348398
2012295039
2020275559
2024227716
2005257770
2025206427
2019201308
2026204484
2012227239
2022214943
2015213325
2021371453
2017202474
2021420664
2009294780
2005316870
2019286133
2022212123
2025204056
2004250885
2020417994
2009225065
2022421026
2009305760
2020100457
2013202863
2016310417
2016304612
2006220770
2018200319
2011311109
2021286275
2011295368
2012202909
2019200111
2020200693
2004233512
2019366869
2025287393
2021204616
2016245323
2017343990
2014221215
2017399007
2000061270
2024229324
2021102882
2024204709
2010336515
1999060412
2015343949
2022280886
2009347929
2021477534
2017213436
2009210594
2004213215
2017100438
2021105532
2016418336
2001252946
2024340324
2014350651
2020299019
2025230712
2017328847
2019202011
2022234271
2024253804
2024205534
2018266377
2022201568
2023270204
2021101760
2013209270
2021229456
2002336282
2024273970
2022246430
2022262325
2019214956
2014312359
2008285343
2018101314
2005288752
2020347150
2021338376
1999013684
2013266233
2019345162
2015213311
2024301643
2021106577
2018444642
2003248308
2010201962
2009325377
2007243074
2026201941
2023228630
2006268487
2016100074
2024273059
2010242668
2005311827
2004297040
2017208193
2012378293
2013211927
2006292042
2023202895
2017207930
2017427357
2009200742
2008318792
2014262897
2002220353
2016324353
2003204264
2014355122
2024211001
2009299544
2020261691
2021221856
2023226662
2010201948
2021204788
2023260828
2006210430
2009100400
2020472959
2026202522
2005226942
2012285803
2009223616
2024407237
2019242247
2023313524
2005208888
2015203847
2005273610
2023459118
2021425047
2020425747
2009229119
2025201497
2016243746
2014322123
2023323860
2025200125
2013334917
2024227034
2022204587
2019277871
2016210695
2018393399
2023237037
2023219979
2017343623
2008331300
2022241621
2023450337
2025208528
2003246931
2004262059
2021302317
2013405589
2017300950
2019261597
2019457337
2017100394
2019252114
2019215141
2021263591
2001294634
2022209211
2005100354
2011381553
2022235590
2013304366
2017202745
2007325237
2023285707
2011211350
2018206592
2022390057
2014100524
2003222128
2008265970
2015247503
2021102825
2012202352
2003278906
2022457138
2013257522
2004296461
2006213838
2014203742
2003213838
2022390181
2023202611
2001015753
2021218187
2012100323
2018203197
2022297521
2017222708
1999058400
2019272880
2014200887
2005332017
2019211004
2009287226
2023421347
2024219944
2019227886
2024330916
2020295272
2005301418
2003291816
2025238140
2019210619
2018322503
2022396031
2020211387
2009351013
2007293383
2016214286
2012217621
2008318143
2014225896
2013252717
2005253425
2008241406
2025263843
2017405463
2019201221
2015298962
2006220250
2012211372
2014374304
2015261578
2022469913
2016280644
2000059543
2018205895
2000264152
2025200505
2001036233
2025202746
2021470708
2012227342
2006304933
2026200024
2016256720
2008243017
2024201784
2010344879
2023369196
2019362683
2016247689
2011333519
2008205061
2018354175
2022202647
2023200746
2021321730
2017412545
2014268157
2002368159
2013203947
2007203579
2017232131
2024267765
2024205728
2010228130
2014306813
2015296114
2023235297
2017100025
2017270117
2015207570
2017397390
2022275474
2016393740
2021103255
2010279034
2015385798
2018301161
2019237892
2012283826
2001019701
2013204229
2001283555
2024375438
2020237108
2010283565
2013361342
2022224736
2021442100
2022470696
2015284970
2009200120
2009223396
2021101018
2024216281
2022305651
2016253623
2006235124
2021373487
2012375224
2021302551
2019394810
2004242961
2019238615
2004227133
2016298481
2020354476
2014269197
2016210772
2017202621
2015247838
2005273609
2004284368
2020364234
2023342724
2013359597
2018275002
2021338761
2002333087
2004203466
2006270355
2013212696
2000010255
2004306226
2014256418
2018216823
2016204555
2015101805
2021200709
2008259432
2017405271
2021104527
2023386203
2003300011
2019293862
2020386867
2012211425
2020202714
2020351811
2014100224
2017101401
2015331028
2017336309
2021352452
2018239451
2012303085
2022325908
2015100712
2012302066
2017340761
2024332984
2023217324
2018402162
2015210565
2023285975
2015101933
1999010579
2021289635
2021215207
2004245115
2017213582
2019202223
2023273662
2021479967
2020286250
2013334809
2014255459
2021200095
2013262813
2022201078
2019344978
2017258822
2005214348
2016406379
2008338278
2013385753
2016206397
2008202983
2021290959
2006241299
2012354454
2017302541
2018455892
2017316520
2020468483
2005299838
2020103784
2015283858
2023266209
2020364083
2024204044
2011201987
2020389020
2003204351
2008249181
2003213923
2017377972
2014381325
2019100362
2024278382
2021205031
2026202458
2024266928
2022254772
2024397960
2012101210
2018345741
2019248635
2019424684
2024387089
2017203687
2025263867
2023285892
2009212482
2021336432
2015368047
2004200349
2018224614
2008264228
2020213574
2024205566
2020322242
2018102253
2003236034
2009267467
2023203107
2017437864
2023282270
2023471098
2021104783
2019251998
2015284629
2006216920
2024287240
2012208987
2002350197
2023273298
2008243406
2015202497
2017245447
2024384323
2008236148
2002302024
2012330496
2019207706
2017355375
2022421756
2025200948
2011202653
2011241284
2024205279
2014226135
2020403242
2022263483
2010327599
2004280119
2024378983
2020207838
2008217539
2016100977
2010236053
2000274569
2012365940
2007293764
2024278405
2025267509
2021213927
2004255445
2004254157
2012244333
2016380302
2019264534
2016259280
2023205774
2023227204
2022481799
2017429195
2014286944
2007229404
2019471214
2020281379
2005284103
2017431845
2013242852
2015203574
2014311308
2016256681
2015263953
2004248501
2014413271
2016250656
2012262160
2016228027
2019269661
2004310098
2020233711
2026200058
2015203601
2023266473
2014101246
2016432554
2026201940
2014246687
2023278054
2022324400
2006222761
2016218092
2019291441
2017213664
2017443100
2020103011
2012218239
2016253588
2018260941
2021369443
2006205655
2024202842
2020204002
2014201180
2021248280
2023338806
2014277782
2022353768
2010328471
2013262423
2016203195
2000072241
2020104298
2021410048
2012323150
2020335007
2017261419
2011369809
2020241040
2009250999
2012392555
2003210490
2014259561
2016358299
2024264053
2021226688
2004308386
2020207614
2003263807
2003217847
2021291731
2025242158
2024415754
2023202988
2009213096
2008267750
2003218079
1999062212
2008242623
2008303007
2023201393
2011289232
2024274321
2019339511
2001279222
2021211931
2019284112
2019307437
2009210660
2020204938
2026201927
1999061038
2021269955
2015285344
2013361528
2015265617
2016100867
2023263556
2016369273
2021270057
2001296665
2022202552
2007299846
2013249172
2021204607
2012261701
2023205562
2025259942
2014231590
2019265300
2023201774
2017361990
2012235719
2011296368
2010202769
2022203236
2022444592
2010262617
2008292181
2015224382
2010336217
2019208246
2015297068
2019303720
2023233152
2020203224
2024222212
2021104586
2019275727
2011218782
2010273144
2012347883
2017277929
2025217308
2005237146
2012231363
2009291915
2014339740
2022235571
2020239810
2007253450
2021100385
2020234574
2025283570
2023206208
2019238800
2018102043
2011202413
2007101151
2019222715
2019280058
2012230013
2014262251
2018203703
2010227015
2012355639
2018305632
2005332284
2013261853
2006235795
2025279805
2022324567
2021100494
2005273128
2017272325
2016267982
1999051176
2023382156
2008243155
2010200603
2022337484
2016412717
2008101289
2012214998
2005319411
2008321223
2019200559
2009276851
2023457149
2010208547
2014100037
2019367992
2016254056
2002356654
2020104213
2021369215
2012296936
2007211927
2006292540
2014268283
2022384663
2023206163
2019200749
2023297915
2012339426
2018101523
2004257171
2008331941
2020260515
2020399936
2012275038
2023461945
2016283402
2004273429
2004275804
2000027849
2017315466
2017439969
2018321467
2021100603
2019229449
2008100075
2023425071
2020289803
2023200392
2013302786
2024213898
2018219696
2007302051
2023272512
2019419322
2002318314
2020204908
2022299436
2023224853
1999016270
2014225799
2003289426
2013271432
2021221669
2022283743
2022428781
2005239818
2015322645
2023458797
2021202823
2007247009
2004203483
2012292957
2018414653
2014326358
2018410566
2017425809
2001015280
2022205251
2020355405
2013311582
2025263802
2022235563
2018290758
2021232694
2024252357
2013397052
2008218716
2011203079
2021103964
2024216522
2021100919
2020251753
2019303683
2013295838
2018423417
2023204301
2023205258
2017358533
2016225910
2019283842
2021101613
2026202166
2017221778
2005334092
2004306892
2021215986
2016365240
2020208125
2024259720
2012201384
2021273568
2004308756
2022260655
2019200106
2019229174
2021105162
2015307020
2017317878
2000053596
2020223645
2021100742
2015384779
2004202846
2010301898
2015362561
2019203755
2002315475
2016225780
2004206590
2023292779
2021201660
2002219892
2020201252
2022359405
2017366813
2020102972
2013292583
2003222680
2021286199
2013273832
2016262685
2026203212
2004304284
2000026103
2016211254
2005234023
2006246352
2008244495
2023424338
2026202012
2023203280
2016409886
2016100608
2006277025
2024203651
2004213997
2017210502
2023201776
2012244830
2000050054
2023204178
2016201348
2014297628
2000047253
2020102098
2007201974
2005228691
2012344739
2021273661
2023204156
2000049998
2019375136
2016225855
2019356584
2026201437
2012203410
2010200506
2016208396
2011282758
2014100183
2020255012
2016202141
2005225144
2014209022
2021277142
2010277788
2013200887
2007262797
2022485995
2022421672
2020268718
2013399084
2013325234
2019370286
2020234561
2024299578
2022203784
2022201655
2015217738
2018448175
2016219369
2022291481
2024321319
2015229170
2011318993
1999038176
2023365551
2022230620
2021202173
2021232678
2011236109
2016254739
2017261802
2021285520
2004100617
2001010057
2021437956
2012240570
2018101273
2012394979
2006225662
2009350015
2010297988
2024344156
2019240563
2021107564
2022341130
2003244692
2020200345
2018102039
2020318950
2001293254
2008249232
2010352071
2006225986
2014100916
2020354648
2018232918
2013364674
2013337699
2019210607
2020219372
2011224955
2012265140
2023299130
2019210601
2010224460
2017245170
2023247499
2022204734
2012201439
2016227079
2020103732
2019394853
2024251883
2021312111
1999021167
2010203924
2019333919
2023278120
2018388898
2000052416
2017412467
2011352082
2024204025
2016389093
2019208552
2019296512
2021373171
2020266614
2019272041
2006282934
2021270888
2023272579
2024200788
2018427119
2018318925
2005221092
2015218380
2022235512
2024205001
2014270975
2014290137
2016373020
2014334792
2014318758
2022297798
2005211089
2003204006
2021377685
2016201791
2016250260
2001233580
2021236866
2007275785
2021307783
2023201689
2024212734
2013301581
2016391189
2008348343
2020103880
2020239623
2019320771
2015315064
2019349684
2004200410
2022279523
2017328040
2023442130
2005279737
2018200231
2013345301
2006315835
2025203685
2021237204
2022439641
2017228637
2016244309
2011282835
2023206083
2021101614
2020265942
2015252990
2010201422
2019389175
2004289867
2007207653
2021345361
2021200038
2020239760
2012349701
2014340234
2005255403
2004297950
2016361460
2023323328
2013329319
2014301422
2019300862
2018203623
2000030938
2022272956
2019100280
2023436610
2013327373
2012316484
2005263685
2022400963
2014357488
2014266872
1999045932
2021100058
2017433346
2004266764
2010210771
2022340842
2012260475
2020102556
2013219914
2021200291
2018384112
2020299137
2014394452
2021100365
2016100441
2024278419
2020203905
2015409263
2020316528
1999052165
2018355497
2022443462
2015213409
2008344132
2005232137
2018309644
2020345621
2009250993
2021222844
2014285646
2008258849
2017411592
2015315223
2010201718
2017202010
2022322856
2019246292
2008264232
2024262296
2016206313
2006285538
2022491154
2019239786
2018249920
2021435212
2003209433
2018367362
2020414291
2011236802
2009279767
2023201547
2019306148
2025202061
2024257343
2011355781
2021204068
2003215289
2011224147
2015201513
2022204086
2024292914
2025259936
2018280094
2015201490
2019296183
2018252665
2000062794
2022215252
2019461734
2021105543
2020299301
2019403054
2024227482
2001063620
2016273913
2022249044
2024286860
2014312201
2019200496
2008329888
2018383797
2022264758
2022374188
2021210471
2024269449
2010234204
2004237681
2010202381
2018208771
2016307326
2019405940
2016432286
2004213218
2020279107
2023358945
2015218697
2015411026
2015242493
2024395163
2018100715
2023295552
2021103718
2022421423
2002355100
2003200424
2000026841
2007220299
2024303991
2020204288
2021100738
2012309094
2020468291
2025202095
2009281883
2002229616
2021251266
2012222109
2005272283
2018373210
2007321889
2018386559
2018429016
2005100358
2017417952
2021234084
2005269159
2021203068
2000080235
2013205738
2013203923
2021308733
2021311033
2018101505
2022275388
2024247501
2025256122
2010337133
2007362967
2000062463
2016261915
2011264311
2015200366
2020240007
2023222822
2009227268
2021299309
2019342837
2024266697
2012359766
2016276942
2023200602
2022442240
2014235296
2005290973
2021204621
2025203568
2022442099
2006206974
2011274219
2023307889
2008229816
2014293451
2026202772
2017286771
2025283666
2012261656
2012316111
2018203319
2014210664
2020202574
2019279102
2002338339
2020221172
2000070109
2023241308
2004271685
2024200109
2010202555
2022207090
2018278995
2020331564
2004258529
2013359435
2011221405
2018314622
2021440146
2023295918
2020253043
2017208465
2010215268
2007338938
2010300767
2018273895
2019357615
2023200823
2017258881
2012299409
2021329841
2018261253
2022359253
2017274570
2005211563
2000050813
2020459346
2022271494
2018209917
2013395426
2010301029
1999029664
2022411259
2020102437
2013313111
2009202579
2017286475
2006202614
2003247759
2012359080
2015311052
2020103580
2001024627
2006309026
2013344087
2015101919
2017230842
2005207968
2026200838
2014201447
2010270225
2021418118
2003284974
2022236390
2004212614
2019228079
2016358316
2012200032
2016277652
2011330133
2006247688
2018380299
2012101341
2023302723
2024203304
2016253034
2023414780
2013398384
2014241787
2018340857
2017100905
2008252765
2020445940
2010101508
2013308384
2020389036
2005229875
2020261022
2018413694
2019474941
2011100465
2024220107
2011348121
2014290505
2020202973
2014203384
2007299571
2024203901
2012246698
2017391807
2008318844
2015264921
2020434019
2024377543
2007299321
2019204043
2007243143
2002242265
2008279219
2024204059
2021411767
2024207494
2013405143
2020396889
2014260540
1998087946
2021100946
2020101549
2002257249
2013354727
2016211697
2018414649
2008222724
2012262644
2017439697
2019268359
2020201409
2004219544
2018349050
2008216874
2001029861
2021424908
2018452738
2010246895
2021202142
2005307991
2013201232
2017275393
2022271416
2018402023
2014232307
2014241859
2023250983
2016340979
2000067503
2012334333
2010257227
2022356775
2019271503
2019226091
2011214895
2002308025
2004307374
2010318858
2017273702
2019362770
2019381145
2020103097
2013259391
2007353816
2003230843
2021214117
2021107514
2020103224
2026201241
2020352900
2022291564
2016327573
2010101481
2016305473
2023219822
2009239018
2024336986
2002331235
2018390648
2020248982
2002254149
2023205955
2020241106
2021480811
2013237062
2007221816
2019343654
2021105481
2012319335
2024201161
2023204181
2021450619
2009238677
2021231574
2009310932
2020279106
2018211213
2020397955
2001035422
2020201776
2015268603
2012335750
2023334598
2010202727
2024351206
2019337668
2011379369
2023414357
2021203446
2011276229
2015238791
2020397131
2024395984
2022247599
2008363225
2014201655
2019100723
2010246208
2015232048
2021107043
2013323928
2013300320
2022455648
2019214612
2023200560
2022274152
2022321528
2013332631
2014208226
2013330387
2018275668
2012203160
2022255315
2018101851
2026204045
2023358099
2025202756
2023215134
2025223779
2009202919
2011207859
2017434337
2013389649
2017225118
2008289293
2023363891
2014238181
2017261994
2016266000
2010329814
2015327897
2020408301
2019201816
2013217608
2023358828
2022271427
2018430381
2022275748
2017225016
2021203898
2010311357
2020298425
2002308983
2014284570
2020256776
2014350545
2004293763
2021240285
2011239748
2005267103
2020351524
2023377086
2009329280
2003214926
2024260382
2013333213
2015316165
2022295477
2020275902
2015100247
2006317688
2011200702
2003279887
2019208223
2022253363
2017351055
2022397404
2015385634
2023264873
2024200418
2011290144
2021266355
2025202248
2011289500
2022201460
2010309898
2012385968
2017425543
2018302103
2017277417
2018328227
2014373838
2006203242
2012295043
2023260836
2009209844
2019236635
2019206672
2023262151
2021104026
2007202680
2022374796
2022215320
2020352903
1999063768
2003304026
2023394126
2022236757
2022479527
2024231347
2010100162
2025202149
2025200691
2001013694
2013219844
2012374019
2021340791
2021104453
2021449966
2018313701
2014201800
2016225552
2011200795
2011340491
2021275547
2022331841
2020100412
2016238336
2017270932
2017272246
2021102050
2005285511
2000034036
2006203126
2009262110
2020352914
2023468880
2019100999
2020434239
2011249011
2018217241
2019314353
2006333371
2010298650
2018374564
2005275788
2018377863
2000052314
2020201904
2022293063
2022249075
2021397790
2023223479
2016394453
2021376720
2018250358
2003257341
2015301920
2005270677
2021103517
2020219093
2023237112
2018221814
2023233631
2020224256
2005286902
2007300233
2020321169
2024324723
2005297120
2023229266
2016244204
2020104402
2004216739
2011348061
2018298513
2020302866
2008201287
2021279215
2020244264
2014219562
2006206617
2012239629
2002253260
2013287433
2022432100
2024392088
2024387810
2005316250
2013246125
2023394916
2023457113
2021246513
2006211991
2011272312
2024358341
2002241387
2014323510
2010203126
2004307735
2016247038
2015321000
2006217775
2021353062
2017216909
2014362921
2013213921
2022281967
2016254907
1998080367
2021246430
2012328856
2017388035
2023254967
2005316207
2024200584
2020348394
2016265968
2020393728
2013273666
2011257832
2019202128
1999050793
2006225414
2024204544
2021202837
2005205366
2023418202
2011325178
2003204007
2013306382
2024249551
2009243042
2014289031
2018412712
2012265610
2011274709
2025202109
2021221469
2015259715
2024278106
2014203515
2019217288
2008200382
2012336026
2024202406
2024259860
2016311166
2022264615
2025259927
2004308757
2009342312
2023201492
2021292460
2020240943
2001245884
2026202951
2020226553
2010242666
2020407270
2009221628
2019229343
2015265335
2016316317
2025252657
2004276760
2015228589
2011336566
2017367577
2024411830
2024256084
2010224306
2010321416
2022264813
2018233023
2015201149
2015202807
2015336930
2023311225
2010256311
2019200432
2020217357
2019243976
2000043804
2023442899
2016218036
2011235267
2021234176
2022294088
2012262538
2020210277
2013304479
2021280311
2021253507
2008328876
2004219836
2019282138
2019387079
2015333691
2013231076
2022440578
1999010279
2003282794
2019227079
2017200000
2018341772
2010200041
2020394396
2010226584
2018415723
2018202686
2017333529
2023202942
2023202235
2020361082
2005257642
2018443268
2001257110
2013257418
2007297676
2016292955
2017409871
2005200048
2015229967
2024201463
2020102036
2012251726
2013331333
2016267097
2021273879
2014350696
2024278799
2022413752
2019257644
2001011868
2015332244
2020334638
2015203695
2000072373
2005227129
2018311603
2016291849
2012203074
2020378460
2024410574
2026202605
2025213707
1999063435
2020463541
2000039810
2025201095
2014207242
2013323956
2008338454
2020336151
2023255026
2005300389
2023200822
2015295989
2022323739
2013293647
2007308605
2020240317
2009351552
2003211048
2011239421
2024227358
2022326371
2018272840
2009251576
2014101637
2005229722
1998093382
2018260633
2023265511
2016280650
2025230748
2024369772
2013336672
2018397616
2023203632
2020382698
2013286807
2010231947
2020470228
2018200738
2014413658
2009263929
2017243531
2020103671
2010285975
2017432641
2011202223
2015204355
2010305717
2012205813
2017202612
2022385578
2021100123
2020101925
2011295988
2024320442
2024201075
2025205442
2001268189
2019232920
2015210335
2022215002
2019204161
2017261992
2010219752
2021413624
2017427022
2020402029
2019209348
2018201553
2011353036
2017263285
2004263121
2023377463
2019210321
2010347783
2021266313
2011226834
2000039015
2013204953
2004310915
2006226450
2010217516
2005339252
2004278395
2018373209
2007283444
2005229692
2022228209
2024354215
2022391675
2016428406
2023202344
2001036900
2012241099
2020409995
2002018032
2000030940
2021223146
2022441292
2013327960
2022201896
2008247357
2016100440
2012378310
2005315886
2008304180
2023379578
2015258215
2004242217
2020200523
2008101320
2024202416
2021102375
2019290680
2020255008
2015305525
2014202148
2001238274
2006328011
2017218996
2018383743
2019101145
2018415302
2024201037
2013207799
2004201296
2001018365
2015386336
2003245556
2019355141
2016208249
2020337927
2017302345
2020324428
2025200506
2012208946
2010201396
2001276684
2010296186
2019388607
2000022432
2016201530
2019419934
2012330892
2005303251
2017382703
2000010808
2019242012
2019101339
2008251021
2011205243
2007221795
2004312213
2009325082
2007210079
2023210584
2019270168
2017201010
2019411266
2016211547
2012212325
2026202601
2015101894
2016231463
2009269689
2021301180
2021399113
2003253000
2021102721
2015221528
2002220101
2010290255
2014101495
2009298411
2010326708
2024201345
2007284987
2015215981
2021281863
2006233635
2020240383
2020204094
2014295972
2014202388
2018436278
2012340192
2019213577
2016229175
2024371367
2008100729
2007301252
2015101829
2012101965
2003237539
2023381766
2016234909
2021354282
2007250113
2022367616
2005303701
2007202520
2016348310
2007279394
2006315834
2021209616
2002360911
1998088964
2021343372
2018101214
2008282232
2004217928
2020301123
2021282269
2021105779
2022279392
2013238848
2019207900
2017253938
2018241410
2018208142
2004296896
2001265051
2015385199
2021251670
2018398489
2025248644
2001027195
2007265051
2017439568
2008289212
2013201689
2019200482
2021221387
2021448792
2019247776
2023387913
2009340463
2023381837
2021290153
2003235174
2023251928
2005218748
2012100445
2014370001
2021201542
2008307670
2015395033
2008289174
2020354000
2020230311
2016428424
2016202975
2015342719
2019216628
2020321531
2007288318
2020201456
2020227908
2012101196
2024368730
2008229684
2010290941
2004222927
2018437006
2018440474
2009320098
2013251853
2006250020
2006331425
2003204467
2021332019
2021300808
2011222418
2018226482
2025202560
2024204570
2015317365
2018412121
2022206052
2021450034
2020201574
2016342783
2023323498
2013100767
2009204460
2013222046
2023234895
2016219651
2026204553
2015360927
2022443265
2020101257
2019343426
2023370301
1998088023
2020322427
2014290352
2025200391
2024202536
2023213470
2020260657
2017445062
2021104832
2022417287
2020356933
2026200186
2020224581
2002240229
2024267105
2020278740
2018203636
2019210831
2011314250
2021103704
2000030397
2019202332
2010291045
2007329622
2018314520
1999038022
2003208086
2024200410
2026202178
2019312152
2020238668
2011255568
2003262473
2016206318
2019382524
2001256992
2020281477
2023289782
2020221388
2005285267
2026203596
2019268470
2002301413
2015202194
2004222717
2025201550
2011232805
2015201616
2002341750
2015200490
2003247346
2008334324
2023259352
2008100690
2020417163
2007288991
2021202141
2008340914
2013352851
2018445217
2011202063
2013249703
2013263757
2021103330
2021480738
2022264021
2009354543
2025204609
2012225162
2006200079
2024317517
2016204773
2001265692
2014347029
2013390859
2019201864
2017353987
2021101175
2012345724
2023208132
2021203680
2005280327
2015268724
2024371732
2007202156
2024398358
2013381337
2007271671
2013394366
2017272141
2011307517
2016202079
2021449863
2021257725
2014275486
2022386365
2010290258
2019200152
2019325356
2025201938
2008207518
2010303058
2023313623
2023379127
2018350897
2020102716
2002327439
2003217139
2025210853
2013266187
2019284210
2019370860
2024324889
2016247078
2008318260
2023200956
2023258413
2020367536
2021201179
2023285912
2008228728
2014323640
2022204649
2008322510
2014326377
2025204756
2016283066
2018200254
2023221883
2024344391
2021291976
2005213104
2010335257
2020368382
2007239055
2014253536
2022409165
2003248937
2021104118
2018204752
2004217283
2003271318
2019320032
2005269784
2020334705
2019204823
2008343068
2025213705
2018289521
2021380016
2014249236
2016210769
2023442872
2014315246
2001297897
2017226209
2009233592
2024278404
2017405379
2000029866
2010231805
2009238286
2009209231
2014101398
2023201203
2019202185
2023251527
2015203796
2015265599
2019346562
2015210393
2003220696
2019392679
2013263746
2021221668
2001011148
2010308373
2016374250
2022200422
2020266572
2013371379
2023204182
2000016932
2016273864
2020392713
2024202666
2022386790
2020375735
2020201609
2025200072
2020423946
2022235791
2012295133
2017290723
2016218355
2015361236
2021207505
2012216739
2018100284
2009302966
2024201900
2018409987
1999036330
2020103879
2004287128
2020459846
2020102874
2008287803
2012276363
2021362825
2020101422
2021320649
2021231686
2022263615
2020104111
2011251682
2024200480
2020103541
2015358469
2020468806
2024414221
2013384733
2017427019
2017396514
2016278962
2019342129
2024374561
2014411891
2019231797
2014249754
2023263467
2023336969
2015210999
2017100401
2021200027
2004287144
2000062943
2006245467
2001026629
2024237958
2016278951
2003202349
2013365623
2009237401
2023204232
2014229811
2006262987
2024216331
2024211578
2016101244
2023278010
2021301276
2024267291
2019348010
2017349451
2017285036
2022463051
2021459219
2008288900
2023348662
2014308068
2012203848
2004305988
2019252287
2021367389
2025200460
2010324772
2020294096
2012223657
2016366537
2010282293
2020217306
2016266732
2024361768
2007200239
2019380380
2022274846
2024227350
2000068756
2018206746
2019253886
2023206098
2006297061
2022319860
2004203518
2001237990
2018415388
2012216842
2012396233
2018239635
2018203216
2012313331
2007217192
2013203276
2004279461
1998087591
2018312863
2022249734
2014223561
2004211330
2022244547
2019434295
2018249487
2024219553
2016214083
2006300826
2024202991
2017333674
2019354653
2015201913
2007339479
2017264669
2021266240
2010201386
2015352216
2016266023
2025271511
2021291586
2019473822
2019361315
2021238885
2020380505
2003220374
2004100068
2006327816
2016415070
2019204498
2020378435
2022243303
2016232974
2014286986
2002013562
2020228369
2024247902
2015201476
2004214823
2015200609
2009209693
2020218488
2012353027
2019454248
2002352764
2018211289
2020294195
2019356947
2014317562
2014331287
2020204422
2017268506
2023383698
2015201550
2019234381
2024315113
2013225884
2025204546
2016399309
2020370014
2019264604
2023283749
2011353687
2021102047
2024414899
2023228967
2021438015
2009255752
2003255124
2021201441
2019436651
2018360737
2004312826
2026201071
2017297752
2014101304
2018335590
2014236257
2022306016
2021204550
2017317839
2022323499
2012216466
2013219176
2018402576
2014296985
2022297921
2022259794
2011262550
2023204667
2020101293
2020102901
2009214659
2004208427
2023286652
2009271025
1999043273
2021280023
2008229676
2022288462
2018202582
1998084825
2000027727
2016306711
2018341239
2021106741
2023303840
2009231200
2019441003
2002309815
2007254623
2021269599
2018202556
2016210765
2016320401
2021102808
2015100448
2024201541
2020200279
2019222916
2022381145
2019200927
2022204534
2020282737
2018397313
2018100566
2023378892
2020201577
2018401320
2016277771
2019362939
2015355076
2018345677
2021100240
2005241836
2016203970
2003209835
2019284146
2008304306
2015392484
2003254809
2025205495
2023210623
2018247250
2012264610
2020411035
2017381296
2018279783
2007314986
2005310983
2017268613
2024406563
2022294745
2019375583
2010310978
2016269400
2021297198
2014240093
2007256833
2022217172
2017426877
2017282058
2017248434
2014240220
2018316511
2021446677
2023258986
2019203202
2008259989
2021348394
2006261107
2020352589
2018441777
2007271719
2005269973
2010288520
2022407175
2024286151
2006200899
2015200173
2005333140
2022201262
2017386654
2024204246
2017245487
2017201673
2023364018
2025271383
2017418054
2010263705
2019351406
2019426202
2012200160
2022327115
2018407841
2015368103
2002250608
2019446476
2017274518
2000036369
2023445677
2017227195
2019240705
2018250389
2023382068
2005202481
2001261897
2020101440
2020212023
1999015867
2023260431
2012215865
2022202279
2001025269
2020102926
2021101568
2015222087
2017398968
2011296953
2005211737
2025226763
2006213609
2021201637
2007295170
2020365352
2006220538
2010101257
2020337678
2023341725
2019320080
2008304051
2014265191
2002231145
2013201761
2024436572
2012342079
2006201857
2016225778
2016202516
2024266684
2022327619
2012264600
2024205173
2025203316
2019250226
2024376764
2021269302
2009202483
2016204026
2014218527
2021107516
2007288600
2016392262
2016211272
2006286390
2023321661
2023202567
2013280051
2017202835
2009325052
2017316513
2012100042
2004279187
2000061413
2020203393
2023353009
2024202349
2021200087
2020279221
2015336009
2020202972
2017307043
2017235275
2022483721
2007100161
2021211902
2007266766
2011259939
2000079252
2021201243
2006251068
2020361670
2017228593
2018200879
2016267385
2014209008
2023334871
2005203359
2024219342
2022418530
2022221471
2022436719
2024393997
2003224609
2019401811
2023277729
2009326201
2020218258
2018304952
2020274610
2010207508
2000015110
2020323958
2014221326
1999041347
2019364421
2008229970
2008240498
2022209361
2009202592
2010208276
2020337943
2013389030
2018209071
2023286092
2016228204
2025279607
2017443912
2020277020
2009297511
2022415717
2007207849
2015200170
2019210659
2016411625
2018413360
2013302146
2018414521
2025201604
2016406797
2014253485
2017316287
2008347051
2012213637
2009221989
2016203175
2014355356
2025271335
1999012011
2014411738
2017386533
2021282439
2020200811
2023200480
2019377133
2022330226
2003205250
2015339980
2019398040
2021297658
2015258143
2005213169
2000041237
2008227086
2012321096
2002345539
2023202200
2013251241
2020278519
2017397003
2024373668
2014258048
2018212954
2018277022
2002303886
2023281871
2011200427
2002243956
2025202144
2017278674
2018331013
2019319010
2012290870
2021233699
1999054074
2018216859
2010202082
2025256093
2016102007
2024200965
2012202833
2005328648
2024211334
2024357096
2012362913
2012357732
2012277215
2022204347
2022312530
2004233475
2020203854
2015101750
2014227509
2019375337
2023431557
2024227337
2015333974
2023337308
2023228872
2017201100
2017374058
2024203122
2012321147
2019246856
2009297145
2023300533
2015286550
2013340062
2006206678
2013206480
2018451596
2019210605
2021200495
2006248104
2015292985
2015364751
2025220722
2021286916
2001017987
2014241858
2018207805
2007234494
2017412457
2020267541
2022203046
2020100059
2005332811
2001035218
2020275447
2020202655
2019101127
2022262327
2015203315
2018206818
2020334695
2016293471
2009202459
2017365075
2000011873
2018354557
2005262785
2024204490
2011200254
1999037873
2022434088
2015202512
2020101476
2020417285
2006315629
2015323821
2011247883
2003207602
2003200401
2021230133
2019319298
2019380342
2020102330
2023390255
2021210217
2015255619
2022406948
2024395504
2022241991
2021100369
2015257500
2003260967
2017216531
2019101609
2020351099
2018299752
2004232262
2023200597
2023305024
2005200568
2008256759
2023288777
2017101946
2016101566
2020204104
2013258354
2023201336
2021105447
2012315500
2011213143
2021397401
2020202699
2020330507
2003217176
2022480084
2019206533
2022479292
2023282266
2008202612
2008290482
2021476591
2009333461
2018101245
2013223800
2021339584
2018232948
2018236554
2024204689
2019203471
2001063617
2020412458
2010254797
2017308902
2021244177
2023273605
2024371795
2013392438
2018202797
2020101723
2018237381
2009284938
2023255204
2016262728
2015203099
2023251651
2018421493
2014201981
2018264124
2009347207
2025202692
2015415109
2013207909
2020104133
2021101024
2007238392
2008216994
2003257929
2018282246
2011201956
2026203778
2015270607
2021105022
2017427029
2009200873
2025271408
2019467252
2009308372
2015200825
2020101773
2001240913
2023369577
2014200877
2015271697
2022249218
2020370160
2024270628
2001251193
2020266940
2021417897
2021106500
2004298242
2013334906
2019263869
2020415292
2013345015
2010241433
2021263694
2018360341
2019393336
2011200737
2021100480
2003293360
2021343196
2023318795
2019324654
2006203067
2026200950
2016367130
2022203549
2020430353
2000035810
2002356825
2013328964
2017248531
2019284109
2025200917
2022399278
2018296984
2017100486
2026202342
2026201577
2001056801
2012388776
2016311505
2018355217
2023335279
2022291672
2014388753
2006247390
2017350912
2024220099
2005201449
2006228944
2025259933
2017251784
2009219287
2024287274
2026201596
2001019069
2020224630
2020268145
2022353804
2013273853
2009206686
2024202716
2020297534
2017353698
2020310275
2005222374
2018253582
2021245157
2009220707
2018422117
2012301925
2010218474
2020204536
2018314823
2022227563
2021104593
2019335843
2020333760
2021436510
2005318388
2021322785
2019403400
2013379776
2016209679
2011200050
2000034458
2020388558
2016389440
2012370494
2017268503
2019250861
2021256985
2024318556
2012227155
2020228722
2019268184
2020103755
2016273973
2016293601
1999048060
2018253598
1999046659
2001021230
2005238027
2019300942
2014240213
2023202071
2018443582
2016210710
2016238969
2022220522
2018299782
2016230830
2019411267
2021271951
2014204522
2018405051
2002358319
2014381339
2009249068
2013100031
2015261726
2018339065
2019375731
2017200358
2023344595
2016393988
2019321258
2023200407
2015202056
2004201383
2018214780
2017400606
2023278004
2013270489
2024289899
2016219618
2016407808
2017281507
2019201217
2020233701
2013208217
2020348499
2013376245
2023410991
2022219906
2010295293
2012227248
2021320231
2008286988
2008311377
1999016808
2017254696
2010227277
1998097781
2017205241
2008318903
2022290444
2019210233
2015230032
2017202148
2018365934
2011264338
2022412023
2021276239
2011216272
2006304057
2018258766
2022252784
2021102312
2020103917
2021269916
2011374237
2025200421
2020396956
2018321384
2022279417
2018405906
2022236362
2016391769
2013385831
2020407984
2014318053
2000038391
2019219650
2013258406
2024246753
2020333663
2014221154
2022322340
2012203285
2019340424
2017438196
2024401609
2022456053
2006306457
2011296956
2019101668
2013353432
2021102533
2015316939
2018203790
2005239610
2008346632
2020265960
2008207650
2000053188
2016391066
2009350468
2025252565
2020354918
2017203542
2012301481
2023366640
2014228160
1999049410
2020327367
2021204071
2016203219
2007288429
2023375712
2017274657
2012292217
2025200326
2012200003
2020104488
2024227227
2022337018
2024331446
2005285433
2014100299
2019254003
2020212757
2010231946
2021270780
2024205171
2017337341
2009308007
2023100035
2009240329
2016278972
2013200201
2020104070
2019203208
2007234620
2025203427
2018366562
2012101672
2006284544
2021101926
2021286259
2006235413
2022286687
2020401535
2003272095
2020101725
2010236274
2024246689
2017236009
2019238187
2021204564
2018204637
2018361590
2018418629
2022210442
2025203329
1999047049
2011270746
2017221284
2009273706
2023222943
2020334080
2020244394
2013231136
2011380953
2019253875
2008255374
2013339559
2014340626
2021251673
2022367098
2007261551
2019291869
2020231602
2008265939
2018251941
2024204523
2015252525
2015345210
2020386444
2022279886
2000059366
2014284290
2019269671
2013200706
2020329305
2003228334
2020101086
2020329576
2011215561
2024228532
2020397031
2017425066
1999057615
2022288131
2015249107
2023203623
2011324478
2005201030
2023272559
2023204203
2023354390
2007220298
2006316337
2024200223
1999052133
2024283130
2011324665
2023216831
1999020171
2019298887
2024282061
2019301650
2005339795
2008260024
2018435332
2020383880
2020201908
2018273348
2018200276
2019100407
2008100116
2020367092
2013376693
2019222520
2021288582
2019200269
2016202726
2011326430
2001010044
2018200523
2009221211
2012388775
2021103344
2021100909
2011302710
2013400005
2020222335
2003278991
2014276932
2013258669
2002312054
2023219930
2010224455
2012344463
2019469665
2014208239
2024315994
2022201069
2021227061
2024381387
2017371859
2025256121
2021236431
2021236591
2026201849
2014402126
1998079281
2020231586
2017422091
2017101937
2022291641
2009251161
2015355926
2026201282
2024204654
2016268437
2023245225
2006287872
2024205274
2022244101
2025203125
2008345574
2020103972
1999046851
2025226794
2020256448
2020401034
2011200646
2021264963
2013213721
2007307013
2017204897
2009295702
2013284425
2017354169
2017335721
2019296315
1999040425
2005223798
2011270283
2009267791
2005202717
2023201850
2024234462
2009294779
2016225878
2021104162
2012247048
2005319472
2020354228
2004286110
2015350919
2023264712
2024205184
2018375302
2004306874
2017266608
2020243574
2002319901
2023467598
2008200669
2020231258
2012344728
2023266249
2024318895
2016202084
2007209811
2009296822
2023306105
2024219402
2014292520
2017440897
2014343605
2016200373
2022201218
2015101189
2018267309
2015253206
2017347059
2018100874
2014200534
2016101599
2020336229
2025283488
2012292180
2019203178
2003233316
2006281625
2012216689
2009264457
2008210412
2015286169
2006200090
2016101997
2013100417
2022200023
2002366196
2001259664
2018410391
2000072867
2004322279
2005239592
2025204268
2001251192
2018238451
2022200667
2013216579
2008229200
2006215727
2021432630
2009267226
2019278835
2015206631
2004209276
2015401086
2012394943
2010256525
2022420588
2025200800
2024298516
2014241829
2011331974
2016243518
2019217990
2005234534
2005292568
2021365997
2023254883
2014100249
2019418792
2019341037
2023266316
2009210188
2007312898
2008276072
2012327241
2008213152
2004244597
2014203141
2025205437
2020248738
2010101386
2016238968
2023307485
2009101331
2016265131
2021410628
2013227334
2025200772
2021402858
2022345509
2010361584
2000012067
2006265815
2009240945
2018258285
2008279217
2020327874
2004274348
2014295951
2009316210
2023200897
2009231660
2018266528
2021200417
2023417774
2003286261
2017265089
2007211963
2023234374
2006301864
2020202345
2017225642
2014226167
2020338317
2022398348
2023417154
2020241727
2018405959
2008229885
2022239851
2020102837
2015293757
2010282394
2019321778
2020318816
2005234518
2024272553
2019204160
2024359348
2009247925
2019401560
2013200851
1999048106
2021221923
2004227787
2019293863
2014311470
2023353008
2012245767
2021235450
2020104255
2019436652
2009210637
2024328041
2008269152
2019392913
2017405774
2011241884
2017100229
2002318367
2023285841
2021105190
2010235968
2023250495
2019444187
2013209358
2017100444
2024301311
2025200712
2024227177
2004266221
2020241905
2018237346
2022221437
2013251485
2014218801
2004271649
2019217628
2013383424
2024258597
2019100163
2008318296
2007242945
2023427990
2005208092
2021291475
2016219971
2016427098
2014208273
2011334851
2007275382
2019253708
2012297564
2017216494
2021201078
2006100930
2015350704
2025230653
2019232767
2024219774
2020233716
2003100727
2022432849
2023347949
2005295580
2021100752
2020309663
2017238075
2019200072
2006343641
2023216645
2020260025
2023285945
2019320533
2012100122
2021213737
2021276147
2019408409
2023253503
2021339814
2022270884
2020200861
2016255334
2010313045
2010273900
2018340618
2010257438
2025283490
2021276733
2025202786
2008213439
2021285887
2018200540
2012200053
2019269346
2017200240
2008256528
2015201159
2024407156
2015343095
2025205886
2021216612
2024242652
2024220150
2018351405
2008232435
2023444467
2008247853
2013367893
2019245096
2010282784
2017303719
2015279883
1999059872
2013359455
2021265248
2003285083
2016262259
2019376896
2003200492
2017248316
2020100166
2024258430
2005204618
2021201607
2014309408
2019420099
2008289837
2015271665
2025208497
2019364883
2011264953
2013368280
2006213188
2013275929
2011201693
2006337044
2012200540
2002361260
2017334468
2023282232
2013269769
2020253611
2011212997
2024329874
2001034674
2022201692
2020101597
2020297232
2024263597
2009347686
2006212679
2012397833
2017317554
2020382764
2022201863
2010319876
2017405577
2021456362
2014202552
2018271308
2012244367
2014210248
2021201776
2011269680
2015203381
2023214402
2010202382
2022200463
2016228126
2013205418
2010252589
2024278459
2017248431
2022221377
2018449796
2016277593
2017269344
2022326490
2008299022
2016204603
2023210672
2012245184
2024205278
2012326589
2016242900
2021212118
2022206821
2010251606
2012332346
2006229867
2016201619
2026200547
2005261458
2021473334
2024202834
2017237179
2021462649
2002215281
2019390444
2005234407
2018366208
2009252934
2014271282
2005283836
2006280450
2009268971
2018201816
2010227097
2022265744
2025202134
2008349779
2026203038
2001254920
2022201869
2023233092
2023358738
2021101701
2025217322
2007277122
2015221491
2013304823
2009329674
2015201552
2009221973
2017264836
2003299842
2018281967
2023278011
2013260210
2016202806
2025271458
1999062051
2009332075
2011202836
2021221664
2011226820
2018219354
2008209180
2021203923
2014323952
2026201719
2023202430
2019216594
2021257378
2004225090
2010100885
2013206064
2025210907
2007202458
2008268245
2008358025
2020244611
2023426077
2007101107
2014388376
2011201986
2015291136
2005269091
2018382993
2001011156
2022202669
2019226157
2006259557
2019429551
2022201178
2010284795
2017232203
2012216436
2014337469
2003204166
2024201520
2009301745
2022210349
2020420364
2019434742
2020239785
2008287008
2014253681
2013100994
2023409921
2018301989
2006202615
2019216733
2017202086
2021479950
2017268677
2021204766
2012299226
2015218497
2024202960
2022329648
2022217797
2012247877
2021257642
2022326656
2016389089
2010202178
2017219571
2022369132
2024224987
2022211807
2024300679
2024229256
2017378712
2021209907
2016260760
2013270397
2005206589
2023201535
2012202817
2000048671
2017394423
2024295509
2022487842
2014201219
2020104123
2008318774
2017444046
2012100252
2024373326
2016201369
2018201344
2016101591
2013273667
2004241985
2022378702
2011308203
2010242814
2022200401
2008279021
2022200703
2019201253
2017201001
2017255822
2018256569
2014378590
2012311097
2018208713
2018203860
2010301924
2021249220
2019362102
2023201696
2004220878
2008200801
2017355827
2021106622
2022203790
2017252593
2017272906
2015303888
2005283938
2020223719
2018291851
2022100162
2013258865
2010250978
2024234452
2013271505
2006264689
2012200021
2016316371
2016100886
2018367592
2014303807
2004214794
2008212670
2017225008
2023216771
2014355109
2001046288
2006280225
2022234766
2011210870
2026202165
2024259872
2020213304
2015202912
2015354393
2022341113
2015201690
2021334701
2008227640
2000060470
2019243977
2023217913
2022300855
2020416573
2024200721
2026200040
2023270190
2009212998
2013248891
2021200036
2016275564
2025202902
2003204177
2006200083
2007221960
2009272283
2019200256
2021273296
2021201068
2022218482
1998077698
2018315984
2021261643
2007259456
2015100821
2021107540
2014211527
2003269958
2023349457
2009286054
2007354506
2026201193
2008101207
2024216455
2008341115
2014101070
2019292266
2017241911
2005263169
2023237042
2018413669
2018201452
2009201637
2012325942
2023273610
2023201829
2020416421
2019356483
2010238610
2024330850
2023208185
2013203317
2026200550
2014200155
2016216240
2022224775
2015380459
2018205145
2021227740
2025210855
2009271497
2022457415
2023267431
2009226102
2021277231
2019284015
2017241164
2023270700
2022226845
2017233683
2024363734
2021100560
2019354789
2015402709
2016323754
2019285618
2022283679
2010268998
2008321156
2017243868
2015289441
2023242704
2018208797
2009210474
2013269845
2002327060
2017201111
2017318694
2023203230
2022476896
2017239160
2000031190
2015101269
2016293470
2017200665
2019358651
2025242081
2002223898
2023202261
2024266872
2019240676
2009297512
2011306045
2023459396
2020204590
2023358354
2022219107
2023476387
2002011041
2026200957
2014358145
2018422442
2017200900
2010286903
2021247167
2024205073
2007231156
2015227480
2006351585
2020274853
2010100276
2021104816
2015253721
2012200035
2016308701
2020334051
2018353819
2026201366
2002244504
2021299554
2019211679
2024390185
2021396459
2019418434
2005283023
2020100709
2021202044
2020204459
2021102220
2012381036
2003234020
2013232533
2004301126
2024382085
2006202331
2007227704
2006349183
2013279944
2023221382
2020250311
2012242996
2014307974
2014389417
2021240260
2021399229
2022247583
2020245002
2012202638
2021200128
2012373394
2023200802
2013232287
2023208075
2004203897
2019201449
2009332281
2005256065
2021103366
2015335554
2004324709
2025200009
2024223969
2004323501
2018234352
2017100946
2018201541
2023311900
2005243139
2015317489
2020203575
2023383017
2020259889
2020357489
2015298766
2019276944
2018406703
2011347182
2018418838
2010325161
2015274297
2001063621
2023201550
2024439269
2022398781
2023214332
2015387474
2017368439
2012222963
2021304862
2011320873
2018343116
2021106561
2018250385
2016247110
2015250212
2020101179
2008288790
2021101497
2020395346
2024358746
2012283100
2013263207
2004211285
2021106996
2012100026
2021460024
2023467014
2020285565
2008361245
2026202944
2014203142
2008261618
2017262264
2025212930
2020101527
2017436875
2020103062
2015201551
2022380384
2013255677
2011241708
2017201157
2024349991
2008349778
2024354191
2013235200
2015210372
2015323907
