2021272167
2021107383
2009327864
2001284259
2022269614
2008205624
2010201105
2010279418
2017328028
2020302940
2006226873
2011212878
2025256206
2011245620
2016428405
2014262997
2013205683
2018238190
2018448037
2020381141
2007268369
2024242951
2024274464
2008214616
2013200942
2012200704
2015362066
2023278057
2018100685
2010207826
2019419376
2019317236
2010230512
2023351431
2018375009
2024205428
2017335607
2021105740
2001225168
2021246640
2025210811
2020284233
2008100928
2010280527
2022203487
2009296695
2022390804
2020321128
2015200492
2006205061
2012275032
2018409020
2016269632
2018396636
2015100409
2022233253
2023203432
2020268338
2011253859
2015338953
2012375212
2010312384
2022200537
2011319565
2014201666
2007321713
2015234330
2002316727
2018201836
2021269425
2012202887
2005200999
2013260682
2006270063
2019202975
2010278974
2015200105
2016204769
2022462020
2007213238
2010339648
2018282483
2013206764
2001010757
2013206027
2024201302
2024277784
2020100113
2014228883
2021101858
2014265135
2020201742
2016418338
2021104765
2013341801
2013260747
2018205173
2021282413
2010202215
2004295807
2019280047
2023202072
2015369624
2015330676
2018316010
2024406976
2021202342
2022217587
2016256761
2021383892
2004297887
2023274125
2016204959
2005244673
2018291406
2007268370
2016375359
2006304783
2006320275
2023270496
2014351060
2019232882
2004280718
2023347017
2021209197
2012204551
2007276776
2013262848
2020245086
2017235961
2014217798
2000017048
2025202148
2017229782
2017268690
2014238004
2009337001
2017242818
2002240774
2014331890
2024278456
2021323257
2011211360
2016200404
2009348012
2009322556
2020223871
1999014772
2013101648
2003236569
2014220480
2022256137
2000057198
2024308611
2017200309
2017368324
2020210990
2022245333
2009327432
2021293954
2014308698
2019202216
2020213280
2017204090
2019200746
2009327365
2006212988
2011279329
2017362937
2016200501
2000043506
2004279206
2018279034
2018304176
2022346850
2020250278
2014235244
2016200387
2021103879
2023356080
2007341930
2023381307
2025226805
2017352548
2018201463
2014259666
2021328261
2009223127
2016346497
2021281698
2017341774
2025204484
2020462630
2012216585
2025200011
2009233848
2010321854
2019283772
2007221889
2023442813
2014287167
2013203246
2011280996
2015202073
2013329102
2018201412
2021411975
2016352852
2008294687
2004251373
2016206348
2019289070
2016288749
2013266192
2012315941
2004301952
2021200455
2020289854
2011202973
2011338656
2011203113
2008282341
2020201741
2019468770
2009204922
2011201565
2006335047
2012395845
2010314008
2017101227
2011234084
2023204001
2018401855
2002360027
2013395310
2020232283
2021229204
2008202469
2019202258
2003204837
2020202265
2025238049
2017100433
2017382986
2002253027
2013270562
2010207020
2017269280
2013234488
2000011983
2003200749
2012312810
2021401809
2022212809
2021338607
2022395092
2022210438
2012216321
2017420370
2020103474
2016315627
2013302897
2017323542
2016247476
2024327194
2012358467
2025210861
2021103560
2018222950
2021221148
2011280071
2011235585
2025279808
2000077251
2023355392
2014211237
2012374031
2020101390
2023245564
1999041758
2004278478
2002338474
2015333890
2012276477
2015352304
2012216421
2016326464
2013266985
2021470577
2002346118
2015207891
2020371592
2022420664
2023266797
2009243993
2010206843
2016203305
2019475509
2011200074
2005338010
2015204331
2021102976
2012357003
2021326569
2024227107
2012278849
2001043904
2001053971
2021355468
2017201980
2022235532
2018210784
2009201911
2010205493
2021212163
2011204185
2020201417
2015410275
2015261736
2019253292
2010241241
2004243930
2013203511
2019226256
2024200477
2014274772
2016200705
2004242455
2014321926
2009324269
2020272920
2021296160
2022211863
2013244199
2021343572
2013201146
2014209342
2009214838
1999048061
2011295176
2017244280
2018282383
2013278136
2016201075
2010366273
2007302566
2014244632
2019267352
2013309074
2013261843
2022202472
2010212007
2005201700
2008302462
2009299828
2023355719
2009251310
2006312996
2016373213
2009240495
2024203080
2023363667
2015367225
2024273423
2013273790
2023357793
2019385802
2013266636
2006254712
2014343512
1999015856
2021219094
2012240136
2020102591
2022271472
2021275769
2020288436
2004288591
2020327667
2009213081
2019279916
2025201318
2019422009
2025208544
2011207544
2014290458
2021101792
2023280488
2015308842
1999011891
2006282187
2017373540
2006303692
2012203311
2010285518
2008216116
2024368406
2017200437
2020263787
1999054869
2009338410
2003228510
2001015059
2008331550
2014201012
2017100212
2017324945
2011280836
2010206571
2012302021
2016307138
2020101114
2023204328
2000068047
2024219908
2018300033
2018226403
2025260009
2013101669
2004264009
2006343882
2021376203
2015203217
2022320784
2005280275
2010308296
2017246449
1999032404
2015203225
2018201805
2018239892
2016204442
2014389544
2022375672
2008203325
2018211314
2013295854
2016357690
2025201020
2017382439
2018211273
2006260477
2023200615
2016263383
2015392091
2005280432
2023243054
2001081509
2012101185
2010337356
2014200211
2019221427
2011286831
2009267796
2021103865
2004207970
2022397673
2020289737
2016201237
2012201405
2008249516
2002363724
2025203785
2015268593
2009327362
2019250169
2006240236
2024259859
2020259847
2008206044
2012227160
2022447729
2024372435
2000012360
2006248033
2015324650
2010200907
2013200707
2024273693
2020204429
2017249084
2018306738
2021202660
2007258511
2023386712
2020224954
2017201639
2007328246
2022263516
2020420882
2010202573
2011280828
2018204828
2014223344
2018318693
2023355955
2015204383
2013205692
2024202089
1998067501
2013270503
2006340378
2024200435
2012258448
2008255155
2014304302
2009261121
2004281008
2009342169
2015101641
2011320020
2021102471
2020200944
2003100471
2021207780
2016287808
2023420610
2018309101
2016250913
2020103560
2023278005
2023466161
2008205425
2015214165
2015279621
2021103427
2006315321
2017297372
2007328233
2021202779
2018203223
2015202373
2003257894
2012247016
2005267164
2008213753
2018436336
2015305238
2023208124
2012200431
2021236680
2020202909
2019389858
2021240199
2023247940
2012265560
2019417423
2006325555
2016250348
2012304327
2009282177
2019377866
2018224043
2012325747
2016201609
2024203187
2006214648
2019309766
2003266116
2008223015
2024204720
2024201156
2015326844
2016278982
2020457348
2011296374
2024239585
2021236602
2012101191
2021290209
2023266939
2006222162
2018407271
2010267639
2008286250
2021201808
2010281441
2014404749
2020203134
2015101665
2004216110
2019344274
2019290050
2018442733
2009212368
2009217462
2005203335
2012271516
2009282041
2013101030
2018347876
2024259692
2016200597
2012101138
2020319063
2016202092
1999047216
2019346044
2011227110
2004202255
2022354098
2018234084
2022203428
2008284273
2021102702
2017217554
2007266310
1999030644
2018351515
2023388201
2005304819
2007257848
2020207377
2020244405
2007217884
2003211183
2005262926
2007354783
2011240803
2015271947
2020103964
2017419032
2006201488
2023201523
2023312643
2017229154
2006332714
2017202744
2021232780
2005202208
2018417235
2020229289
2006247027
2020406798
2018202952
2023206145
2010236299
2017203385
2014292817
2019100681
2022235610
2007281584
2001056362
2013288863
2002342649
2017332670
2005311631
2008270909
2009256278
2021200349
2008355757
2023354153
2005254616
2003229527
2017339274
2010326176
2005203757
2018218875
2001035244
2015274972
2018360287
2010253489
2002251350
2011101283
2005296128
2001064242
2017271613
2014236083
2010217061
2019203229
2008204768
2014373468
2017206394
2020364313
2019204820
2001293003
2015250202
2020242490
2013217790
2012392929
2008200542
2018403377
2007349698
2001026008
2009202612
2018436989
2016206224
2017204793
2021202707
2022200174
2011319562
2012380717
2011348267
2003262933
2008230069
2019329781
2014215980
2013266212
2017310952
2018200422
2011275731
2016204085
2015330841
2022396539
2013242802
2024205468
2003261095
2021203493
2012277160
2011371570
2021253125
2015215930
2009313736
2008251610
2021360581
2018100001
2021336062
2018417537
2003274165
2022395070
2008242664
2019279933
2017101777
2019442498
2022203114
2008268326
2013286676
2015201392
2003278973
2006252024
2002353621
2018201109
2018382109
2022373777
2008316230
2018200596
2015101980
2019222502
2022323822
2023200531
2004207495
2006269267
2018241207
2024224185
2006261671
2015310161
2004306675
2021318674
2021210954
2012101771
2017272367
2020315416
2022356453
2018407195
2013408804
2020392975
2015202094
2022291581
2011218215
2017407833
2014101473
2017417291
2004229005
2012352342
2008288742
2020101715
2023202062
2020103738
1999055037
2015346641
2000026937
2014376146
2020326730
2024204346
2017328613
2008264175
2002256595
2016210782
2007329748
2018388581
2002224096
2003204486
2009225355
2013353839
2016213886
2018271232
2006258331
2005201254
2011293635
2021240156
2021315124
2016340293
2019336038
2001019523
2013245862
2008322574
2022231771
2022473859
2005246798
2022460007
2019311336
2023248111
2017200652
2017202682
2014215583
2020240981
2018204926
2016264077
2001063619
2012281166
2009266334
2004296089
2013382160
2013201189
2018256580
2015201439
2002366984
2015290285
2026201459
2020243456
2018236767
2001298005
2020101197
2016362126
2024203935
2014239990
2016225792
2007343809
2018413427
2012202929
2016222728
2018213261
2014312362
2020201388
2025205439
2002301318
2021306386
2019264951
2004245739
2008260261
2025210775
2006341656
2018407210
2003203712
2023365684
2018202773
2025279806
2009351638
2011316955
2005256159
2012292083
2021206801
2013234378
2013200593
2008227081
2020395776
2012367933
2016204577
2016432856
2014213135
2021320067
2021326677
2014202610
2003229125
2023417383
2025205194
2011200238
2016202085
2008230813
2002341736
2007323794
2005307197
2020354489
2000035186
2024264629
2000026211
2012203642
2016226556
2006297406
2009217568
2007285406
2014246588
2023203803
2019422268
2007100653
2016310415
2011262523
2008260135
2021102054
2017218984
2016203212
2022203458
2009100325
2008251801
2013214824
2004316721
2022425066
2005321798
2020375809
2009348260
2012323244
2014403851
2008350278
2023421649
2013221929
2022218555
2020342299
2024406853
2018430831
2020223039
2018270075
2018266759
2016276256
2007337189
2004205068
2019204731
2018220193
2024224844
2006346817
2009260596
2009283027
2013251201
2015249521
2025238057
2002240534
2013216675
2004303129
2020257155
2018377384
2008237876
2024303646
2017356565
2010333099
2019200605
2015238797
2005220797
2023350069
2017261270
2019253162
2004237915
2003302792
2000069090
2009213009
2005258234
1999049088
2013255258
2009311136
2004201618
2015305511
2018437253
2021107379
2023328486
2024201404
2012371253
2004272602
2011100161
2013200907
2007216668
2024374955
2019257479
2023350789
2020280999
2019250160
2015297192
2016280523
2009201602
2012259700
2010270951
2016204727
2022368363
2019374663
2006350553
2018442267
2007258455
2013352568
2011278285
2002368184
2005238983
2016219716
2010298113
2014389501
2016201254
2011202743
2014348774
2002327610
2014325917
2015242966
2016343907
2005313174
2024200347
2019207314
2015213299
2016201392
2018214000
2023203193
2021104097
2018402168
2015202095
2021337857
2010251766
2021209101
2014265979
2017284079
2009219682
2012216258
2017443348
2010246466
2011226700
2017221821
2014315443
2014219279
2021431934
2000079255
2021364692
2013338502
2024200052
2014348305
2019203385
2021101111
2005263609
2021200037
2015205880
2013203926
2006235063
2010203066
2025203918
2013301607
2009244432
2020290387
2017203982
2019204098
2016308460
2013228815
2024201740
2019275664
2002317631
2015252156
2020371527
2011213829
2013308645
2015202207
2019266266
2016204919
2022395738
2006283647
2017425323
2016269643
2018412959
2023425963
2014328469
2005206751
2006335104
2011333723
2019100818
2014331142
2005280008
2022201459
2015100592
2020286259
2001252461
2022445583
2014201005
2008271189
2001290658
2011380248
2017241658
2021350084
2022347394
2003255949
2007224085
2007249106
2013200136
2019440423
2003291583
2010351928
2007324107
2004279897
2022245816
2011281789
2010295245
2009339193
2022342162
2010295574
2019364195
2001289300
2003300504
2018241213
2005237588
2020268559
2021341770
2018368222
2001065004
2023278058
2018299445
2014286214
2021213677
2006247153
2019378849
2014209089
2022204530
2016271110
2020204258
2022201343
2022262647
2016226505
2012291725
2006208674
2022201898
2016287731
2013260659
2022282142
2021279510
2019386646
2019418627
2020383888
2007221826
2002224241
2019253113
2017101065
2023208007
2014308419
2011280409
2023358920
2009285891
2019339073
2008360743
2017277666
2025203318
2007274111
2024219491
2016201010
2016203217
2007101084
2009201522
2013200804
2015210368
2023248658
2016202922
2018278864
1999039902
2018428844
2014100582
2003229592
2016377474
2023202477
2016201033
2022224810
2009201096
2003296927
2020394370
2008344073
2020211817
2005296079
2012230846
2007312942
2008287364
2021103717
2005202159
2018101370
2019203727
2016429677
2013319705
2020350118
2006299492
2007263732
2010319926
2017439762
2019253913
2005285185
2008243003
2019101197
2019301825
2013210029
2012275556
2013202043
2005200253
2013397601
2012216394
2019222967
2015268918
2019201068
2003204099
2014232293
2003277731
2020406041
2016204641
2010235057
2017320734
2013248253
2018212889
2009270324
2009285737
2011202458
2006239775
2010313758
2016201877
2016213730
2021106031
2020481043
2012261518
2014259960
2015267190
2019436290
2005322271
2023274061
2005100915
2020203003
2016365882
2015218203
2017236677
2024313086
2018274707
2026203020
2011348483
2017364346
2023335996
2020104254
2018403276
2021221217
2023312724
2019279917
2014278296
2004242522
2005201098
2018414910
2017285278
2005262686
2013237750
2005263602
2009100621
2018407179
2013205716
2019363616
2002306757
2020474460
2013205110
2023204650
2020309478
2004239381
2021374754
2012296461
2016326619
2020318446
2004235417
2006295193
2013299528
2013313239
2021338303
2004267806
2021427873
2024227900
2019201079
2013101211
2011256808
2005269587
2006333559
2007345674
2016216748
2013376922
2010236359
2020359663
1999011955
2022283936
2023400582
2022263361
2024204349
2008343330
2010339708
2020283387
2024203814
2012274549
2008247343
2022215421
2024220075
2011203320
2010249316
2024339326
2014331622
2022215215
2010201796
2017354147
2004252623
2013201931
2020203448
2018223147
2009302845
2010207975
2016277556
2007237227
2020351254
2020310113
2010208133
2019236297
2006275665
2014202818
2022226651
2017294696
2021203308
2026201605
2021203892
2024200166
2011363943
2019475867
2018239824
2012249146
2012203657
2011287709
2010212482
2020242919
2024202805
2013217210
2019266295
2012205348
2023453786
2018403260
2003205338
2017361867
2021106710
2020103196
2022204212
2024202077
2013219399
2024352234
2020392885
2022201356
2006246297
2017200644
2009324951
2011251860
2013201716
2024290483
2018252445
2015305406
2024392459
2017236782
2003204654
2015242969
2024200723
2003215411
2024205107
2021298392
2005299927
2015417901
2008267548
2019233761
2015321928
2021203867
2013409674
2011318595
2013205175
2021400179
2025204598
2018256658
2019304148
2006343377
2023234337
2014396820
2022321707
2021297513
2013357120
2008216396
2006346031
2013204335
2016206299
2021221769
2017200819
2012201945
2012310514
2018200360
2024243827
2009203189
2021104792
2017358902
2020331235
2008252069
2012272830
2017202375
2023203630
2024204102
2021468499
2002223131
2022414203
2015268645
2018347188
2014101656
2019101520
2020104326
2015244043
2018376913
2021320048
2019405936
2016381245
2023429815
2016264606
2011210153
2012390279
2003204754
2018240040
2014414019
2014386505
2022259836
2016422505
2025206426
2019291044
2013221905
2023215790
2016426667
2005249204
2018269260
2006244099
2019226230
2008247347
2004318969
2010100229
2021292112
2016202964
2023279157
2022412872
2023285812
2015294437
2009270035
2010305986
2008221539
2017305682
2015261728
2023321973
2022204501
2004308377
2009324085
2023457859
2008205449
2009348428
2016218341
2008251397
2009227851
2020102487
2009282593
2012365903
2021200913
2009240847
2022379992
2010202973
2018266733
2019302596
2013216623
2024200258
2023284865
2019296431
2015264900
2013394870
2019374056
2010249823
2010310769
2016208349
2021202364
2010296087
2026202051
2021232786
2003300889
2024209924
2021268575
2009200468
2019271975
2004303900
2014347212
2011204967
2020100630
2020247700
2018211292
2018366961
2014203478
2007227590
2005338333
2023477307
2004232072
2003244041
2021106592
2012244233
2025200476
2018267682
2022291676
2021100373
2024202415
2009233486
2024354389
2020102166
2009282050
2021201245
2007237266
2020274322
2009302408
2023355540
2009213839
2017201033
2022269899
2011203492
2006203638
2005225972
2015207818
2016247184
2008223213
2009355571
2022259833
2004284807
2019213372
2010240686
2017212508
2018372073
2011201791
2024203025
2006218360
2015101901
2007203630
2010208546
2006287351
2013200860
2010207754
2008287624
2021261883
2024222607
2021107501
1998062747
2011268689
2023247488
2024227145
2001022881
2019413517
2019213775
2018243360
2019300351
2023327991
2020259177
2009296658
2024337604
2022287270
2022234677
2017219136
2022431598
2021264532
2016101455
2013204519
2023301315
2013215749
2006100476
2025218804
2009278677
2019100308
2011101580
2023254005
2001013079
2009314226
2019206645
2017100241
2023203419
2009215252
2011282997
2005255061
2013237103
2023413665
2007249117
2010208737
2017331812
2017432628
2009310025
2012370662
2009100561
2021202013
2025263752
2024220213
2019375082
2016202784
2007233631
2025204736
2020268813
2022201377
2004223222
2010264736
2016423749
2013344081
2007231872
2010260108
2022471961
2013221855
2022231807
2013240133
2009203914
2018357830
2021201369
2012254887
2017427860
2003270870
2024201180
2004200796
2008275886
2013228045
2021219571
2017100410
2013395455
2026202727
2015200698
2015318074
2024288438
2008320070
2011224345
2006283569
2021325237
2010319715
2010315367
2023432973
2017444362
2005238019
2006247413
2006252118
2013280679
2010298499
1998085048
2012230579
2011253867
2012202394
2017342700
2007237173
2005260173
2014375830
2019296415
2009236553
2015100616
2019287163
2022200674
2019273331
2011315132
2024408724
2016388440
2015414792
2013375528
2006259226
2004210502
2018441890
2010224629
2005229770
2023208083
2024287082
2015276993
2011281877
2021359236
2005232057
2009231790
2012279438
2015243114
2006249956
2003219756
2023208218
2003229454
2020239985
2009279802
2005227416
2013269658
2022201682
2012201825
2020452696
2015328743
2009212733
2020200621
2015200501
2020217604
2008203628
2017202159
2012269732
2017442494
2013344309
2005202238
2010202239
2009201510
2019366895
2021219100
2020268954
2022235583
2023269214
2004307800
2021309534
2002234209
2003298779
2019231227
2017339363
2009334496
2017213486
2005228283
2022261713
2020203970
2018100798
2011326655
2017420200
2019371362
2023396294
2015277299
2003236382
2012328924
2017101325
2010101439
2022202022
2008202678
2013332059
2013251270
2019280705
2012275278
2005203588
2016350207
2016222457
2021274166
2015215958
2023254971
2014325316
2019283909
2021220811
2012236833
2014201240
2025256114
2020332948
2023409235
2017331513
2013101522
2021261888
2024394524
2023399573
2018204636
2013221914
2016210781
2020264654
2010308623
2012216393
2013408249
2014214543
2005203119
2023200321
2007242646
2012316227
2005242432
2013101013
2022320939
2012260619
2022453431
2021251784
2017258811
2019474809
2014248516
2020204248
2014214148
2006318892
2015200524
2009293380
2025203362
2012241098
2005311774
2008225060
2021103939
2020398076
2014389503
2020426065
2003253777
2014370204
2021443661
2013205453
2017100512
2001236016
2012312452
2024264578
2023203454
2015397335
2022356230
2021206802
2004303330
2018229537
2018400925
2016200566
2010320668
2004237312
2021266257
2008262100
2013337973
2023204004
2010219416
2000074397
2023200487
2017358404
2012222202
2019294630
2002300314
2026200623
2020354261
2013203981
2022203026
2022320196
2016201658
2014314567
2014216456
2014256393
2005218205
2011271507
2009292911
2012331139
2020310860
2011378110
2021105929
2009299589
2021383742
2007335264
2016200296
2006262221
2017239511
2016100759
2013206426
2009261058
2011299360
2020351296
2009266389
2023441819
2013288832
2024200572
2019201653
2020207829
2023329700
2003242838
2011200817
2013366466
2018236802
2018396890
2011265485
2014259562
2025200055
2019275226
2000047883
2018430510
2015218353
2016347156
2024201250
2012203757
2016355346
2003258847
2005224581
2004214741
2010257289
2014215745
2008259934
2012202666
2001027045
2024205688
2006200235
2020220812
2021307771
2002324717
2002222253
2020103312
2006203040
2023202635
2012101469
2003275178
2024234961
2002335928
2013237683
2009228012
2016204683
2018314077
1999034023
2024375011
2023343924
2010212370
2022201463
2018282359
2019238307
2012357108
2007288324
2025208487
2019220020
2021202869
2017395492
2016200653
2021466987
2021106580
2008312357
2021266287
2018347782
2020345605
2020423361
2024354568
2007243839
2015203006
2021106899
2001282554
2021222990
2006263411
2008285463
2021248552
2015202634
2020408618
2012340105
2015101686
2022382969
2016202582
2010224034
2009202442
2009255518
2021401434
2015362164
2024278447
2021201322
2018442180
2023432025
2019279902
2008311101
2014274260
2024225224
2014250095
2024200033
2009212921
2020418619
2013101090
2013260672
2019445584
2017204655
2024367069
2015200253
2013205219
2021321287
2019253813
2006262810
2020103121
2025261063
2002256151
2007203524
2004238228
2020210311
2019241905
2012203158
2017204016
2014242885
2016343378
2014312122
2021105488
2024355160
2021254628
2004270229
2025204643
2015203486
2011202838
2012376488
2018102252
2000067430
2018430770
2021201697
2020102583
2013224642
2006202224
2003243169
2022203061
2013297719
2000030483
2005215786
2001010247
2022200228
2021283889
2022203235
2016243998
2006218889
2007203598
2023203755
2024200221
2007359104
2019101018
2009202881
2008202870
2022300011
2016208744
2008219422
2005269887
2015363667
2018228265
2023246287
2019256349
2002322425
2017100199
2013375303
2014202544
2016362057
2016423212
2013204415
2019254467
2025217305
2021101715
2019101741
2023383369
2010200147
2006234891
2003277365
2003265294
2014248003
2005257747
2004305507
2014100801
2013204753
2000076955
2008284919
2005231767
2008289307
2006204850
2021401078
2023439308
2005228353
2021204819
2015218482
2021200556
2020289090
2021207668
2009202120
2023219949
2020294296
2000079253
2010289343
2005265320
2019224695
2016386105
2017200109
2023237093
2022204650
2003213262
2009282265
2021236512
2001051886
2019349369
2002323685
2011201128
2018400760
2024267203
2015100193
1999063784
2014101563
2006254727
2020206823
2014311658
2020256749
2023326875
2025203671
2020377079
2005239015
2016307794
2021460868
2023202887
2014331987
2020202725
2011366889
2023381536
2023254881
2023282253
2018322693
2011200098
2020221134
2013243255
2019270597
2021297136
2003274988
2019200590
2014331153
2020297006
2013370424
2014275022
2018349996
2024247436
2015255730
2012282792
2020102231
2015227419
2015287459
2011327254
2000014950
2017341159
2021201406
2017204903
2018100098
2025200161
2018443592
2024202178
2023237031
2023202570
2020210847
2016280531
2015202130
2018200860
2009222463
2008200143
2017216875
2020203925
2010289936
2023281908
2017405425
2017260416
2019275611
2010202143
2012100202
2011250876
2020226206
2021466965
2020428899
2023280486
2001028728
2013409457
2021282994
2024252508
2024254079
2006332827
2018254425
2021479664
2019200568
2022327551
2019279995
2014281679
2017303847
2012345720
2011247825
2020356392
2018236828
2022271399
2016265699
2005259819
2005242329
2024267511
2022204592
2019290751
2012245178
2019315841
2018217304
2013240616
2020203492
2020309514
2020432497
2021340625
2017101866
2008345706
2017366081
2022298452
2016433340
2005277150
2011239401
2019213409
2016325186
2016261088
2011101538
2017260641
2001287347
2020461676
2021245126
2011224691
2022431750
2010345902
2010235141
2011101085
2020102904
2008314491
2016310326
2016210766
2023264238
2005100295
2019274672
2004238652
2022432618
2020417752
2019350015
2015316172
2011240962
2013340896
2021280754
2020248651
2021201771
2007201670
2022293134
2020202730
2010100159
2005283072
2011295936
2021311260
2010305313
2013288812
2018253551
2000056459
2012204477
2023200117
2013204046
2023348810
2018203819
2004237900
2019200073
2015218741
2020102477
2017239476
2007292554
2001058909
2025275283
2021381102
2005101041
2006203643
2012392190
2014241262
2019361973
2011100951
2017206099
2018225145
2016202930
2013248239
2019211885
2017397672
2014202574
2023200332
2002214826
2021286448
2017232108
2001076469
2008265260
2020102405
2021104427
2021107643
2010333769
2021205109
2022328940
2014321416
2018275541
2003203808
2005203295
2011238587
2001247477
2016333221
1999058190
2018369875
2021386438
2019348096
2021325471
2021201336
2021268363
2015226958
2014381262
2023287078
2023248186
2021205065
2023305578
2019213379
2013245458
2011235612
2005203494
2017202048
2023222967
2011209719
2021337736
2006290220
2017208330
2007241972
2014337089
2025204530
2013302377
2010202186
2020102298
2012301604
2002367530
2012200884
2022378548
2011265655
2001272224
2014236087
2001268844
2008233287
2009300320
2004282819
2021355407
2014263621
2023241834
2004220522
2017222436
2013273015
2022204316
1999055317
2011236123
2011381034
2022206793
2023290253
2016307741
2019446194
2022202815
2011101005
2012261614
2008256605
2017296038
2012203121
2015221471
2012257925
2012339365
2016384965
2013329613
2021325073
2018205088
2005336068
2025200003
2016201652
2006280598
2012200701
2019222947
2018262902
2017262493
2014374256
2018253561
2024297569
2008213901
2011307614
2025293334
2023248156
2001027777
2009239469
2014364830
2016201449
2012340868
2021203479
2019200362
2010257301
2005256160
2018212302
2010292758
2017295225
2022350994
2021215143
2007234789
2016201903
2012201986
2005241463
2013100931
2024200829
2012265964
2013101499
2006300101
2016302433
2009235991
2003257896
2008323688
2014308064
2005203164
2017281414
2023285762
2016324082
2024334250
2002227768
2010100839
2010263801
2022221953
2024386341
2014265866
2005201679
2015385701
2013263770
2015235511
2011313818
2011211382
2021244766
2010249557
2000074716
2025200214
2006220421
2012388254
2020289786
2011335176
2021104883
2024227505
2011218433
2020209603
2009348334
2000024042
2001234911
2018282456
2021102945
2011291745
2009206598
2020200916
2014202109
2024236958
2015340213
2008258177
2019351185
2015200013
2016235070
2000024755
2021478824
2022227921
2013211469
2021299783
2021319883
2021204770
2024260183
2003251845
2012101514
2012216260
2020356952
2021452086
2021200403
2024249909
2017416331
2022204452
2013347597
2016202811
2017101176
2013270353
2019240046
2012247022
2014326741
2005217841
2006331285
2009205313
2016216534
2015270385
2016250475
2025202273
2014200681
2016200941
2008312715
2007201720
2014259659
2013205333
2023345765
2022281999
2022100134
2008242910
2021107057
2009344837
2010340370
2017216496
2014309244
2013304091
2019203373
2004316360
2015229969
2020272887
2021205853
2004284829
2020101423
2024391380
2002357549
2014275396
2006235568
2003251126
2011203051
2020270482
2014290696
2013206037
2016101732
2003299837
2008245415
2015219562
2018203909
2014202702
2022346271
2011200348
2013204397
2005242227
2014203876
2014332794
2022278582
2006331555
2020398008
2020482458
2010332171
2017330524
2009238377
2024204428
2019203201
2014233553
2021411389
2023263416
2019222773
2018366619
2008309106
2013257588
2013202451
2024282145
2008100980
2018305081
2015410106
2003267066
2024227268
2008346319
2021209929
2011381066
2013231139
2025201325
2017279718
2009100198
2017438141
2014101485
2021258019
2020203800
2017218994
2014203381
2006290272
2018226651
2007251717
2015353422
2023278007
2007281736
2016100745
2008349495
2000073924
2009324613
2018204696
2011213746
2020200686
2022301094
2017340229
2007200379
2006202975
2007286146
2008361614
2005208979
2019336046
2023203315
2024205555
2024266036
2013230566
2021102413
2004325580
2019200714
2024245879
2020326731
2015221990
2008295501
2011361032
2022371473
2015252154
2011337125
2011202228
2014386710
2026204109
2020287647
2006246994
2021333763
2013332490
2017322089
2010352668
2015224511
2025201695
2006284908
2015324282
2021261922
2019279990
2024220148
2017239878
2013209298
2004306851
2006246494
2024259944
2000063247
2020203476
2014339374
2023369199
2018101796
2018384670
2001025496
2009342005
2021448510
2015101877
2022203591
2009250995
2017301462
2008254712
2024316973
2013252488
2017393413
2006287364
2021286283
2010257332
2016433341
2018369528
2004264320
2000062534
2021351010
2015406091
2018351132
2012208248
2009101300
2008216964
2010280511
2011246292
2018204025
2017204354
2024384836
2024200919
2003213723
2004289278
2008214411
2010241476
2023247494
2020414737
2019421242
2020204444
2018220142
2017363528
2020269077
2019419036
2012208991
2021329297
2025220703
2010202535
2022304697
2009271666
2012223816
2009238519
2024315697
2003248430
2023203553
2011200479
2012364058
2009229344
2015101807
2012238200
2026204263
2002322749
2009100430
2008319111
2020210283
2009240780
2019202460
2022354180
2010201810
2017221867
2017373715
2001290633
2002230467
2008316620
2008261187
2015268635
2020287090
2007203028
2002337899
2010200840
2014232300
2011213254
2021103604
2012205726
2018100341
2020207472
2019209465
2001091071
2022272870
2019229446
2016203523
2005241459
2012346423
2026204455
2022203411
2021300304
2004202268
2009201966
2005294251
2005228067
2015230734
2009265275
2000025773
2018294206
2015370592
2021201972
2021427874
2014357660
2010326008
2007346898
2010304681
2021270154
2010201548
2019228420
2009201851
2023384812
2011286178
1999046630
2012279465
2000060692
2006292024
2022201721
2023205539
2024220651
2005306311
2020203477
2019276336
2024339652
2019364194
2013100799
2019202767
2018220101
2016261638
2017284729
2021209208
2010234909
2020203752
2025202379
2010305311
2019322625
2024350893
2023233192
2011232339
2025201906
2016225125
2021202958
2009202242
2023322405
2009313885
2010212401
2021201100
2016102062
2012358964
2013285749
2002300749
2002318145
2016317103
2004286832
2019101812
2009208906
2017335678
2020294783
2016207867
2024242038
2017233674
2017345665
2008101175
2005203656
2021102594
2018421443
2001236246
2020471536
2006335943
2005284634
2021443409
2020201782
2023223754
2021372556
2014343704
2018213055
2006246319
2021106663
2016347869
2023461957
2017263835
2014260147
2017216451
2017340512
2016366432
2021334178
2019208241
2008251904
2017265158
2013100690
2024407153
2006266382
2014101456
2019379127
2015275325
2003227107
2016204284
2015321430
2017225481
2010353299
2023274109
2025202935
2024391338
2024259657
2016211820
2007208167
2021203630
2021102859
2017204239
2019247007
2012284120
2015341147
2000013542
2013200284
2003204017
2009231819
2015203527
2017204649
2021418658
2021204974
2005251279
2002311095
2015419275
2011349686
2022291759
2020348730
2010308414
2002336841
2014346599
2018311702
2008312423
2021366658
2020391108
2014230438
2021416082
2020203726
2019230448
2018214821
2021287900
2013246270
2022202938
2009202042
2022417276
2008246242
2011352443
2007212845
2011200474
2021103546
2018237580
2010248039
2019201854
2017225005
2019253679
2014100917
2019321177
2011100781
2012245299
2021100846
2022309839
2010236897
2017229625
2021339045
2011202315
2023434397
2022284878
2015337025
2017204562
2014250665
2019397089
2022210340
2010284044
2023278871
2024203241
2017263851
2006315070
2000014978
2008230483
2020433128
2020244716
2017254659
2017308118
2016277657
2013330284
2022389715
1999021567
2021313713
2018261988
2023278991
2013204605
2023229580
2015100457
2009239362
2011246490
2024219401
2018203215
2010202005
2011245475
2014200226
2000048356
2022266856
2012244144
2016102434
2023326683
2018247332
2017200774
2022204469
2019278991
2012306059
2023203157
2021409136
2016269738
2009215069
2017413681
2024219509
2009282175
2006221848
2012200635
2019209580
2002338612
2012236666
2021274636
2015271830
2003224690
2023307461
2024203694
2010203091
2018204844
2012397192
2020253473
2003236273
2005318922
2020244507
2019255933
2018347544
2016284583
2013252423
2021273639
2019417425
2013204911
2008357164
2016262122
2012202545
2020277291
2016200038
2019213348
2008294452
2010292991
2013305454
2011227094
2019283888
2006335287
2007294526
2002254513
2005242751
2019370720
2021224058
2003235609
2011100769
2021365794
2016232838
2021308699
2015243183
2014326655
2004303063
2012378699
2012328617
2010253220
2005202918
2018301762
2006224653
2012204019
2018377711
2021202311
2014213547
2014350667
2024244334
2011223776
2020386374
2021221702
2020219147
2023278047
2018388665
2011100185
2016202375
2023233126
2020277096
2023414349
2013203138
2019434866
2013409581
2017279715
2014308403
2018100542
2006302497
2008207382
2023357883
2000049204
2015284004
2018253052
2017258904
2017257446
2021217948
2018271385
2014265125
2019236737
2018226383
2021383307
2018220162
2011279373
2016269492
2012262821
2016102049
2024211011
2014101665
2023236365
2013266977
2024278406
2025252549
2015403585
2024216525
2010325268
2019264637
2020202657
2003259812
2016351177
2021329524
2000046409
2009201166
2002237957
2012202257
2024231662
2014266371
2022247502
2007281755
2020100178
2013206367
2025202380
2026203152
2016225861
2014247958
2012282688
2003201401
2022203764
2018271418
2011201514
2019459712
2003245047
2005337411
2019468802
2020104124
2015202282
2017271996
2014200638
2021105762
2015202089
2010337102
2013263754
2008279079
2004294164
2023343205
2014404278
2020307566
2021275168
2006312456
2017246093
2007201107
2009298638
2019240576
2015361131
1999051007
2017202248
2009308442
2021235688
2009200619
2022206741
2012290777
2024361412
2010219373
2021298068
2013200690
2013285333
2024353210
2003245590
2004246609
2017251772
2025202593
2016212315
2024300185
2003275759
2022204422
2019201866
2022324696
2008200426
2012211364
2005251173
2017258940
2023375184
2005202384
2007221158
2017241594
2002332828
2010340864
2001277876
2023358221
2009206010
2018254570
2016407652
2017258867
2015308039
2016203272
2017274558
2013203521
2020200847
2020210238
2002218065
2018400335
2004237112
2019239623
2019204026
2007320794
2006252342
2002301622
2016200331
2001247686
2023244578
2011286379
2013302374
2007299918
2013222242
2017202531
2024201803
2004216693
2010345888
2018222825
2017200784
2014252704
2015243058
2024437410
2013275822
2001094324
2021103972
2008212040
2019332547
2023390347
2005292054
2019101141
2016424252
2002352506
2009100985
2006243904
2020294303
2004305808
2021371167
2020102320
2014246623
2012250765
2024203433
2008286999
2019204919
2003287415
2021107438
2019377545
2010100571
2019203747
2020205313
2001294885
2020205341
2024220010
2017405760
2019271766
2011268412
2021209298
2015207974
2014343147
2018315392
2021319714
2013317601
2023345758
2013363039
2010100492
2019202500
2019226195
2019202130
2019234490
2004232777
2016296873
2004286589
2007305305
2016311039
2019439793
2012312455
2014208324
2021101010
2017342562
2001013127
2011312135
2010206022
2014346812
2014230824
2021205057
2025263759
2021102845
2017279785
2023315830
2015205904
2019338456
2022271385
2009329934
2025200507
2003204979
2010249186
2019281373
2014227689
2012249024
2011201535
2015229021
2015414056
2002310512
2013386710
2018202007
2006259463
2010243717
2012203635
2021360263
2006201690
2017379785
2018206708
2018234135
2016204649
2011353550
2019370381
2011257982
2011253227
2021439775
2023200020
2022203323
2021224253
2017391791
2007237343
2003234753
2011239305
2011352467
2015292491
2013203918
2014204511
2018386312
2023435665
2018253597
2012205282
2014403794
1999037126
2019221574
2007238859
2012285406
2022386079
2006273940
2013100833
2023452508
2010285760
2019216632
2023314273
2005203523
2014205344
2020277336
2020273469
2016263440
2020264882
2014366157
2023363179
2019268519
2012206839
2010239469
2024402228
2015201905
2021328601
2016203560
2007306312
2021107403
2019462982
2023237108
2009283121
2017272915
2011202837
2022429804
2011226970
2017100534
2016213790
2019419653
2014340583
2014200683
2016229398
2024227245
2021300252
2006256758
2022273943
2017200552
2010261246
2013369967
2016100185
2007292528
2005268919
2002334549
2020213284
2020325223
2026200612
2000023160
2012327164
2000060581
2022206742
2023200535
2014367245
2002240342
2024205584
2024404733
2020315362
2014100721
2024205126
2022219149
2017265102
2019314293
2001287368
2021104252
2018101069
2018342007
2014275340
2008338195
2014320037
2012232659
2016201511
2000015855
2013326890
2021290284
2012364569
2021323983
2022201918
2024203325
2012203811
2019384828
2023370984
2025204095
2009208734
2013224673
2018254793
2000068780
2007238489
2017265139
2021269556
2016200510
2015416255
2022309011
2023319292
2017367221
2009308063
2017246211
2017246410
2013296879
2006249222
2015413261
2019409071
2002242282
2003204350
2024408479
2023373870
2020404975
2020200314
2006335675
2015200585
2013361457
2004253056
2021101726
2017248503
2016431618
2005241124
2011329218
2006252019
2012315382
2008255039
2013319356
2004250021
2013272182
2019355909
2006285226
2023204097
2011245059
2019459377
2017202892
2014223495
2026203799
2020281057
2023287265
2003202619
2023342692
2001291080
2009202849
2023376941
2010226678
2015387499
2022201871
2004214058
2015372510
2007323863
2009227891
2018264957
2024266938
2011101433
2024203256
2021210868
2023208907
2025275306
2009296435
2017245932
2022252757
2007265326
2016433342
2020203194
2011202736
2021204557
2020297346
2003288416
2020202708
2019201358
2017209229
2021203353
2016216262
2016429558
2015377244
1999036172
2008100502
2005224328
1999045165
2021107391
2021201852
2018299050
2015201374
2024204456
2015284755
2004306776
2018246837
2021102158
2005224691
2004202210
2013318467
2014295870
2009200636
2013231179
2020407062
2016215440
2012334490
2020202599
2020437170
2012262658
2004287168
2021206901
2017200585
2016203927
2014388080
2000048902
2022380638
2024205707
2016354893
2022361681
2021204614
2015271399
2024278616
2014250932
2017389212
2009218925
2017444938
2007340273
2006233772
2021209222
2018222826
2020349082
2012202208
2017394025
2025208471
2025205021
2015204275
2014374036
2010200997
2026200675
2001244894
2001281606
2026204392
2023370550
2021105826
2012227215
2019445440
2007318482
2017203058
2024405224
2018435480
2011308538
2018442000
2019204174
2019220562
2012335735
2009201909
2015227387
2014354766
2019217999
2022200386
2022450406
2010223826
2008365164
2017439718
2020350501
2007361787
2021258068
2018200396
2024252075
2015323957
2014256987
2010364305
2014200190
2013300035
2006249985
2024205737
2020241751
2024325219
2010282204
2020398164
2020315134
2017427355
2007231670
2008279024
2022334070
2020202449
2025242175
2007327086
2021426284
2024314884
2009262038
2011200681
2015244101
2007240690
2019250071
2009243805
2018361545
2010238544
2023309554
2016236176
2017201794
2007297341
2018264140
2022370023
2022218413
2015301904
2017239602
2017285479
2015202420
2013206020
2001242008
2013200876
2014224117
2012282235
2013100219
2012322332
2015354390
2021106985
2022340445
2009222438
2019328766
2014277671
2024219925
2023216808
2017332547
2002247823
2010286917
2011345535
2019323009
2016201466
2024218532
2021105597
2021101323
2013243926
2011253786
2017439080
2017272236
2020260392
2019222819
2016277535
2002215283
2018267697
2007341280
2024203127
2007254088
2014203596
2017286532
2010243635
2014340374
2013355504
2004205978
1998082446
2024287085
2002367882
2005266976
2022431848
2017202587
2019435043
2019335417
2023218884
2003209860
2019449405
2015414651
2008316696
2021293186
2003260831
2021215138
2014216035
2017235913
2023365342
2025239561
2019202094
2025242204
2022235634
2024205602
2013222512
2020201040
2021304710
2016201929
2020239675
2015255170
2009249382
2012326218
2015386670
2001022423
2021401661
2017100480
2020202050
2005213834
2021241126
2006333402
2013328138
2002341786
2013202876
2006202296
2024205255
2002354071
2021283607
2010200143
2017355420
2005282532
2013317705
2015412224
2015101067
2019360133
2023309624
2004295299
2022396247
2010315302
2002357894
2019333044
2004214805
2014213493
2020224171
2010209629
2012254228
2021107093
2014305230
2009282712
2009100288
2006233181
2008323933
2016238946
2018274917
2008325305
2021103225
2011258972
2000011982
2006244562
2016211359
2021369641
2018321577
2008312427
2008293411
2008314526
2021103951
2013204054
2013370769
2022239291
2020200389
2011253738
2020201115
2002318884
2019264644
2020223716
2016338648
2007250077
2010100667
2019246883
2024444880
2017342826
2018350986
2018315286
2011266778
2010202647
2025226741
2015380291
2003255479
2012319821
2017356848
2021273633
2013224918
2018236875
2022308403
2010284736
2003206304
2015282369
2014364419
2006233098
2020321986
2013312972
2008243197
2006247518
2008262058
2011268205
2008289177
2019202660
2024216512
1998060057
2023275390
2011212233
2016200776
2014224103
2015275297
2014279956
2018370069
2020202984
2013256071
2008270503
2012203903
2015244230
2016244245
2015207036
2007228618
2014237034
2014293556
2022215175
2021315578
2010200101
2015252078
2014212141
2020223764
2019200806
2015362045
2019279988
2010200106
2025203797
2019204054
2004280976
2013243711
2011319493
2019200838
2003203764
2024200378
2008230402
2011323301
2014378206
2014271277
2013327397
2016251649
2020369979
2026201832
2022277426
2015283828
2003259136
2010101117
2005276106
2019216701
2018315298
2018261864
2011224018
2021221479
2009200752
2021204562
2017248513
2016228183
2015200081
2023286309
2020201214
2023200723
2014202526
2024361723
2010203137
2018366755
2014291045
2015321927
2019204032
2020200488
2021101948
2018278923
2015210884
2019366584
2013296646
2021251463
2020328458
2020420676
2022344807
2010260996
2014204428
2021215061
2015305836
2021204686
2016294630
2020400813
2021103387
2009279431
2002225281
2016201932
2020323929
2023308269
2012389279
2025270969
2023251413
2007354841
2022203040
2018401519
2009268073
2010359056
2006287856
2001236686
2004280492
2012367084
2015276638
2012203094
2015202635
2022458718
2017202423
2003212436
2016238937
2006330852
2011232577
2014262199
2002339961
2025271127
2014250719
2012100078
2023387760
2023351577
2006292041
2015100595
2016320316
2022206740
2013237639
2016367058
2018376020
2012278417
2018327337
2008311920
2016273816
2016200140
2019231130
2020100047
2017345812
2025201705
2015358776
2016253620
2006318813
2002357731
2021322743
2014338510
2021106217
2006344163
2024264659
2019372236
2020100120
2005287985
2017305249
2004324519
2020104260
2018311926
2020217356
2019477996
2016216572
2025201055
2024202744
2018229553
2003302670
2022284393
2015300915
2006305701
2008326957
2004214394
2022207973
2004206520
2005296086
2015243029
2013100942
2022386072
2010321557
2008202918
2023200580
2018262536
2009244391
2012216790
2014215965
2021286249
2014376190
2017392045
2020340368
2008304363
2017327757
2014207699
2014249820
2009260120
2019365023
2020432845
2009292922
2009265036
2019203409
2014240931
2020395181
2009330691
2023234397
2015253709
2016204997
2014218766
2023375369
2010202952
2023343345
2008341770
2014203775
2002101031
2015364605
2016286262
2015258326
2012202738
2019209048
2014410305
2017258951
2019271888
2004284058
2002228370
2014203730
2006201516
2022340353
2014101314
2009223600
2004215827
2007275431
2014367011
2006200573
2007250514
2011100242
2019302917
2013254448
2021248806
2012332956
2012216366
2014384393
2013231092
2018386728
2023247848
2025203977
2023201489
2008333825
2009227944
2017251639
2015328907
2011223585
2021107104
2004273533
2013409739
2020321987
2016101534
2021375992
2019247512
2016250413
2019226152
2007203685
2011377379
2019309512
2024216526
2005214407
2018349164
2021387987
2018325299
2019262756
2013363314
2022222753
2008265136
2024309291
2015201432
2019238712
2019202693
2013402720
2016246586
2010217154
2025279596
2020408599
2018288822
2020257057
2005329727
2016334149
2021227420
2010200126
2023348394
2020473677
2024219474
2019236632
2009100477
2001243658
2019327700
2013201120
2012257716
2019371072
2006323443
2009325981
2009267798
2014307022
2002240128
2016332997
2010230823
2009225292
2014262138
2010241300
2007300403
2009201537
2006100247
2024267070
2007331292
2014206191
2019207926
2014351866
2017390194
2016247085
2018236694
2015100244
2020420057
2018384223
2004236725
2013254913
2011265323
2020104322
2001253145
2021309123
2001024356
2012370975
2018101083
2020235190
2020439803
2022204683
2023340203
2011302452
2005246251
2024259830
2021100666
2018399177
2008296445
2021203963
2022200319
2023302618
2021400533
1998082891
2023234289
2018263110
2017273625
2021201837
2013327774
2007231909
2021267381
2011271058
2017281246
2007311476
2014204151
2007299915
2017439699
2026203115
2023438220
2022286819
2013249375
2020342539
2012275221
2017371554
2004264812
2018438719
2024344010
2013257738
2008203198
2023320351
2015364816
2020244393
2007201018
2020298542
2017309399
2021254521
2020421140
2000064013
2018201437
2015200190
2022400401
2005332019
2018206719
2024284386
2021100233
2001028062
2000029417
2015343429
2022201474
2019256002
2017101620
2005236965
2020433835
2015404488
2021412527
2021100005
2003200750
2014257424
2001246278
2007323838
2013255048
2004258405
2010204891
2018368407
2017258846
2011243467
2012230442
2022398491
2019350780
2019312799
2023243296
2007201836
1999050687
2018340981
2021392585
2016202318
2022294092
2023211162
2023344876
2013210715
2010201717
2017286799
2019356016
2020410837
2015100722
2010234774
2010349140
2019468598
2016417122
2008349586
2023240236
2001014275
2005335054
2021307947
2023287379
2013374725
2005318955
2023233147
2013377565
2017258101
2024266776
2013323100
2015282654
2019100189
2013205174
2003268879
2017395741
2020203026
2005206621
2019301656
2001238311
2025210806
2004213999
2023421715
2020379827
2001295255
2015232526
2020415402
2004304610
2015201626
2022201769
2024201421
2004279200
2010200349
2025267468
2024227604
2017316384
2016256679
2020202797
2015385796
2022205203
2016206694
2022228201
2018228493
2025226691
2022321483
2008227120
2010234371
2022203036
2013345289
2015301682
2012226550
2020101832
2022357505
2018203283
2015305889
2016257672
2025226704
2017389607
2019101071
2021101073
2017100984
2006241621
2022209344
2018417481
2009295791
2016229172
2012347602
2026202121
2015284044
2020256218
2004202129
2016203876
2022456401
2020427309
2010212304
2020364242
2011200753
2015302416
2004324570
2013259973
2019310041
2023216863
2013270532
2010273837
2011200413
2023263428
2007100594
2009279764
2006259831
2003225515
2021107075
2021204034
2001013404
1999019634
2015253062
2004246692
2024367762
2023312379
2013204380
2013200346
2016100692
2012101270
2021265107
2010257377
2024201480
2017355505
2024358539
2019335453
2020100785
2024201808
2018264031
2013312957
2008205134
2017246024
2013295634
2015414475
2023257255
2012200013
2010358506
2003210762
2012258509
2013272942
2021105628
2012101410
2004218700
2008275178
2019222974
2024259696
2019200253
2002347785
2023404605
2025271241
2019300777
2017306141
2017288986
2014253515
2008324213
2022264934
2020276949
2006281928
2025271382
2017439705
2018431107
2008307505
2012214168
2016200779
2009100832
2021266924
2020233727
2013376332
2020203409
2019352505
2014332765
2017340505
2000010177
2010241484
2020317303
2020200923
2023204609
2005275058
2013397219
2015403840
2025252531
2018337954
2018372296
2018372960
2010202632
2006248710
2012276348
2020349591
2024211002
2008221588
2014237630
2019437374
2016302392
2011293714
2014201619
2018404053
2022205060
1999037698
2005201434
2022281172
2000026075
2018449745
2018401970
2022410087
2023201381
2026200183
2018236743
2007243106
2018269306
2021202166
2018257944
2021227295
2019310030
2010246516
2000012367
2016212243
2007237271
2008279973
2012231667
2013278008
2022255324
2020229857
2021100973
2005276116
2024302339
2006281012
2018329925
2018219311
2003218080
2016247296
2000066729
2010257770
2011314335
2011323203
2000014543
2024315411
2023251475
2023349826
2020102248
2025203309
2012301897
2015205915
2024204083
1998083952
2019446426
2019378289
2015210480
2006279742
2014329037
2006228384
2021101447
2017353878
2020239768
2003213392
2002363485
2009248360
2000019573
2000023290
2005291830
2013211002
2015215908
2012304904
2003203727
2020103365
2015361769
2017274577
2006307919
2007320051
2011261646
2008281629
2008265232
2023430612
2009202714
2006200102
2019206924
2018338407
2018401508
2017291974
2020282322
2025201164
2017261591
2017272162
2016201674
2003231305
2017258941
2017244797
2014292812
2001256545
2017200961
2018314311
2016226461
2023256294
2014229422
2011343700
2021200196
2021368759
2018409080
2015231534
2012349127
2012244107
2024264610
2011302083
2004290371
2014286916
2016200909
2019256729
2002339933
2004319211
2020228333
2021477258
2006348554
2020472120
2012305688
2018290360
2024359841
2005202187
2004209245
1999054194
2019246901
2014203119
2015202393
2009231877
2023315795
2015315224
2011293083
2021104362
2009271295
2015302362
2006244955
2019209716
2021105721
2004250927
2021229163
2017444350
2006268158
2010264439
2017251824
2018281928
2017235889
2019207624
2011250682
2020334772
2025203584
2003228754
2026201943
2018227699
2014374232
2015394336
2022303897
2026202639
2011264813
2019278299
2008226410
2016204117
2013391863
2024325330
2025287304
2018308956
2010229774
2009209249
2021107630
2020308565
2010316203
2019338463
2002018823
2012207073
2005225121
2023413468
2014207327
2002312007
2022211911
2026202608
2023343605
2020273358
2026200832
2005281966
2013294619
2017426186
1999052171
2017264693
2003302602
2006308508
2014201713
2009200660
2014261044
2008239516
2018326807
2023208078
2023285908
2025263919
2020204666
2005253176
2005233129
2021340002
2016246225
2018407224
2026202308
2024372861
2019246816
2023272141
2012202358
2024267044
2014252667
2006255078
2004279184
2020207807
2017204853
2019409983
2017265106
2019231140
2020104055
2021201794
2019100203
2023326741
2021209250
2016346011
2013274978
2022280893
2016280086
2002364127
2020267597
2015282370
2024392549
2015343669
2022207654
2024412295
2013355411
2012238301
2005262561
2020337244
2020275833
2013200929
2018101283
2022358651
2017352937
1999031492
2023258346
2023334958
2003265651
2025256149
2017431424
2021203210
2016335548
2013209354
2021308384
2005291840
2007219265
2010339636
2016203891
2015321923
2013267734
2000054370
2010221799
2011353873
2021200655
2014272654
2011228704
2011258474
2020304508
2012201529
2006291689
2021278130
2009248794
2016296403
2017216462
2013224656
2015347886
2003276364
2005273149
2020101994
2013216641
2014243706
2007294455
2013205815
2018250506
2016206374
2021349382
2014101302
2021218100
2026202058
2020351230
2011245430
2014287132
2022461227
2017321872
2022280631
2021203490
2007235089
2016228845
2018201267
2020239707
2023408595
2015390542
2023335997
2019322806
2010292319
2013270163
2016202809
2018202265
2023427441
2010200103
2021308253
2024343424
2021344340
2016371323
2024240270
2015366314
2023221395
2008203211
2018257811
2015249105
2014202823
2012337487
2014409584
2020101952
2010263086
1998096557
2018102093
2016270351
2021201877
2025201003
2009259878
2020203646
2021261947
2016431911
2024203374
2009240917
2022259391
2023315854
2001054166
2012279345
2012216253
2017337335
2007303199
2004205329
2020204500
2019203237
2018287070
2009304711
2013219208
2012312324
2021246134
2018100448
2014268759
2023263526
2011244952
2023263535
2006330069
2022200121
2021263690
2023251421
2017248728
2011227505
2015396131
2014258790
2019281515
2012213128
2018411591
2018271252
2025279738
2023206664
2003204977
2017308552
2013301054
2018206117
2009326809
2023200413
2017219057
2016203628
2017202982
2023278073
2016357315
2012379979
2024266033
2018289561
2013408867
2025279815
2019275906
2023273726
2019215201
2014201070
2007288602
2016204456
2022260264
2019201466
2019201036
2019351573
2017203663
2009312609
2003265238
2023318933
2008249192
2014295814
2017349748
2013343577
2012203637
2019340292
2017279806
2018368062
2011219699
2018206700
2002212002
2019200678
2014259887
1998084068
2020209737
2012213939
2007255019
2020104283
2014202958
2011266699
2019352721
2013224660
2018403734
2025205504
2016211405
2013317936
2005203397
2015213290
2012395506
2021273617
2015293548
2011226481
2024231805
2005312334
2010347838
2023202484
2023214017
2016219670
2024280032
2007351403
2013203616
2023414375
2005295335
2000023555
2007218443
2007292498
2010100865
2008214271
2007278425
2014216004
2016260562
2015101981
2020357978
2013251206
2022383820
2011357811
2025204596
2023201105
2019240610
2020282382
2022357458
2002231461
2021269336
2015202468
2011317582
2011349513
2017212617
2004288602
2025279685
2023291138
2015308623
2021101214
2021103128
2012372484
2024374433
2021106600
2009269978
2004297987
2025242208
2014377368
2008200048
2020351739
2018300159
2007275950
2021203608
2006208271
2021200786
2012340235
2014204468
2006268246
2020323860
2016259427
1999021516
2012255716
2016383336
2006294425
2017444373
2022259757
2025208474
2010202163
2015231508
2017370720
2025238082
2021100066
2014203475
2004308444
2011267964
2013303968
2018366770
2004322161
2018402684
2001278682
2010340585
2017202073
2018442732
2006240541
2010284785
2024274584
2009201170
2014403138
2013275911
2017262850
2001247936
2008100376
2024403856
2023341365
2022252126
2006252155
2019316896
2021105012
2016100962
2014262277
2020205376
2012201353
2021201743
2023342451
2017232072
2021100645
2013246893
2007317375
2017297856
2012203309
2020100677
2021480748
2004301642
2016402395
2021105550
2023281600
2012261747
2020375627
2022289713
2024232585
2009100476
2016409304
2004255728
2016271921
2002240713
2016377721
2008221600
2019218868
2024200360
2014202978
2022221681
2018428626
2009100216
2021279008
2019333326
2023464646
2024245342
2019446837
2017426204
2021200962
2012241067
2021201563
2013338267
2020220189
2019222938
2021240312
2013204576
2014410591
2018203536
2024392078
2018298479
2014415879
2015246086
2004273509
2017229437
2024390388
2013267037
2013303263
2019207003
2024201521
2021269284
2018286643
2018286376
2018100556
2010262396
2023257723
2022296056
2019268093
2018241067
2020260407
2018361833
2014263021
2012340003
2016202519
2001044385
2003234593
2014329604
2023214276
2017427013
2021105893
2025271257
2018211298
2017218928
2023222996
2021221878
2009210552
2017221810
2005203410
2020297214
2012212655
2024287899
2009234176
2016426405
2022201978
2022331198
2015372563
2021204587
2002213361
2014291253
2019201546
2013100745
2024200838
2024100001
2016354889
2009329470
2011253829
2014205546
2016331870
2020387253
2024266977
2025242281
2013324090
2003205297
2018438636
2000071759
2016247171
2024288960
2024204629
2015255304
2023201476
2007243079
2006310608
2004260370
2019366858
2010336998
2011273199
2020262057
2017334682
2026203685
2016200932
2001025950
2018203872
2013332956
2011200152
2024320580
2012372918
2020373046
2007234622
2016211703
2006100389
2016256802
2012234407
2000069757
2019101232
2013280836
2019200919
2002310180
2008243232
2018407143
2004200597
2017276160
2012308170
2022235564
2013204667
2015203826
2009228014
2023433227
2024202359
2017260108
2006302447
2011202840
2010101336
2020201865
2026200062
2017201142
2016231571
2004288137
2015101523
2018361531
2009100506
2020405493
2012265822
1999012676
2017431865
2015382255
2003263001
2024366839
2018202249
2014101369
2020103335
2017330216
2015286232
2010210169
2024376724
2008301641
2013287309
2019335454
2015243819
2020202605
2021102974
1999051850
2019249167
2013312373
2002237406
2017254845
2002302869
2015224394
2016363670
2018308331
2019204351
2022291639
2019211272
2022228177
2024398207
2019298330
2016238887
2021393483
2011250809
2024279756
2002325369
2016341463
2000041577
2024200192
2015210459
2024338275
2006218786
2012335887
2008203853
2022255028
2015261693
2010101039
2017382907
2024259899
2021218001
2017283732
2016387360
2021334293
2017218456
2020227081
2011207549
2022405094
2012214744
2024267098
2018407956
2012207024
2018364128
2011316682
2020233629
2013323790
2015227069
2025287425
2017276153
2001094301
2019204958
2021328553
2023232127
2011360733
2015264071
2012247400
2007253613
2006268773
2011253863
2014275882
2019398124
2018212665
2012323254
2018282409
2025203358
2020202235
2015200730
2019200692
2013397964
2014403886
2022361909
2018202354
2017401161
2015390318
2015261734
2022251506
2016200416
2010265593
2021107052
2016200204
2024330449
2022254939
2017201480
2019203071
2023203464
2002236916
2011221678
2019256623
2012204223
2013300094
2021106420
2013260212
2017433843
2025256235
1999056260
2013306252
2002330971
2020293389
2012101878
2020203059
2021234216
2016204585
2025271577
2023203794
2017101872
2013288498
2023328822
1999011173
2023471620
2016225868
2024200078
2019204297
2019382298
2013260693
2024269633
1999060785
2011253667
2025201791
2021215878
2016244299
2005265013
1998085885
2010201953
2020301426
2007351658
2022321906
2025279802
2015336940
2007323931
2015254675
2006259698
2012365030
2024310056
2010236800
2025204758
2015202739
2011268050
2007287420
2002246300
2000047254
2021328048
2020396492
2013253308
2021107381
2013224082
2007254482
2013100294
2009302625
2012301523
2021377491
2025201782
2003262757
2018231232
2009352636
2015347124
2023366154
2023204030
2018402122
2018208613
2016432553
2023446737
2023258361
2009101340
2024386004
2009316427
2019279371
2023285951
2018434934
2003270855
2021106006
2014307023
2020281619
2015292307
2006203044
2016228208
2015213354
2007342344
2024228171
2014211528
2023285980
2023351995
2019226180
2026200486
2020357557
2011257428
2006287610
2011203080
2024201515
2004288011
2021218895
2025204384
2017281686
2013264331
2023219085
2016277572
2023254887
2019201137
2020235239
2024204832
2022487152
2011368544
2017438894
2022202157
2014281604
2018398970
2007206167
2015365349
2008231291
2008100174
2014100190
2015242971
2003270003
2020354283
2004287131
2015408850
2006232083
2022368365
2021395887
2025217282
2018436718
2005269611
2011347063
2020103635
2016381571
2019203398
2002212995
2014200621
2025267419
2008201897
2022282156
2014213570
2017101936
2016101293
2015213298
2020308366
2010256524
2006220436
2025205055
2025256207
2023470291
2015221490
2014302023
2018205160
2021430302
2016409887
2018206759
2010295060
2019220741
2022254638
2007322488
2018210303
2020101931
2011350195
2001100217
2015218476
2020101647
2008213946
2016399230
2018204917
2004215093
2011247830
2016211519
2014392531
2021286043
2011326157
2010335160
2021270820
2026203430
2008247579
2019202542
2011202785
2015384166
1998089645
2008276971
2019101613
2007333678
2015224457
2015207842
2002248273
2021439922
2021428448
2008345112
2010338867
2026203510
2021307585
2013233119
2011237715
2014201444
2020103756
2011215191
2024239768
2022365960
2005261508
2003281984
2024401228
2022405439
2018100049
2013331096
2008210260
2024267362
2021475458
2018286616
2019204976
2012316660
2025271262
2008304516
2017248565
2022262295
2020346979
2008222933
2020216064
2019232863
2021464946
2019273336
2015203858
2023278034
2009320336
2015100176
2008281625
2014267844
2017390082
2013250105
2015358535
2018235940
2008322796
2009233540
2025215264
2011204800
2003215744
2009299110
2012213975
2002365581
2023211867
2019265165
2017239600
2014234955
2019283890
2013281949
2017204238
2012367384
2020209163
2013200820
2018250395
2014215045
2003291603
2015296903
2016200208
2017221833
2011247865
2001031298
2020102147
2021209252
2014278696
2002360844
2020206243
2018340729
2008226975
2019266226
2021203676
2022374192
2018208758
2015204992
2022202191
2018220816
2017441040
2023201423
2008201530
2025212746
2019200685
2017315300
2021236504
2015252151
2014299161
2019203984
2024391239
2009201991
2005234496
2014253880
2013368486
2008264237
2024278452
2013273664
2021254797
2012325419
2013368278
2019235407
2008282367
2019204772
2006306523
2015210412
2019247878
2018220127
2005220272
2018415389
2003237439
2019338185
2025234202
2021271082
2004260375
2017352545
2009289609
2012268832
2018371657
2019100030
2007327815
2012244231
2001284193
2022440229
2016297866
2011372537
2020256472
2011308814
2014268249
2020202252
2017246121
2018313902
2017203036
2023278132
2014274556
2004288008
2024221434
2025205065
2008299985
2018274586
2017277851
2013290231
2006292699
2015245909
2008202215
2017232228
2021102963
2010206088
2017100655
2020286014
2020249188
2005337361
2016359163
2019100314
2022213313
2017379813
2017210081
2017310912
2002223093
2014407025
2008283739
2017416848
2012242893
2020383599
2005314171
2006233222
2004288625
2009314488
2019280060
2019422590
2019403819
2017201504
2021204650
2006304655
2014203449
2019386064
2024200235
2003227618
2017308540
2024200908
2016401214
2009285606
2013314401
2023203239
2019268129
2013219913
2015215951
2023447446
2011253641
2015231761
2007311287
2018241185
2010207022
2019437150
2024201638
2009251577
2025204089
2000072041
2017100424
2015255256
2022361390
2019296313
2004100933
2007333518
2008207752
2011282703
2012202140
2015409753
2006235281
2017393112
2017438908
2017245363
2018282401
2016203639
2022317060
2018240330
2003211299
2004216579
2022294637
2007214303
2005227349
2015320370
2003272736
2016414485
2013205641
2015346144
2020286370
2015238871
2005239708
2016288631
2012244392
2019325414
2019208225
2015263875
2020103826
2011206675
2020288377
2019201080
2000048796
2018250022
2015378173
2008304273
2025200751
2025204475
2025223909
2008213995
2025200493
2020102657
2015255871
2019400237
2012205224
2002357853
2023285938
2012202080
2018100785
2022100048
2008209879
2014262222
2024205829
2022323972
2011369050
2015231395
2010236080
2013346490
2023430518
2020204289
2006202445
2023201080
2018412414
2013399639
2020102358
2020476749
2024323124
2017439971
2020279846
2018436322
2014203194
2021251717
2022319791
2015277744
2020475551
2013285221
2012262153
2006336088
2019291722
2013261845
2007201421
2017418863
2025223929
2018271256
2023413577
2015238878
2015302225
1997044847
2007318080
1999049326
2012267257
2023410365
2011349205
2024205514
1999016311
2023210525
2011200752
2014334536
2005229684
2005310973
2013202956
2021281967
2020315424
2011209599
2009271877
2021104261
2005274984
2025226807
2001272203
2020242051
2023270202
2020412699
2008244492
2014263736
2006249868
2023465630
2022200364
2011239621
2016410752
2006255843
2026202430
2022275971
2025279646
2010246486
2013284327
2014369865
2020233688
2019370476
2013351742
2005326132
2010315106
2002334706
2011301774
2020271070
2023335438
2019390247
2009200525
2001267551
2021106581
2026203940
2026200436
2016100203
2021227716
2020432174
2020202980
1999032639
2022254081
2000031346
2024299420
2015253514
2006311709
2022320143
2021103963
2014309395
2016309262
2004279205
2023274225
2020200133
2023237898
2020204128
2008222794
2015282367
2020381440
2009279724
2009243169
2019257635
2016317557
2023306880
2010272769
2017344389
2022376497
2005249346
2009335668
2017217012
2016210884
2012203560
2005200222
2018204232
2021431870
2022390024
2017338040
2013200928
2015346969
2018278782
2023248065
1998056674
2012219357
2022225580
2007286404
2016256769
2012211342
2018375665
2009228179
2021104641
2012200436
2019333268
2019230135
2023242305
2015297289
2015399265
2007278728
2022405704
2022203078
2021248851
2011253943
2004325906
2018336752
2021100501
2026200327
2020445633
2015338818
2014371943
2016425526
2006333374
2002316042
2013205164
2010340308
2019101440
2018322154
2020257062
2021299025
2023200077
2002230219
2015211432
2020287388
2018228540
2019351481
2011304463
2010252545
2011203835
2014203310
2010202109
2012303709
2008201520
2019431307
2024291618
2023374240
2011203577
2014396157
2001260750
2017239626
2011268130
2022202972
2022378553
2009201191
2021476807
2022201380
2012211130
2020276527
2009351922
2023201478
2005202910
2019361191
2018453582
2012375451
2024220068
2020204569
2010362462
2018283881
2012264320
2016243159
2017220066
2016231618
2012382065
2016315330
2017274073
2023258063
2014201373
2008254567
2021319651
2014274294
2005229335
1999024354
2017202332
2019207084
2009287019
2018282527
2018338812
2000060025
2012329678
2006202916
2020297835
2011315024
2020286185
2013272184
2014202321
2007100074
2014414041
2015201108
2014101078
2020103610
2020250381
2011272193
2010256700
2011200023
2011293191
2020289874
2016234965
1999019400
2018203838
2023222965
2017307628
2004262820
2023228221
2023421619
2007272300
2018422296
2019100539
2009279893
2008317727
2013273843
2022451414
2018222674
2013322264
2021342943
2011244907
2018202877
2014235286
2012201632
2019281615
2004253477
2015401752
2014218355
2024278403
2003228345
2021447431
2019456622
2020104085
2023404594
2017334731
2008362348
2007319632
2014203463
2000047016
2009201048
2012201282
2025271239
2020102923
2025283575
2010201071
2022416127
2016293866
2014348937
2011100243
2017207339
2011314425
2013100506
2015313921
2015209199
2019204825
2013285778
2022453500
2023201754
2019263048
2017312177
2004237879
2017257657
2016209034
2018436323
2022256192
2018202339
2012355641
2002336839
2004205236
2009100760
2017267610
2002329073
2015227528
2012331601
2020101611
2011201314
2005203557
2026203720
2006220437
2012391149
2011101384
2002348963
2021336875
2022214074
2012200054
2005297645
2011209729
2014203771
2019451182
2021287371
2015371469
2022304683
2021236965
2007243575
2020414435
2006235990
2020213335
2015218463
2011201993
2022409837
2019399489
2022306036
2019478845
2004284746
2012301417
2013287326
2013273787
2019455073
2000069267
2018362008
2010244906
2012388842
2002357661
2014229498
2014284539
2020101369
2020335028
2012290572
2022479287
2011291538
2021325685
1999037356
2024399811
2022244614
2022330384
2009241694
2021260798
2009204502
2002339252
2021106708
2024219482
1999042296
2018260973
2017279615
2019212805
2010249464
2023210193
2026200714
2012203830
2023203052
2005308619
2015334446
2022288157
2021254574
2020308096
2001032747
2019202248
2018293912
2016368691
2020352918
2013373705
2025202480
2001228700
2012345736
2001242291
2007202738
2010295468
2013101811
2015315488
2014240504
2015331025
2012227364
2010352827
2014100029
2015325065
2018336785
2023333529
2017290701
2012251379
2006225259
2011204843
2014201243
2014414053
2020100165
2016330604
2008250711
2024295481
2019310417
2021312278
2024388019
2021101577
2019203751
2014359941
2024227773
2020100464
2021372108
2015334634
2017100277
2018369415
2010208317
2010303079
2015321998
2017219027
2020233625
2010244468
2013260417
2010241260
2001233009
2024351520
2019201166
2024204216
2006223309
2020401367
2021358680
2015357516
2010257250
2012201765
2011224637
2023370446
2020200627
2014415645
2016204546
2022228093
2012100419
2021253293
2018260944
2020310940
2006219649
2022303321
2016228184
2023451352
2021106083
2010202493
2020217341
2007201763
2014212163
2009262122
2024342954
2008322556
2013297267
2026200383
2012225661
2018382226
2025202135
2016293831
2001031686
2003205277
2020227064
2023203505
2021100998
2011316747
2016102458
2007317699
2022230996
2014100052
2002344460
2020323541
2005292129
2000060685
2001016519
2017101843
2024229355
1999049467
2018285916
2023231454
2019391608
2011247703
2020350415
2019204134
2012345070
2016201151
2014357598
2023335826
2023266675
2015100444
2018253492
2010213767
2009348925
2012225542
2021101782
2005267129
2014200702
2022489895
2025238018
2017219098
2015307191
2015211019
2007332378
2004250926
2008243096
2024218990
2003213521
2015202561
2002311739
2009217481
2003229917
2015200251
2011343828
2023201982
2014293273
2012346010
2018206703
2013202241
2026201848
2017411519
2003243116
2023313304
2020102550
2020322728
2018409908
2019222018
2014250792
2024417592
2011101348
2000048547
2011267957
2018263989
2016203600
2020314674
2020256912
2024291631
2017248509
2020217458
2004311616
2013406808
2021253210
2023227770
2011201992
2007356359
2000040278
2018299205
2018241170
2015202676
2021263636
2018414739
2020240320
2024355938
2022235536
2019294343
2017373956
2022392233
2010239688
2019201974
2014239549
2012368885
2018203407
2026200184
2026203073
2013100570
2021201195
2020202916
2010306926
2019303742
2002233100
2018203609
2012203791
2013260685
2005100976
2019320328
2017444129
2012203541
2012355540
2022257926
2018227710
2014210568
2021229175
2020234957
2012387975
2019253881
2006252994
2011291726
2012261225
2023201973
2014274835
2021229692
2023222971
2020345178
2006278639
2018408722
2004279203
2015272082
2011376066
2014295976
2016204664
2022221990
2017287028
2019270336
2008344241
2004216040
2012261818
2013201387
2017321966
2014208038
2017210534
2012206295
2015271982
2017270374
2013399635
2007229356
2000059481
2012322943
2022344559
2018338196
2020323522
2008243230
2026200471
2021201133
2024253411
2004213885
2015224513
2012231360
2021338321
2023302084
2013234417
2009257601
2025226819
2013342143
2013394153
2011373436
2000075835
2023201023
2026203646
2018203944
2021366907
2019369543
2024265269
2020246590
2023258384
2021101695
2013266972
2022281288
2023241344
2016373251
2019204826
2021105515
2024358142
1999040239
2020226986
2002315501
2001270184
2012261215
2025226675
2006235838
2022227171
2012309042
2007267992
2013347359
2004235403
2024220214
2019231794
2024204563
2018240333
2009271261
2016321728
2023285765
2005280145
2016281182
2017100148
2019283770
2022242698
2022311800
2010245961
2020399503
2002240191
2022271397
2011200859
2023251447
2004229640
2006100096
2025268291
2011202595
2018101373
2007286480
2023275689
2013264323
2017209047
2019360033
2007243633
2023354541
2016203902
2024202383
2024201129
2000033453
2012203333
2004310548
2014278203
2018284889
2015200583
2016283735
2018217352
2011200949
2019417255
2009201595
2008293060
2018214076
2023210593
2007216588
2018267586
2024288042
2023204822
2022275523
2006340286
2007296451
1999040769
2018100728
2015310487
2020203040
2017288581
2012219371
2016218353
2023326196
2013228148
2017378251
2012257496
2004303507
2003234720
2021303292
2016216614
2020101738
2012219214
2015210370
2016255534
2000069105
2016394894
2025242087
2008202508
2023201979
2012325666
2012292187
2017267456
2007233676
2022352555
2012214816
2015308215
2009262843
2019288486
2002343721
2021105144
2024397846
2020210290
2021103648
2000056208
2001249588
2022315102
2010206068
2019383041
2009225436
2013206702
2007100351
2018101464
2017334367
2018415602
2018276096
2009342259
2014268251
2018276649
2014268285
2012344724
2015257889
2015226942
2014203832
2017354083
2017252322
2024365321
2013303808
2004214806
2014200234
2013327901
2021107417
2021240131
2015261667
2024231667
2021312187
2021212122
2008357313
2019357793
2001019027
2018256714
2000030060
2021286779
2010202046
2018343872
2020445354
2017210132
2003226898
2018308961
2025200445
2011325869
2016263038
2013234827
2020294089
2022202786
2008279685
2006223193
2019204806
2016381121
2013266157
2002362400
2026201359
2006200568
2017101032
2006203108
2015201782
2004233143
2004200727
2024258899
2017282925
2013334808
2012362647
2012241172
2026200465
2023409330
2001255844
2013308719
2021405506
2012368308
2000078144
2015100950
2019201272
2020289848
2016427008
2015411582
2011291337
2009296783
2018211268
2010319285
2025220704
2022215197
2012205076
2005224276
2019240981
2022201486
2025260004
2011269990
2024388664
2005326153
2014204504
2016291720
2018100503
2016216574
2008242610
2012268882
2013320381
2016391628
2015353007
2008235440
2013345348
2020354484
2022444393
2003284436
2020289333
2020218241
2012325285
2022252797
2016219686
2018249686
2024339334
2024250064
2010325269
2017424108
2004296469
2014238666
2018250213
2005288658
2019216672
2013386843
2017202503
2014217435
2018317363
2014334580
2009215993
2007221878
2014253672
2017360842
2016322014
2024205040
2018260924
2005266851
2026201529
2020212984
2021106843
2003240323
2014201350
2021107687
2023200186
2012247062
2017433235
2006291528
2023201057
2009269753
2007203240
2000010483
2016253641
2011100237
2008201981
2020347030
2009321691
2005217677
2019203865
2012228218
2023200878
2020483580
2009243428
2014395554
2018273825
2006327196
2020233730
2009262137
2005253266
2000037798
2000051969
2021297787
2007318658
2021106705
2016400171
2013387185
2005336604
2001266884
2025238081
2020262824
2024357175
2018260851
2015242797
2020103464
2019321879
2016405421
2007352852
2016201538
2016204759
2020341540
2023202373
2015411154
2024233743
2020299384
2021101336
2007222991
2015287252
2022202436
2018355889
2024201635
2011307523
2023374847
2025275151
2023328885
2021200993
2025201196
2007224160
2019274735
2022218592
2018205845
2017271545
2009251112
2011274249
2018326397
2001234622
2011359371
2014251292
2021105079
2017100608
2023355052
2021203232
2011340661
2022433364
2021280233
2012261715
2023256621
2024204232
2019250928
2010249319
2023365228
2007357796
2023202210
2021269388
2018319446
2022203752
2017271607
2011259445
2018417124
2024213107
2015218469
2010210404
2008302071
2019223705
2021101763
2011200129
2019239672
2024223984
2017216324
2016100155
2006256054
2004218720
2008316617
2023404822
2017225115
2021301699
2023258574
2016202184
2024263769
2021238794
2011244901
2014268158
2016201911
2000063322
2020296852
2024262114
2014202250
2022253360
2020294893
2017275392
2021201661
2018345686
2023377454
2008308876
2013245870
2024201932
2018200340
1998055984
2022271393
2004292679
2024275219
2013260694
2018202742
2021107392
2005315448
2025200416
2013368870
2024293507
2012298908
2024316702
2022417378
2003277346
2012275151
2016416776
2020267632
2023261381
2016341312
2005213327
2018304201
2020293557
2019243836
2013205576
2004279170
2018202142
2024305090
2013289943
2023416114
2022358503
2020200451
2022263451
2010335392
2018226420
2023401105
2019250212
2024216292
2014342235
2022271493
2001043103
2024216523
2012221588
2015301222
2017395532
2012217606
2003300818
2021221755
2010306993
2007321656
2020376229
2012377477
2014399228
2015200216
2015316320
2025202522
2015261573
2024200960
2007325096
2021297880
2020329777
2023305836
2021349420
2023238025
2010251852
2019203465
2014414008
2009279430
2018204598
2020201272
2004202863
2006341476
2019478487
2011332443
2021102301
2023388728
2020202994
2015213286
2005202901
2005248926
2023420138
2012100755
2006302908
2019429344
2018306524
2016201979
2021100280
2018286469
2017359915
2014202891
2004305844
2019267982
2004324094
2020281838
2016429066
2022305545
2008100084
2020267365
2020281022
2021438351
2019310228
2020282922
2012376544
2021107378
2018102034
2014305693
2022240944
2011300248
2016248018
2017265135
2017276251
2023274157
2019200084
2021341897
2020394626
2017415762
2014374236
2024238379
2025201578
2019215319
2022204353
2023324694
2010241435
2021385065
2013254214
2019204956
2016100921
2005319281
2024304832
2020104188
2009200407
2009297514
2012271797
2003225510
2019473469
2024227538
2012326376
2024263291
2024259642
2016210747
2023266575
2008356223
2008244493
2020226219
2001100428
2016404863
2024342567
2006242378
2004288307
2016364736
2006319060
2013209341
1999026354
2006334503
2011282276
2016265973
2010253536
2021334365
2013338291
2016384284
2019410266
2019250123
2011383092
2017414430
2016256690
2012326872
2006214572
2021273630
2012201487
2015296304
2015277337
2019346615
2011291790
2020468136
2016202888
2011333090
2023210621
2018309560
2023204695
2009251572
2021106825
2015371760
2019204437
2011290808
2020420655
2002308474
2019266800
2008302144
2024294714
2023237121
2009100530
2018321760
2022346828
2012259262
2023426434
2006228047
2021236529
2021102987
2009251571
2018203365
2020200642
2023393260
2018296666
2024205637
2017435222
2012202740
2013100265
2011240239
2021313127
2000077031
2021100342
2020239692
2007342468
2022266523
2009335975
2018206737
2016325251
2008259834
2005249142
1999024753
2004218694
2000047843
2017347589
2021105753
2018241053
2019275660
2000043777
2016327918
2019205611
2012258388
2020200650
2026203340
2020244454
2022410620
2019423298
2007100595
2014340220
2024253094
2023200627
2016203129
2020210852
2014414439
2013206800
2005222978
2025202060
2020277559
2020239796
2000030937
2019267724
2012332567
2025226832
2023204333
2022432152
2015202409
2006100119
2004227958
2024200017
2014203340
2005280663
2014347797
2020220479
2011241885
2021240063
2007203200
2004240456
2014206651
2018225503
2025202506
2018260194
2019213364
2024236117
2021204761
2011289180
2015267390
2000016156
2013354973
2023201169
2021202126
1998094034
2018236784
2019206042
2018234937
2016201247
2019202837
2014208278
2010343200
2023234613
2017358691
2001242176
2016405656
2023202485
2003299426
2016357105
2012334802
2026203417
2019206094
2017228216
2010299670
2023248698
2021320641
2012212249
2023266309
2001249274
2011100218
2018290995
2016235071
2024244557
2023234670
2012347817
2017425815
2020213385
2010366331
2014101296
2007238780
2018100172
2004274498
2019303765
2023336028
2016398068
2005246976
2003238000
2025201763
2023202732
2018267680
2012321081
2022339791
2021240284
2021455532
2025201232
2019335839
2013200172
2017387185
2024216521
2015266871
2003253636
2017200156
2009305745
2019323842
2016206259
2020104270
2021301647
2014406544
2019241116
2018200964
2008309313
2018310477
2010295890
2010286626
2018215471
2011245898
2015250843
2009233631
2022204147
2016261488
2007233560
2018267537
2017383104
2022323006
2025204415
2022257125
2018203589
2011201196
2014202816
2014100380
2022473555
2023275584
2018401507
2019246798
2007206964
2003203755
2008261680
2005277538
2016307332
2016277461
2021309929
2013207804
2020323158
2021363139
2021106321
2011379006
2020387317
2015265625
2014201994
2020401028
2014274397
2012200897
2016349941
2020360899
2006211127
2019239340
2015346038
2020263199
2021291140
2013344519
2022421282
2004200602
2020218326
2012331963
2021105665
2021382923
2024200272
2011294043
2021102183
2025271460
2002305504
2021201867
2017208959
2021263637
2010241515
2008201680
2022202044
2024219340
2017202984
2023201787
2019382639
2024275261
2025271081
2023220527
2011291640
2005200166
2017372589
2021393818
2016272733
2021101258
2014218501
2014290595
2023207688
2024234293
2024200767
2023397589
2017203580
2020251783
2000034167
2010295510
2019343226
2014311977
2012268068
2020283880
2021221843
2020378123
2020336308
2021420388
2024201152
2008262341
2019240763
2006213557
2005201572
2021215115
2021416740
2025210783
2017381404
2012202906
2022460731
2018347465
2024299268
2022202027
2012277130
2001238243
2008362603
2023264195
2021379051
2005325748
2015272007
2022201892
2011200911
2016254322
2013346656
2003200983
2010302368
2011311303
2019101742
2010290006
2024344474
2025203696
2014287580
2019308792
2012100963
2008218571
2000038823
2011308202
2001275126
2005234051
2021387755
2024258318
2019201237
2007324694
2025201043
2016201699
2021106757
2010297160
2015225397
2003297223
2024253466
2012244087
2013291759
2017352260
2025203912
2019351346
2015282748
2019213047
2017320736
2021100684
2006346021
2015350087
2021395126
2013317764
2013205210
2003277399
2001014505
2026204561
2017202881
2023306965
2020203021
2023248099
1999022307
2007254667
2023374228
2007205227
2016219479
2018212610
2010317579
2004248607
2017331116
2015374507
2016216633
2009293136
2016101422
2015297281
2015246158
2018274424
2020100285
2024342193
2016412997
2011239616
2013375529
2020342923
2023387355
2013249969
2018360314
2004213998
2024226775
2011345369
2018303017
2003201165
2013237093
2004300705
2006100383
2022291666
2011202446
2024257530
2018101521
2019357824
2012366197
2016100314
2007313442
2012211357
2007215136
2024207414
2015405062
2000043169
2018341190
2017216447
2021254644
2010285492
2022286984
2011232306
2018219871
2013348398
2012295039
2020275559
2024227716
2005257770
2025206427
2020271014
2019201308
2014227484
2026204484
2017383108
2012227239
2000043554
2022214943
2015213325
2021371453
2017202474
2021420664
2009294780
2005316870
2017201595
2019286133
2022212123
2025204056
2004250885
2020417994
2009225065
2022421026
2009305760
2020100457
2013202863
2016310417
2013324246
2016304612
2006220770
2018200319
2011311109
2021286275
2011295368
2012202909
2019200111
2020200693
2004233512
2019366869
2025287393
2021204616
2019324525
2010282519
2016245323
2017343990
2014221215
2017399007
2000061270
2024229324
2021102882
2024204709
2010336515
1999060412
2015343949
2022280886
2020200758
2009347929
2017232241
2022100064
2021477534
2018263113
2017213436
2018204377
2019201853
2009210594
2006283616
2004213215
2017100438
2021105532
2021345448
2012272874
2016418336
2001252946
2024340324
2014350651
2020299019
2023283707
2025230712
2017328847
2019202011
2022234271
2024253804
2024205534
2015252015
2018266377
2022201568
2023270204
2021101760
2013209270
2021229456
2002336282
2024273970
2022246430
2022262325
2019214956
2011318456
2018200357
2021203890
2014312359
2008285343
2018101314
2019226175
2005288752
2020317375
2020347150
2021338376
2009325912
2016387451
1999013684
2013266233
2019345162
2015213311
2024301643
2021106577
2018444642
2003248308
2010201962
2009325377
2007243074
2011266830
2026201941
2008205597
2023228630
2018336995
2006268487
2019372678
2016401750
2016100074
2020282943
2024273059
2010242668
2005311827
2004297040
2011326804
2017208193
2012378293
2017203534
2013211927
2006292042
2023202895
2007216597
2017207930
2017427357
2009200742
2008318792
2014262897
2014235447
2002220353
2009332958
2016324353
2018101526
2003204264
2014355122
2015275290
2024211001
2009299544
2020261691
2021221856
2023226662
2010201948
2021204788
2023260828
2014205149
2006210430
2009100400
2020472959
2026202522
2016335532
2005226942
2011205191
2014210651
2026200077
2012285803
2022253213
2009223616
2024407237
2017416079
2019242247
2021201163
2023313524
2005208888
2015203847
2005273610
2023459118
2021425047
2020425747
2009229119
2025201497
2016243746
2008298725
2014322123
2007202050
2023323860
2025200125
2013334917
2024227034
2022204587
2013321782
2019277871
2016210695
2018393399
2023237037
2023219979
2017343623
2008331300
2022241621
2008249178
2023450337
2025208528
2003246931
2004262059
2021302317
2013405589
2017300950
2019261597
2019457337
2014271232
2017100394
2023466408
2019252114
2019215141
2021263591
2001294634
2022209211
2011289318
2005100354
2011381553
2022235590
2013304366
2017202745
2007325237
2013201003
2023285707
2011211350
2018206592
2022390057
2022241595
2014100524
2003222128
2008265970
2015247503
2021102825
2012202352
2003278906
2022457138
2013257522
2004296461
2010202038
2006213838
2014203742
2003213838
2023390409
2022390181
2023202611
2001015753
2021218187
2012100323
2018203197
2022297521
2017222708
1999058400
2015403482
2019272880
2012203809
2014200887
2005332017
2019211004
2009287226
2021221864
2000012837
2023421347
2024219944
2020201448
2019227886
2024330916
2020295272
2005301418
2003280225
2020209288
2003291816
2011215721
2008276398
2008299576
2025238140
2019210619
2018322503
2010227108
2022396031
2020211387
2009351013
2007293383
2002333711
2018351679
2016214286
2012217621
2008318143
2014287443
2012383493
2014225896
2014253517
2013252717
2005253425
2008241406
2019261998
2025263843
2017405463
2019101121
2019201221
2012290042
2011100114
2015298962
2016430259
2017354782
2016291555
2006220250
2012211372
2014374304
2015261578
2007292910
2022469913
2020418382
2017259171
2016280644
2000059543
2018205895
2000264152
2012266033
2025200505
2016299036
2001036233
2015249145
2025202746
2021470708
2012227342
2006304933
2010260197
2010201577
2026200024
2016256720
2008243017
2024201784
2010344879
2014244523
2023369196
2019362683
2016247689
2011333519
2006237508
2008205061
2018354175
2022202647
2023200746
2021321730
2017412545
2014268157
2017217829
2002368159
2013203947
2009298559
2007203579
2017232131
2024267765
2024205728
2009241407
2010228130
2014306813
2015296114
2023235297
2017100025
2017270117
2015207570
2017397390
2003243104
2022204474
2022275474
2016393740
2021103255
2013281175
2010279034
2018283592
2015385798
2018301161
2019237892
2014403143
2011320948
2012283826
2001019701
2013204229
2001283555
2015267319
2018204039
2024375438
2020237108
2010283565
2013361342
2022224736
2019204800
2021442100
2022470696
2015284970
2023204608
2009200120
2009223396
2021101018
2024216281
2022305651
2016253623
2006235124
2021373487
2012375224
2000020853
2009204276
2021302551
2003206007
2019394810
2024399918
2004242961
2019238615
2004227133
2016298481
2020354476
2023219958
2014269197
2016210772
2017202621
2015247838
2007275515
2025256128
2005273609
2004284368
2025201203
2024227458
2020364234
2023342724
2013359597
2018275002
2021338761
2002333087
2004203466
2010100086
2006270355
2013212696
2000010255
2004306226
2014256418
2020203483
2018216823
2016204555
2015101805
2021200709
2008259432
2017405271
2021104527
2015253817
2023386203
2003300011
2016341862
2019293862
2020386867
2012211425
2020202714
2020351811
2014100224
2004282865
2017101401
2020268160
2015331028
2014229302
2013202040
2017336309
2021352452
2018239451
2012303085
2022325908
2015100712
2012302066
2017340761
2024332984
2023217324
2018402162
2015210565
2023285975
2015101933
1999010579
2021289635
2024221664
2021215207
2021206431
2004245115
2017213582
2019202223
2015383894
2021308950
2023273662
2021479967
2009233606
2020286250
2013334809
2015312344
2005276273
2011253537
2010230205
2014255459
2021200095
2013262813
2012324813
2013100049
2022201078
2019344978
2013318245
2018277268
2017258822
2005214348
2016406379
2008338278
2013385753
2008203525
2016206397
2008202983
2021290959
2006241299
2012354454
2000013514
2024226284
2017302541
2018455892
2017316520
2020468483
2005299838
2020103784
2015283858
2023266209
2020364083
2024204044
2008261403
2011201987
2020389020
2003204351
2008249181
2003213923
2017377972
2014381325
2019100362
2024278382
2021205031
2026202458
2024266928
2022254772
2024397960
2012101210
2018345741
2002253678
2019248635
2019424684
2024387089
2017203687
2014100094
2025263867
2013204725
2018204542
2023285892
2009212482
2024259790
2010249158
2018101013
2021336432
2015368047
2004200349
2018224614
2011296512
2008264228
2020213574
2024205566
2020322242
2018102253
2003236034
2009267467
2011223674
2023203107
2017437864
2023282270
2019222462
2023471098
2021104783
2019251998
2015284629
2014396234
2006216920
2019326915
2024287240
2022292704
2012208987
2005200136
2010286330
2018244316
2002350197
2023273298
2008243406
2015202497
2017245447
2024384323
2023326913
2015264391
2016206258
2008236148
2021107642
2002302024
2012330496
2001020514
2021230583
2009200687
2006283905
2019203852
2019207706
2022283677
2006233006
2017355375
2022421756
2011101102
2025200948
2011202653
2011241284
2024205279
2016101433
2014226135
2020403242
2022263483
2009268964
2010327599
2004280119
2010328407
2024378983
2020207838
2008217539
2016100977
2020336115
2010236053
2000274569
2012365940
2007293764
2024278405
2025267509
2018454465
2021213927
2004255445
2020388978
2004254157
2012244333
2016380302
2019264534
2020203106
2016259280
2023205774
2020202490
2015100299
2023227204
2022481799
2017429195
2014286944
2007229404
2019471214
2020281379
2024334249
2005284103
2017431845
2013242852
2015203574
2014311308
2016256681
2015263953
2004248501
2014413271
2016250656
2012262160
2016228027
2019269661
2014218706
2004310098
2020233711
2020237590
2026200058
2017379635
2018403272
2007200114
2015203601
2023266473
2014101246
2016432554
2026201940
2014246687
2023278054
2022324400
2021307015
2006222761
2016218092
2019291441
2017213664
2017443100
2020103011
2012218239
2011204867
2016253588
2018260941
2021369443
2006205655
2024202842
2025204661
2011352057
2020204002
2014201180
2021248280
2023338806
2014277782
2021103154
2022353768
2010328471
2013262423
2011203267
2016203195
2000072241
2020104298
2021410048
2012323150
2013288720
2020335007
2017261419
2007224297
2017290573
2011369809
2020241040
2009250999
2012392555
2003210490
2017201122
2014259561
2016358299
2024264053
2021226688
2018437469
2004308386
2020207614
2003263807
2003217847
2021291731
2025242158
2024415754
2020256115
2023202988
2009213096
2024253986
2008267750
2003218079
1999062212
2008242623
2008303007
2023201393
2011289232
2024274321
2004296458
2019339511
2001279222
2021211931
2021418030
2019284112
2012332270
2019307437
2009210660
2020204938
2026201927
1999061038
2021269955
2015285344
2013361528
2015265617
2016100867
2023263556
2016369273
2021270057
2001296665
2022202552
2024203900
2019297475
2012202280
2005320347
2020274164
2007299846
2013249172
2021204607
2012261701
2015399462
2017277437
2012338422
2023205562
2025259942
2014231590
2019265300
2023320911
2023201774
2017361990
2012235719
2014413360
2011296368
2010202769
2022203236
2022444592
2010262617
2008292181
1999025624
2015201634
2015224382
2010336217
2023274190
2019208246
2022380484
2019454278
2015297068
2019303720
2023233152
2004232182
2017201799
2020203224
2024222212
2021104586
2019275727
2018327936
2011218782
2010273144
2012347883
2017277929
2014400646
2018311700
2025217308
2011100338
2005337489
2005237146
2012231363
2019201346
2009291915
2014339740
2022235571
2020239810
2003254703
2007253450
2021100385
2020354942
2020234574
2025283570
2023206208
2019238800
2024202701
2017204573
2018102043
2024205044
2011202413
2007101151
2019222715
2019280058
2019203045
2019267977
2012230013
2014262251
2018203703
2010227015
2012355639
2018305632
2008260584
2005332284
2013261853
2006235795
2025279805
2022324567
2021100494
2024372141
2024203255
2005273128
2017272325
2016267982
1999051176
2001273030
2023382156
2008243155
2010200603
2022337484
2017210636
2004279164
2016412717
2010295547
2005303808
2008101289
2012214998
2005319411
2008321223
2019200559
2022484369
2009276851
2023457149
2010208547
2014100037
2007202631
2019367992
2010306903
2016254056
2002356654
2020104213
2021369215
2005251365
2012296936
2007211927
2006292540
2007272434
2014268283
2013272943
2022384663
2019321640
2018223313
2023206163
2019200749
2023297915
2012339426
2018101523
2004257171
2008331941
2020260515
2018102035
2020399936
2012275038
2015224395
2007305370
2023461945
2016283402
2004273429
2004275804
2000027849
2017315466
2017439969
2018321467
2021100603
2019269725
2019229449
2008100075
2013201014
2023425071
2020289803
2023200392
2013302786
2024213898
2016334381
2018219696
2007302051
2023272512
2019419322
2002318314
2020204908
2022299436
2023224853
1999016270
2014225799
2003289426
2013271432
2021221669
2022283743
2022281268
2022428781
2022429313
2005239818
2015240467
2012244220
2015210877
2017433231
2015322645
2023458797
2003201662
2008296071
2020281117
2021202823
2007247009
2004203483
2012292957
2013200053
2019349221
2017403852
2010346692
2018414653
2014326358
2018410566
2017425809
2001015280
2022205251
2006100693
2020355405
2022200547
2013311582
2025263802
2022235563
2018290758
2003291200
2021232694
2019301838
2024252357
2013397052
2013203623
2008218716
2011203079
2021103964
2024216522
2021100919
2020251753
2019303683
2013295838
2018423417
2012239847
2023204301
2023205258
2003243837
2017358533
2012378288
2016225910
2019283842
2021101613
2022416387
2018447232
2026202166
2017221778
2005334092
2004306892
2021215986
2016365240
2020208125
2024259720
2012201384
2021273568
2004308756
2022260655
2023445053
2015230980
2019200106
2017321533
2013234705
2019229174
2021105162
2015307020
2017317878
2000053596
2020223645
2021100742
2014203501
2015384779
2004202846
2010301898
2015362561
2019203755
2002315475
2014205475
2016225780
2004206590
2023292779
2022315175
2021201660
2002219892
1999024493
2020201252
2019253883
2015356837
2009303298
2024252845
2022359405
2015325116
2017366813
2020102972
2013292583
2003222680
2021286199
2013273832
2016262685
2026203212
2004304284
2000026103
2016211254
2005234023
2006246352
2007292516
2008244495
2016200289
2023424338
2026202012
2023203280
2016409886
2014215034
2024200550
2007312253
2014302613
2016100608
2001268137
2020346686
2006277025
2015100910
2024203651
2004213997
2017210502
2023201776
2012244830
2000050054
2023204178
2020308316
2016201348
2014297628
1999051458
2000047253
2020102098
2022224103
2007201974
2005228691
2012344739
2021273661
2023204156
2000049998
2019375136
2017320476
2016225855
2019356584
2019200874
2026201437
2009321475
2012203410
2015200905
2010200506
2016208396
2011282758
2014100183
2020255012
2016202141
2005225144
2014209022
2021277142
2010277788
2013200887
2007262797
2022485995
2022421672
2020268718
2013399084
2013325234
2019370286
2020234561
2024299578
2022203784
2022201655
2015217738
2018448175
2016219369
2022291481
2020204132
2024321319
2015229170
2020226393
2011318993
2017290063
1999038176
2023365551
2016321400
2022230620
2021202173
2021232678
2018312696
2011236109
2016254739
2017261802
2008318397
2021285520
2022307542
2004100617
2001010057
2021437956
2012240570
2018101273
2012394979
2006225662
2016204005
2009350015
2010297988
2024344156
2019240563
1999060362
2021107564
2022341130
2003244692
2020200345
2018102039
2020318950
2001293254
2008249232
2010352071
2006225986
2021386369
2014100916
2020354648
2018232918
2013364674
2013337699
2019210607
2018101276
2020219372
2011224955
2012265140
2020203489
2023299130
2019210601
2010224460
2017245170
2023247499
2023227622
2022204734
2016247087
2012201439
2016227079
2020103732
2019394853
2024251883
2021312111
1999021167
2010282211
2010203924
2012202493
2019333919
2023278120
2021107252
2018388898
2000052416
2017412467
2011352082
2024204025
2016389093
2019208552
2016223160
2019296512
2021373171
2020266614
2023285948
2005236075
2019272041
2006282934
2014100745
2021270888
2023272579
2024200788
2018427119
2018318925
2005221092
2015218380
2022235512
2024205001
2014270975
2014290137
2016373020
2012202846
2016101438
2020208515
2014334792
2014318758
2022297798
2005211089
2016347047
2003204006
2021377685
2020375440
2016201791
2016250260
2001233580
2021236866
2007275785
2021307783
2023201689
2024212734
2019285617
2013301581
2016391189
2008259976
2008348343
2015281646
2020103880
2020239623
2019320771
2015315064
2015270638
2019349684
2016425227
2004200410
2022279523
2017328040
2023442130
2005279737
2023354146
2018200231
2013345301
2006315835
2006246496
2025203685
2021237204
2014202095
2022439641
2017228637
2016244309
2011282835
2023206083
2021101614
2016204417
2020265942
2015252990
2010201422
2003304075
2019389175
2004289867
2007207653
2018219961
2021345361
2013334157
2021200038
2024204123
2020239760
2012349701
2014340234
2019219744
2005255403
2004297950
2016361460
2023323328
2013329319
2014301422
2016210882
2019300862
2018203623
2000030938
2004298240
2018290417
2018303561
2022272956
2023296954
2019100280
2023436610
2013327373
2014237083
2012316484
2005263685
2022400963
2007339916
2014357488
2014266872
1999045932
2021100058
2017433346
2005222430
2009246432
2004266764
2010210771
2018314798
2022340842
2017204178
2012260475
2023202492
2020102556
2013219914
2021200291
2015292490
2025201975
2017299435
2019384167
2018384112
2020299137
2014394452
2021100365
2016100441
2024278419
2020203905
2014409485
2015409263
2020316528
1999052165
2015219106
2015400156
2018355497
2014346655
2022443462
2015213409
2008344132
2005232137
2016265408
2019264697
2018309644
2020345621
2009250993
2021222844
2014285646
2013201478
2022385574
2003202703
2008258849
2017411592
2015315223
2010201718
2017202010
2022322856
2019246292
2008264232
2024262296
2016206313
2003236611
2016376483
2006285538
2022491154
2019239786
2013200162
2012318730
2016322817
2018249920
2021435212
2003209433
2018367362
2020414291
2011236802
2023331902
2009279767
2023201547
2019306148
2025202061
2024257343
2011209906
2011355781
2021204068
2003215289
2017100066
2011224147
2015201513
2002228369
2022204086
2024292914
2025259936
2018280094
2015201490
2011201763
2019296183
2018252665
2000062794
2022215252
2021254670
2020220383
2019461734
2021105543
2020299301
2019403054
2024227482
2001063620
2025204248
2016273913
2022249044
2001265030
2016201028
2024286860
2014312201
2019200496
2001289299
2025200771
2008329888
2018383797
2022264758
2004260036
2022374188
2021210471
2024269449
2010234204
2015313965
2004237681
2010202381
2018208771
2016307326
2019405940
2016432286
2004213218
1999064157
2020200989
2021221786
2021106780
2020279107
2023358945
2015218697
2015411026
2015242493
2024395163
2018100715
2002323070
2023295552
2021103718
2007342196
2022421423
2007202250
2002355100
2003200424
2008243213
2000026841
2007220299
2004242512
2024303991
2021460811
2020204288
2021100738
2017376121
2022202530
2012309094
2020468291
2025202095
2009281883
2002229616
2021251266
2012222109
2013296135
2005272283
2012337249
2019272129
2018373210
2015216640
2007321889
2018386559
2018429016
2005100358
2017417952
2012232992
2021234084
2005269159
2010332157
2021203068
2000080235
2013205738
2024396242
2013203923
2021308733
2009247992
2021311033
2021446673
2018101505
2022275388
2024247501
2025256122
2010337133
2007362967
2000062463
2016261915
2011264311
2015200366
2020240007
2015407200
2023222822
2022381055
2010208316
2009227268
2020202339
2021299309
2021274490
2018338767
2012329671
2019342837
2006200285
2016269513
2024266697
2012359766
2023248100
2016276942
2023200602
2022442240
2014235296
2025275184
2008100565
2012201317
2005290973
2021204621
2025203568
2015343561
2022442099
2006206974
2011274219
2023307889
2008229816
2014293451
2026202772
2017286771
2025283666
2023281637
2012261656
2012316111
2018203319
2014210664
2020202574
2019279102
2002338339
2020221172
2000070109
2023241308
2004271685
2024200109
2010202555
2003303767
2012221587
2013290079
2018361284
2022207090
2018278995
2020331564
2004258529
2013359435
2011221405
2018314622
2021440146
2023295918
2020253043
2017208465
2023257644
2010215268
2007338938
2010300767
2018273895
2019357615
2012352151
2023200823
2017258881
2012299409
2021329841
2018261253
2022268619
2022359253
2017274570
2005211563
2015249179
2000050813
2020459346
2022271494
2018209917
2013395426
2010301029
1999029664
2022411259
2020102437
2013313111
2009202579
2017286475
2002242031
2018271419
2006202614
2011238430
2002220534
2004285321
2003247759
2012359080
2015311052
2020103580
2001024627
2006309026
2013344087
2015101919
2017230842
2005207968
2008321288
2016254955
2012382947
2014254276
2026200838
2016200669
2009227553
2014201447
2010270225
2021418118
2010212491
2003284974
2022236390
2004212614
2019228079
2016358316
2012200032
2016277652
2011330133
2006247688
2018380299
2012101341
2016365229
2020217400
2023302723
2024203304
2016253034
2023388792
2023414780
2013263463
2013398384
2014241787
2018340857
2017100905
2008252765
2020445940
2010101508
2004209846
2013308384
2020389036
2013201080
2020100816
2005229875
2010101427
2020261022
2018413694
2019474941
2011100465
2024220107
2018102042
2011348121
2013202243
2015249206
2003261199
2014290505
2018442552
2015362076
2020202973
2014203384
2007299571
2024203901
2020295978
2014305676
2012246698
2017391807
2011295868
2011318506
2008318844
2015264921
2020434019
2024377543
2013307612
2017238515
2014278526
2021258812
2019264523
2007299321
2019204043
2023255056
2007243143
2002242265
2008279219
2024204059
2022200183
2020386373
2021411767
2023202186
2024207494
2013405143
2020396889
2014260540
1998087946
2021100946
2020101549
2005242213
2002257249
2013354727
2016211697
2018414649
2008222724
2012262644
2001018436
2017439697
2019268359
2020201409
2007249064
2013216785
2013100952
2004219544
2010324843
2015101668
2018349050
2008216874
2001029861
2021424908
2013282051
2018452738
2010246895
2021202142
2005307991
2011228702
2013201232
2017275393
2011241273
2022271416
2018402023
2014232307
2014241859
2023250983
2021102957
2016340979
2000067503
2012334333
2010257227
2022356775
2016256675
2021429371
2019271503
2019226091
2011214895
2017203166
2010347004
2017279584
2024278441
2002308025
2004307374
2010318858
2017273702
2019362770
2019381145
2020103097
2013259391
2007353816
2014347258
2003230843
2021214117
2021107514
2020103224
2026201241
2020352900
2022291564
2022399986
2011257210
2016327573
2010101481
2016305473
2023219822
2017202282
2009239018
2024336986
2002331235
2018390648
2020248982
2002254149
2023205955
2002215120
2016259446
2020241106
2021480811
2013237062
2007221816
2019343654
2021105481
2017201458
2020213924
2012319335
2024201161
2018311699
2023204181
2021450619
2009238677
2021231574
2021268448
2009310932
2020279106
2018211213
2021101516
2020397955
2001035422
2020201776
2015268603
2017314759
2012335750
2023334598
2010202727
2024351206
2019337668
2011379369
2023414357
2021203446
2011276229
2015238791
2020397131
2024395984
2015358483
2015264604
2022247599
2008363225
2014201655
2019100723
2010246208
2015232048
2019101610
2021107043
2004310323
2013323928
2013300320
2005214911
2022455648
2019214612
2023200560
2022274152
2022321528
2013332631
2026203638
2014208226
2013330387
2025208552
2018275668
2016200562
2012203160
2022255315
2018101851
2026204045
2023358099
2013317822
2025202756
2023215134
2025223779
2006251656
2009202919
2011207859
2017434337
2013389649
2011336953
2005265122
2010200482
2017225118
2007254461
2008289293
2023363891
2014238181
2017261994
2016266000
2010329814
2015327897
2020408301
2019201816
2013217608
2023358828
2022271427
2018430381
2022275748
2020414467
2017225016
2021203898
2010311357
2020298425
2020415281
2002308983
2014284570
2020256776
2004304269
2014350545
2004293763
2021240285
2011239748
2011244955
2005267103
2020351524
2023377086
2005290919
1999018752
2009329280
2014334535
2003214926
2010249155
2024260382
2013333213
2015316165
2022295477
2020275902
2014364889
2015100247
2006317688
2011200702
2003279887
2005218900
2019208223
2022253363
2017351055
2023264731
2022397404
2015385634
2023264873
2024200418
2011290144
2021266355
2025202248
2011289500
2022201460
2010309898
2012385968
2017425543
2018302103
2013244010
2017277417
2018328227
2014373838
2004239647
2014200568
1999064801
2006203242
2018260878
2012295043
2023260836
2010337071
2009209844
2020214638
2019236635
2019206672
2023262151
2021104026
2007202680
2022374796
2022215320
2009204512
2020352903
1999063768
2018355917
2011358544
2003304026
2012291475
2023394126
2020411009
2022236757
2004317776
2022479527
2024231347
2010100162
2025202149
2013318140
2025200691
2001013694
2013219844
2017405380
2012374019
2014348303
2021340791
2021200621
2021104453
2012244062
2021449966
2018313701
2014201800
2016225552
2011200795
2011340491
2021275547
2022331841
2013212013
2020100412
2016238336
2017270932
2017272246
2021102050
2005285511
2004279192
2007216810
2000034036
2006203126
2009262110
2020352914
2023219851
2023468880
2019100999
2020434239
2017236806
2011249011
2018217241
2004280512
2019314353
2006333371
2010298650
2014293700
2018374564
2005275788
2021104758
2018377863
2008332708
2000052314
2017355639
2020201904
2022293063
2022249075
2021397790
2022286253
2020210162
2023223479
2007210026
2016394453
2021376720
2015314139
2016200903
2018250358
2003257341
2015301920
2005270677
2021103517
2020219093
2023237112
2018221814
2023233631
2020224256
2021399702
2005286902
2025259884
2022413419
2007300233
2020321169
2024324723
2005297120
2012227328
2015200369
2022256222
2023229266
2019345251
2016244204
2020104402
2015304955
2004216739
2014226792
2011348061
2018298513
2020302866
2008201287
2021279215
2020244264
2014219562
2006206617
2012239629
2002253260
2013287433
2022432100
2012326873
2024392088
2024387810
2005316250
2013246125
2023394916
2003220233
2023457113
2021246513
2013209989
2006211991
2011272312
2024358341
2002241387
2014323510
2010203126
2023289034
2004307735
2019228483
2016247038
2022375208
2020100665
2015321000
2006217775
2021353062
2017216909
2014362921
2013213921
2020358799
2022281967
2016254907
1998080367
2021246430
2024203107
2012328856
2017388035
2023254967
2005316207
2024200584
2021359474
2020348394
2016265968
2016200045
2020393728
2013273666
2011313407
2011257832
2019202128
1999050793
2006225414
2024204544
2021202837
2014413974
2005205366
2023418202
2007229606
2011382479
2011325178
2003204007
2013306382
2024249551
2009243042
2014289031
2015100611
2018412712
2003226069
2012265610
2011274709
2025202109
2021221469
2015259715
2024278106
2017243973
2014203515
2019217288
2013247390
2007309021
2008200382
2012336026
2017219055
2025205041
2024202406
2024259860
2016311166
2022264615
2019352948
2017281530
2025259927
2004308757
2018274992
2009342312
2023201492
2020281038
2021292460
2020240943
2001245884
2026202951
2020226553
2011349702
2010242666
2020407270
2000018292
2009221628
2007202232
2013254443
2019229343
2015265335
2016316317
2025252657
2004276760
2021261872
2015228589
2011336566
2017367577
2021358482
2024411830
2024256084
2018282344
2010224306
2014216588
2012100803
2010321416
2022264813
2014349140
2018233023
2015201149
2015202807
2015336930
2023311225
2005277507
2010256311
2019200432
2016260749
2012276410
2020217357
2019243976
2021203226
2024244669
2012245483
2000043804
2023442899
2016218036
2011235267
2006336351
2016283020
2021234176
2022294088
2012262538
2020210277
2013304479
2021280311
2021253507
2008328876
2004219836
2019282138
2026200899
2019387079
2015333691
2013231076
2015370135
2022440578
2019478729
1999010279
2003282794
2021107479
2019227079
2020101429
2017200000
2018341772
2010200041
2020101601
2020394396
2010226584
2018415723
2018202686
2017333529
2010265954
2022291997
2023202942
2023202235
2020361082
2018401712
2005257642
2018443268
2001257110
2013257418
2007297676
2016292955
2017409871
2005200048
2015229967
2024201463
2020102036
2012251726
2013331333
2016267097
2021273879
2014350696
2024278799
2009322598
2022413752
2019257644
2017273313
2001011868
2006255732
2017414413
2015332244
2020334638
2015203695
2000072373
2005227129
2018311603
2012397151
2016291849
2012203074
2021257892
2018347339
2020245399
2020378460
2024410574
2026202605
2013359696
2025213707
1999063435
2015391018
2024329759
2020463541
2000039810
2025201095
2014207242
2020349632
2013323956
2008338454
2020336151
2023255026
2005300389
2023200822
2015295989
2020103055
2022323739
2013293647
2002342215
2007308605
2020240317
2009351552
2003211048
2002250104
2011239421
2024227358
2014272286
2015331032
2022326371
2018272840
2009251576
2014101637
2005229722
1998093382
2018260633
2023399925
2023265511
2020200039
2016280650
2025230748
2024369772
2013336672
2018397616
2010360798
2023203632
2020382698
2013286807
2013274626
2010231947
2018374383
2020470228
2018200738
2009208103
2014413658
2009263929
2017243531
2019384801
2020103671
2010285975
2008201143
2017432641
2011202223
2015204355
2010305717
2012205813
2017202612
2022385578
2021100123
2011274680
2020101925
2011295988
2007282168
2024320442
2024201075
2025205442
2001268189
2018288835
2006200688
2019232920
2015210335
2022215002
2019204161
2017261992
2010219752
2020337871
2021413624
2017427022
2020402029
2019209348
2018201553
2011353036
2023308028
2012200667
2013100843
2017263285
2004263121
2023377463
2013237707
2019210321
2020405301
2010347783
2021266313
2011226834
2000039015
2013204953
2004310915
2000079576
2006226450
2005217663
2010217516
2005339252
2014256371
2004278395
2018373209
2019276577
2007283444
2005229692
2022228209
2024354215
2022391675
2016428406
2014280169
2023202344
2010311871
2001036900
2022381754
2021376442
2012241099
2004256545
2005242119
2020409995
2002018032
2000030940
2017444178
2021223146
2022441292
2013327960
2020205335
2022201896
2008247357
2016100440
2012378310
2005315886
2008304180
2023379578
2015258215
2022313924
2020100604
2004201803
2004242217
2020200523
2008101320
2024202416
2021215984
2021102375
2019290680
2001046699
2023200460
2020255008
2015305525
2019254220
2021205821
2014202148
2001238274
2006328011
2021241444
2017218996
2018383743
2019101145
2014203153
2023324867
2018415302
2024201037
2008270802
2014342788
2013207799
2018336556
2004201296
2001018365
2013100179
2015386336
2003245556
2019355141
2016208249
2020337927
2017302345
2020324428
2005260988
2002027456
2025200506
2012208946
2010201396
2019201418
2005218656
2018100584
2001276684
2010296186
2019388607
2014200347
2015369988
2000022432
2016204762
2014354947
2016201530
2008325154
2019419934
2012330892
2014394628
2017334871
2003257498
2005303251
2009305103
2017382703
2000010808
2010205509
2019242012
2019101339
2008251021
2017420719
2011205243
2019371418
2011261584
2023295418
2007221795
2004312213
2009325082
2007210079
2023210584
2019270168
2020200232
2017201010
2019411266
2016211547
2012212325
2026202601
2015101894
2016231463
2020244429
2009269689
2021301180
2021399113
2003253000
2019204988
2021102721
2015221528
2002220101
2010290255
2020297014
2014101495
2012211435
2018204876
2009298411
2020217396
2010326708
2012211489
2024201345
2007284987
2015215981
2023269274
2021337236
2021281863
2006233635
2020240383
2018203528
2020204094
2021230848
2014295972
2014202388
2018436278
2016203419
2012340192
2019213577
2015264614
2016229175
2024371367
2008100729
2007301252
2015101829
2018333813
2012101965
2004285256
2014227595
2003237539
2023381766
2016234909
2021354282
2007250113
2019283831
2010295202
2012331602
2022367616
2019426405
2005303701
2000030881
2007202520
2016100106
2017254926
2010208065
2016348310
2007279394
2006315834
2021209616
2002360911
1998088964
2021343372
2021214471
2018101214
2008282232
2003230422
2004217928
2020301123
2021282269
2021105779
2022279392
2015306067
2013238848
2019207900
2017253938
2021409721
2018241410
2018208142
2004296896
2001265051
2015385199
2002358489
2021251670
2016202515
2018398489
2015355154
2021282537
2020205311
2025248644
2001027195
2007265051
2017439568
2008289212
2013201689
2019200482
2014228330
2008230783
2021221387
2021448792
2019247776
2023387913
2021203034
2009340463
2002215702
2023381837
2021290153
2015247536
2024266927
2003235174
2012312482
2023251928
2020203979
2016273895
2021103148
2005218748
2011296479
2012100445
2014370001
2021201542
2005289767
2008307670
2015395033
2008289174
2020354000
2020230311
2016428424
2016202975
2012206186
2021201755
2015342719
2019216628
2020321531
2007288318
2020201456
1999037342
2022203693
2020227908
2010328635
2012101196
2010245310
2024368730
2022281289
2017254968
2014100477
2016341462
2008229684
2017203110
2014268840
2010290941
2004222927
2018437006
2016225777
2018440474
2009320098
2013251853
2006250020
2006331425
2003204467
2021332019
2021300808
2011222418
2018226482
2025201029
2013243541
2025202560
2014331618
2023204623
2024204570
2015317365
2018412121
2022206052
2023260438
2021450034
2020201574
2016342783
2019257974
2020309092
2023323498
2004246102
2013100767
2009204460
2020101107
2013222046
2022203642
2023234895
2002336780
2016219651
2026204553
2015360927
2022443265
2019374101
2020101257
2021204813
2005227551
2019343426
2016200950
2023370301
1998088023
2020322427
2014290352
2025200391
2024202536
2023213470
2008243894
2020260657
2017445062
2012270387
2021104832
2022417287
2024430604
2020356933
2026200186
2022203875
2001283534
2020224581
2002240229
2024267105
2020278740
2017268514
2018203636
2019210831
2011314250
2021103704
2013297006
2000030397
2019202332
2010291045
2007329622
2018314520
1999038022
2019315114
2003208086
2024200410
2017225150
2023209422
2006209243
2021223970
1999012407
2026202178
2019312152
2020238668
2005337891
2011255568
2003262473
2016206318
2022221447
2016222372
2019382524
2001256992
2020281477
2023289782
2020221388
2005285267
2026203596
2019268470
2002301413
2015202194
2004222717
2025201550
2011232805
2015201616
2002341750
2015200490
2018203813
2012259235
2022245322
2003247346
2008334324
2023259352
2008100690
2020417163
2007288991
2021202141
2008340914
2013352851
2018445217
2011202063
1999020562
2013249703
2012211341
2013263757
2022211352
2021103330
2021480738
2022264021
2009354543
2001238269
2010250536
2020388039
2025204609
2012225162
2006200079
2024317517
2016204773
2001265692
2023205870
2014347029
2013390859
2019201864
2017353987
2021101175
2012345724
2017301078
2023208132
2021312245
2021203680
2005280327
2015268724
2024371732
2007202156
2024398358
2013381337
2007271671
2013394366
2019367148
2017272141
2011307517
2016202079
2003265824
2021449863
2021257725
2014275486
2022386365
2012205443
2012216693
2010290258
2019200152
2010264023
2023274198
2019325356
2025201938
2009223125
2019205878
2008207518
2007354390
2010303058
2023313623
2013273846
2023379127
2018350897
2020277092
2003287318
2020102716
2015253029
2002327439
2003217139
2019249024
2025210853
2020210297
2013266187
2019284210
2021351009
2019370860
2006201105
2023206378
2024324889
2016247078
2008318260
2023200956
2017254365
2023258413
2020367536
2021201179
2023285912
2008228728
2014323640
2022204649
2008322510
2014326377
2008344956
2025204756
2016283066
2018200254
2023221883
2024344391
2021291976
2005213104
2010335257
2011295787
2020368382
2021366253
2007239055
2011247915
2014253536
2022409165
2003248937
2021104118
2018204752
2004217283
2003271318
2019320032
2013201063
2005269784
2020334705
2019204823
2008343068
2025213705
2020245904
2018289521
2021380016
2014249236
2016210769
2023442872
2019101598
2014315246
2001297897
2017226209
2009233592
2024278404
2017405379
2006291347
2000029866
2018344761
2004217456
2010231805
2009238286
2009209231
2020253878
2014101398
2023201203
2019202185
2023251527
2015203796
2010212251
2015265599
2019346562
2015210393
2020264142
2015411331
2003220696
2019392679
2013263746
2021221668
2001011148
2010308373
2016374250
2022200422
2006235349
2024204204
2020266572
2013371379
2023204182
2000016932
2017272247
2016273864
2015337846
2006302549
2010256367
2020392713
2024202666
2022314888
2009250954
2022386790
2020375735
2024202927
2020201609
2025200072
2000075888
2012337347
2020423946
2022235791
2012295133
2024274537
2022286402
2017290723
2019204990
2016218355
1999056166
2015361236
2021207505
2012216739
2018100284
2009302966
2024201900
2020267149
2018409987
2022204142
1999036330
2020103879
2004287128
2020459846
2020102874
2008287803
2012276363
2021362825
2020101422
2021320649
2021231686
2004306396
2022263615
2018408003
2020104111
2011251682
2024200480
2020103541
2022291561
2015358469
2020468806
2024414221
2009260486
2018249375
2013384733
2017427019
2017396514
2016278962
2019342129
2011200159
2023258468
2024374561
2014411891
2021230282
2004313874
2019231797
2014249754
2023263467
2023336969
2015210999
2017100401
2021200027
2004287144
2000062943
2006245467
2001026629
2024237958
2016278951
2011289734
2003202349
2013365623
2011203265
2009237401
2023204232
2023237190
2014229811
2006262987
2024216331
2024211578
2016101244
2023278010
2008246264
2018390414
2021301276
2024267291
2019348010
2018282338
2017349451
2017285036
2022463051
2021459219
2008288900
2025223839
2017101324
2023348662
2015259162
2018203745
2014308068
2012203848
2004305988
2014268476
2019252287
2021367389
2025200460
2010324772
2020294096
2012223657
2016366537
2010282293
2020217306
2016266732
2006206255
2024361768
2017440658
2007200239
2019380380
2015258201
2022274846
2024227350
2000068756
2018206746
2019253886
2023206098
2010200963
2007216666
2006297061
2020104100
2011253897
2022319860
2004203518
2001237990
2018415388
2012216842
2012396233
2022201374
2018239635
2018203216
2012313331
2007217192
2024388686
2013203276
2004279461
1998087591
2018312863
2022249734
2014223561
2004211330
2022244547
2019434295
2021251780
2018249487
2024219553
2016214083
2006300826
2024202991
2001052972
2017333674
2019354653
2011101040
2015201913
2014248225
2007339479
2022209299
2015361810
2017264669
2021266240
2010201386
2015352216
2023225226
2016266023
2025271511
2016231663
2021291586
2018437034
2019473822
2019361315
2021238885
2020380505
2003220374
2004100068
2006327816
2006331305
2016415070
2019204498
2020378435
2011203129
2022243303
2016232974
2014286986
2016101044
2002013562
2020228369
2024247902
2015201476
2016353157
2012282707
2001290587
2004214823
2015200609
2009209693
2010347707
2020218488
2018223427
2012353027
2019454248
2002352764
2005231680
2025210921
2018211289
2020294195
2019356947
2010253894
2011265310
2014317562
2014331287
2002254289
2020204422
2017223236
2015316579
2017268506
2023383698
2015201550
2019314097
2019234381
2024315113
2013225884
2024361342
2025204546
2016399309
2024202376
2020370014
2019264604
2016229847
2023283749
2011353687
2021102047
2021201311
2024414899
2023228967
2006332626
2021438015
2009255752
2003255124
2020257200
2021201441
2000066905
2019436651
2018360737
2004312826
2013287151
2026201071
2011243009
2017297752
2014101304
2004202682
2012282577
2018335590
2014236257
2002314803
2023206147
2022306016
2021204550
2016228186
2018332318
2017317839
2022323499
2012216466
2021100902
2013219176
2018402576
2014296985
2010242811
2022297921
2016208339
2022259794
2019325581
2011262550
2023204667
2020101293
2020102901
2022204264
2009214659
2017407339
2004208427
2023286652
2009271025
2005327078
1999043273
2021280023
2008229676
2022288462
2018202582
1998084825
2000027727
2016306711
2018341239
2023216784
2021106741
2023303840
2009231200
2019441003
2013256369
2002309815
2007254623
2021269599
2018202556
2016210765
2016320401
2015217525
2021102808
2015100448
2006263436
2024201541
2020200279
2019222916
2022381145
2019200927
2022204534
2020282737
2018397313
2018100566
2024347765
2004272201
2010261112
2023378892
2020201577
2011358654
2011240585
2018401320
2016277771
2019362939
2015355076
2005224786
2018345677
2021100240
2008344972
2018374925
2005241836
2016203970
2003209835
2019284146
2008304306
2015392484
2003254809
2021294837
1998084437
2025205495
2023210623
2018247250
2012264610
2020411035
2017381296
2018279783
2023200221
2007314986
2024100032
2005310983
2017268613
2024406563
2017100231
2022294745
2024259478
2019375583
2010310978
2017291843
2016269400
2021297198
2014240093
2007256833
2022217172
2019310586
2017426877
2017282058
2017248434
2020233618
2014240220
2018316511
2021446677
2023258986
2015346555
2018203541
2019203202
2008259989
2021348394
2016393668
2007341952
2006261107
2016382438
2020352589
2025203062
2018441777
2007271719
2005269973
2010288520
2022407175
2024263627
2005322970
2024286151
2006200899
2017201498
2002311504
2015200173
2005333140
2022201262
2007258107
2017386654
2024204246
2017245487
2023225603
2017201673
2023364018
2013317935
2021358768
2002237841
2025271383
2010249243
2017418054
2004319595
2010263705
2019351406
2024329035
2019426202
2012200160
2021261342
2022327115
2018407841
2015368103
2000015852
2002250608
2011219918
2019446476
2017274518
2000036369
2011241482
2014200740
2023445677
2017227195
2019240705
2014348473
2018250389
2023382068
2005202481
2021236516
2001261897
2020101440
2020212023
1999015867
2016265852
2023260431
2014277756
2013203193
2012215865
2022202279
2001025269
2020102926
2021101568
2015222087
2023289659
2017398968
2011296953
2013204773
2005211737
2025226763
2006213609
2024362918
2021201637
2007295170
2014404466
2020201250
2023234600
2020365352
2006220538
2015388623
2010101257
2020337678
2023341725
2013210989
2019320080
2008304051
2007203248
2014265191
2002231145
2013201761
2022310030
2023200741
2024436572
2012342079
2015383110
2006201857
2003298873
2016225778
2016202516
2017390725
2005296017
2016204020
2024266684
2022327619
2012264600
2024205173
2025203316
2018261523
2019250226
2024376764
2020257107
2021269302
2009202483
2013219233
2016204026
1999013526
2014218527
2019201393
2020103816
2021107516
2007288600
2019380955
2016392262
2016211272
2002247376
2004251699
2021106009
2012202458
2006286390
2015202153
2023321661
2023202567
2013280051
2017202835
2009325052
2017316513
2013406174
2012100042
2004279187
2000061413
2017421869
2020203393
2023353009
2024202349
2021200087
2020279221
2005322159
2015336009
2020202972
2017307043
2013375225
2017235275
2022260800
2022483721
2007100161
2021211902
2007266766
2011259939
2000079252
2021201243
2006251068
2020361670
2017228593
2018200879
2016267385
2014209008
2023334871
2005203359
2024219342
2022418530
2022221471
2022436719
2024393997
2003224609
2020200937
2021308328
2018200125
2019401811
2023277729
2015101471
2013203182
2009326201
2020218258
2018304952
2020274610
2006216081
2010207508
2000015110
2020323958
1998086840
2016406142
2014221326
1999041347
2019364421
2016348413
2008229970
2018375959
2008240498
2022209361
2011218351
2009202592
2010208276
2020337943
2013389030
2022347799
2026203391
2018209071
2023286092
2001275161
2016228204
2025279607
2016433510
2020315785
2017443912
2020277020
2009297511
2021100706
2022415717
2007207849
2015200170
2019210659
2016411625
2018413360
2020458433
2013302146
2018100017
2018414521
2025201604
2010350058
2020256387
2016406797
2014253485
2010352586
2017316287
2008347051
2012213637
2021102664
2009221989
2016203175
2014355356
2003287496
2025271335
2017305147
1999012011
2014411738
2017386533
2018200274
2021282439
2020200811
2020277198
2001020519
2023200480
2019377133
2021351215
2014354827
2022330226
2003205250
2022299498
2015339980
2019398040
2018324425
2023206308
2021297658
2015258143
2022256208
2005213169
2022205175
2000041237
2016393669
2008227086
2019204454
2012321096
2002345539
2023202200
2004268324
2009238254
2013251241
2020278519
2017397003
2024373668
2014258048
2018212954
2018277022
2002303886
2023281871
2011200427
2002243956
2018333350
2025202144
2017278674
2018331013
2019319010
2013394858
2012290870
2021233699
2017100379
1999054074
2018216859
2010202082
2025256093
2016102007
2024200965
2012202833
2005328648
2015349054
2024211334
2023420186
2020215312
2004271531
2024357096
2020294454
2010319344
2012362913
2012357732
2012277215
2022204347
2011100312
2014388386
2022312530
2004233475
2015202736
2020203854
2025200566
2015101750
2010247731
2014227509
2019375337
2023431557
2024227337
2015333974
2023337308
2023228872
2017201100
2017374058
2024203122
2012321147
2019246856
2024292957
2009297145
2023300533
2015286550
2013340062
2006206678
2022331027
2013206480
2018451596
2019210605
2021200495
2006248104
2015292985
2015364751
2025220722
2021286916
2023201519
2012344680
2001017987
2014241858
2018207805
2025279660
2007234494
2017412457
2020267541
2022203046
2021207704
2020100059
2013206029
2005332811
2001035218
2004315770
2006252906
2020275447
2023274195
2020202655
2019101127
2022262327
2015203315
2018206818
2020334695
2016293471
2005250325
2016269496
2009202459
2004269410
2017365075
2000011873
2018354557
2023259453
2016265586
2005262785
2017202070
2024204490
2011200254
1999037873
2022434088
2015202512
2020101476
2020417285
2006315629
2015323821
2011247883
2019310636
2003207602
2016284035
2021221652
2003200401
2019247009
2021230133
2019319298
2019201956
2019380342
2020102330
2024205382
2023440030
2023390255
2021210217
2024381649
2015255619
2004101023
2022406948
2024395504
2006263687
2022241991
2021100369
2016429682
2017403663
2015257500
2003260967
2017216531
2018289459
2019101609
2010271021
2020351099
2018299752
2004232262
2023200597
2023305024
2005200568
2008256759
2023288777
2017101946
2018304242
2016101566
2004213220
2020204104
2013258354
2023201336
2021105447
2012315500
2017228450
2018313030
2015201272
2011213143
2011228701
2020333769
2021397401
2020202699
2017391792
2020330507
2003217176
2013100355
2022480084
2019206533
2022479292
2017296388
2023282266
2008202612
2008290482
2021476591
2026203026
2008213966
2008201145
2022341520
2009333461
2015317825
2018101245
2013223800
2018429361
2021339584
2003204083
2015202830
2012311242
2018232948
2018236554
2024204689
2019203471
2018348195
2001063617
2018254414
2020412458
2010254797
2017308902
2017249001
2021244177
2020205015
2023273605
2024371795
2009291708
2013392438
2018202797
2020281166
2020101723
2018237381
2009284938
2023255204
2016262728
2015203099
2012216264
2005304662
2023251651
2018202908
2018421493
2012227190
2014201981
2018264124
2009347207
2025202692
2015415109
2013207909
2019238088
2020104133
2005297094
2021101024
2007238392
2008216994
2021231104
2003257929
2018282246
2011201956
2026203778
2015270607
2021105022
2017427029
2009200873
2025271408
2019467252
2016210596
2005273169
2008321258
2021332246
2020103501
2006247382
2009308372
1999015301
2015200825
2008202338
2020101773
2001240913
2019101157
2022424122
2023369577
2021332078
2014200877
2015271697
2022249218
2018335481
2023345582
2005277463
2019213376
2022413409
2020370160
2024270628
2001251193
2020266940
2021417897
2021106500
2022208371
2021101471
2004298242
2021107324
2013334906
2019263869
2020415292
2013345015
2010241433
2003274330
2013206552
2020104079
2021263694
2018360341
2021212053
2022214554
2023359586
2019393336
2011200737
2021100480
2003293360
2021343196
2023318795
2006245680
2019324654
2006203067
2020429886
2026200950
2016367130
2020233724
2006247747
2022203549
2016264755
2020430353
2000035810
2015326867
2002356825
2013328964
2017248531
2019284109
2025200917
2022399278
2018296984
2020101032
2017100486
2018203560
2026202342
2026201577
2001056801
2012388776
2016311505
2018355217
2023335279
2022291672
2014388753
2006247390
2017350912
2024220099
2005201449
2021292323
2014315423
2016296579
2014268121
2006228944
2025259933
2017251784
2009219287
2024287274
2014244419
2026201596
2005245497
2002258396
2016384627
2001019069
2020224630
2020268145
2022353804
2011337055
2013273853
2018226445
2021221456
2009206686
2024202716
2007308828
2020297534
2008298465
2017353698
2007209869
2020310275
2005222374
2018253582
2021245157
2009220707
2018395427
2018422117
2012301925
2012255037
2006237726
2024266966
2016316975
2010218474
2020204536
2018314823
2022227563
2021104593
2019335843
2024272049
2016219192
2020333760
2021436510
2005318388
2021322785
2024242485
2021106383
2019403400
2013379776
2016209679
2020238582
2021104510
2022204258
2011200050
2000034458
2020388558
2016389440
2012370494
2017268503
2010100399
2019250861
2021256985
2024318556
2012227155
2020228722
2019268184
2020103755
2016273973
2016293601
1999048060
2018253598
1999046659
2001021230
2005238027
2011358172
2019300942
2022315559
2014240213
2023202071
2018443582
2014256381
2005273532
2016210710
2016238969
2007269654
2022220522
2018299782
2013207551
2016230830
2019411267
2019201544
2021271951
2022208500
2014204522
2018405051
2020104067
2016100201
2002358319
2018254190
2009299530
2014381339
2009249068
2013100031
2006231561
2015261726
2018339065
2020277169
2019375731
2017200358
2023344595
2013203293
2020103293
2016393988
2019321258
2023200407
2017307372
2023214211
2015202056
2010312616
2004201383
2018214780
2014286132
2017400606
2015346490
2015321656
2023278004
2013270489
2018406782
2016296473
2006200279
2019390220
2024289899
2016219618
2016407808
2017281507
2009202540
2016278316
2019201217
2020233701
2013208217
2019213334
2020348499
2013376245
2023410991
2022219906
2008229975
2010295293
2012227248
2021320231
2008286988
2013227999
2008311377
1999016808
2003249249
2017254696
2010227277
1998097781
2000056247
2017205241
2021281270
2022264302
2008318903
2014414143
2022290444
2019210233
2012358871
2015230032
2024264128
2013263805
2003273375
2016329025
2017202148
2018365934
2003301389
2011264338
2022412023
2021276239
2017382506
2011216272
2006304057
2002312474
2018258766
2022252784
2010248978
2023206165
2021102312
2020103917
2010334249
2021269916
2011374237
2025200421
2020396956
2018321384
2022279417
2018405906
2022236362
2016391769
2010219309
2013341549
2014203774
2020408801
2013385831
2020407984
2014318053
2000038391
2019219650
2013221580
2013258406
2024246753
2020333663
2014221154
2003202649
2016309004
2013205582
2022322340
2012203285
2019340424
2011200372
2014216339
2017438196
2024401609
2022456053
2025202340
2006306457
2011296956
2019101668
2013353432
2014271237
2017352442
2021102533
2015316939
2018203790
2005239610
2008346632
2020265960
2009334495
2019337666
2008207650
2000053188
2016391066
2009350468
2025252565
2010226889
2020354918
2017203542
2016210673
2012301481
2023366640
2014228160
1999049410
2024219715
2020327367
2021204071
2016203219
2007288429
2020102177
2023375712
2017274657
2012292217
2012339620
2007200156
2014226326
2025200326
2016349581
2012200003
2016359530
2020104488
2020364225
2024227227
2022337018
2024331446
2005285433
2024200177
2022258444
2014100299
2019254003
2020212757
2023361988
2005242771
2010231946
2021270780
2014236646
2018307935
2024205171
2004321459
2017337341
2009308007
2013325379
2023100035
2009240329
2010200478
2003265649
2016278972
2013200201
2020104070
2019203208
2007234620
2025203427
2018366562
2012101672
2019450412
2021209219
2006284544
2021101926
2021286259
2007229531
2016250823
2020477304
2006235413
2018346746
2022286687
2020401535
2003272095
2006332553
2020101725
2010236274
2024246689
2017236009
2019238187
2016247108
2014215960
2021204564
2018204637
2018361590
2018418629
2022210442
2025203329
2017364745
1999047049
2011270746
2017221284
2013285662
2009273706
2007211953
2017202942
2023222943
2020334080
2018236757
2020244394
2013231136
2011380953
2022242012
2019253875
2008255374
2013339559
2014340626
2021251673
2024240376
2020283954
2022367098
2024281481
2007261551
2019291869
2020245713
2009294302
2020231602
2008265939
2018251941
2024204523
2015252525
2007295939
2021103962
2015345210
2013389390
2020386444
2022279886
2013237714
2000059366
2003266067
2007290358
2014284290
2019269671
2025203267
2013200706
2020329305
2001290693
2003228334
2020101086
2020329576
2013200623
2001271086
2011215561
2017222539
2024228532
2013202045
2018375286
2020397031
2017425066
2019380672
1999057615
2022288131
2024272995
2010292973
2015249107
2023203623
2011324478
2005201030
2015271824
2023272559
2018228873
2023204203
2023354390
2007220298
2016262795
2006316337
2024200223
1999052133
2024283130
2011324665
2020222905
2023216831
2018366644
1999020171
2019298887
2024282061
2019301650
2005339795
2008260024
2023467842
2018435332
2022323379
2015334726
2020383880
2020201908
2022209253
2018273348
2018200276
2019100407
2004201343
2008100116
2009339343
2024280313
2020367092
2013376693
2019222520
2021288582
2019200269
2022275390
2023221644
2016202726
2010333484
2021240206
2011326430
2001010044
2018200523
2009221211
2012388775
2021103344
2021100909
2011302710
2013400005
2006272127
2003258278
2013205334
2020222335
2016243972
2024224623
2003278991
2014276932
2010249198
2018231811
2010206960
2013258669
2002312054
2016330207
2023219930
2010224455
2012344463
2019469665
2014208239
2024315994
2022201069
2015221443
2019205451
2021227061
2024381387
2017371859
2022301336
2022255377
2025256121
2021236431
2021236591
2015270330
2026201849
2014402126
1998079281
2024209750
2020231586
2017422091
2017101937
2022291641
2009251161
2015355926
2026201282
2024259829
2014202965
2019203497
2021387793
2013201720
2024204654
2016268437
2023245225
2006200621
2006287872
2024205274
2022244101
2025203125
2008345574
2020103972
1999046851
2022201137
2025226794
2020256448
2020401034
2015222821
2000053514
2011200646
2021264963
2013213721
2012286140
2015201672
2007307013
2009219228
2009209444
2017204897
2006259464
2009295702
2013284425
2023201828
2017354169
2024220212
2017335721
2019296315
1999040425
2005223798
2021364331
2011270283
2002241912
2009267791
2022271365
2005202717
2024248181
2023201850
2024234462
2009294779
2016225878
2016346789
2021104162
2012247048
2017417809
2005319472
2024222145
2021102465
2020354228
2004286110
2010286183
2014201264
2015350919
2023264712
2023315251
2024205184
2018375302
2004306874
2017312539
2019396129
2017266608
2020243574
2002319901
2023467598
2003212893
2008200669
2020231258
2015277418
2012344728
2023266249
2016291089
2024318895
2016202084
2007209811
2009296822
2019440175
2023306105
2005201982
2021291265
2024219402
2014292520
2019332872
2017440897
2025202792
2014343605
2018250978
2007201833
2011100912
2016200373
2023407906
2022201218
2015101189
2015331026
2018267309
2022205038
2003297732
2015253206
2016203793
2017347059
2011202715
2018100874
2007335142
2013239341
2014200534
2016101599
2008349714
2008312198
2020336229
2025283488
2012292180
2019203178
2023200567
2003233316
2006281625
2018101793
2012216689
2018240195
2021106194
2009264457
2001284555
2018262995
2008210412
2015286169
2020476710
2010365400
2018403657
2006200090
2016101997
2013100417
2022200023
2021107535
2021338777
2016226554
2002366196
2004292264
2001259664
2010100225
2026201154
2018410391
2007267133
2021412721
2000072867
2022224849
2005277210
2004322279
2013250182
2005239592
2025204268
2014203440
2001251192
2014213518
2015292700
2015219463
2018238451
2022200667
2013216579
2008229200
2006215727
2021432630
2009267226
2019278835
2019370330
2017216956
2015206631
2014286137
2017315779
2021454223
2022201787
2011219839
2004209276
2015401086
2012394943
2010256525
2022420588
2017210580
2025200800
2019100217
2000022649
2024298516
2014241829
2022280894
2011331974
2016243518
2019217990
2005234534
2005292568
2021365997
2023254883
2014100249
2016425663
2019418792
2019341037
2004301637
2023266316
2003249056
2004258508
2009210188
2007312898
2008276072
2012327241
2008213152
2004244597
2014203141
2019250104
2025205437
2014346992
2020248738
2010101386
2016238968
2023307485
2009101331
2016265131
2011214864
2021410628
2013227334
2014253497
2007312598
2025200772
2021402858
2022345509
2010361584
2000012067
2023417599
2006265815
2009240945
2018258285
2008279217
2020327874
2004274348
2014295951
2009316210
2023200897
2009231660
2017280835
2013202480
2009333362
2018266528
2021200417
2002302292
2014366217
2023417774
2021221774
2003286261
2021216601
2010209627
2017265089
2007211963
2023234374
2006301864
2020359295
2020202345
2017225642
2014226167
2020338317
2022398348
2023417154
2020102287
2020241727
2018405959
2008229885
2022200996
2022239851
2020102837
2015293757
2010282394
2017220028
2019321778
2024204994
2020318816
2005234518
2024272553
2018230738
2017347797
2006231535
2019204160
2024314230
2020200694
2024359348
2013290024
2009247925
2021263673
2002220369
2019401560
2013200851
1999048106
2021100896
2012376489
2021221923
2004227787
2019293863
2017427054
2014311470
2023353008
2012245767
2021235450
2020104255
2011249087
2013275770
2010332069
2004226798
2010202184
2019436652
2003247839
2009210637
2003292800
2024328041
2019206075
2008269152
2024220200
2019236739
2006262046
2019392913
2013260684
2017405774
2011241884
2017100229
2002318367
2023285841
2014241552
2021105190
2010235968
2023250495
2021225163
2019444187
2013209358
2017100444
2024301311
2021100346
2023370512
2011218848
2025200712
2020223649
2024227177
2015256000
2002359684
2004266221
2002356071
2020241905
2011224140
2000039907
2018237346
2022221437
2015201754
2015318064
2013251485
2007305739
2014218801
2004271649
2019217628
2013383424
2024258597
2012203060
2019100163
2008318296
2007242945
2023427990
2015202083
2008242567
2005208092
2021291475
2016219971
2016427098
2011355610
2014208273
2011334851
2007275382
2010257445
2019253708
2012297564
2017216494
2021201078
2006100930
2023379132
2021107232
2015350704
2025230653
2019255217
2012259299
2019232767
2024219774
2013325962
2020233716
2011361945
2021224760
2013219227
2003100727
2022432849
2023347949
2005295580
2014360418
2026200374
2003279762
2021100752
2020309663
2017238075
2019200072
2006343641
2023216645
2007320301
2017268601
2020260025
2023285945
2019320533
2012100122
2021213737
2021276147
2003285084
2019408409
2023253503
2021339814
2022270884
2020200861
2016255334
2010313045
2010273900
2005297017
2018340618
2005313947
2005222281
2003268763
2000062067
2019398116
2010257438
2022200367
2018429746
2025283490
2023214327
2021276733
2025202786
2008213439
2020200260
2019378221
2018204724
2021285887
2005309443
2018200540
2012200053
2019269346
2017200240
2008256528
2015201159
2024407156
2015343095
2020389481
2025205886
2021216612
2024242652
2024220150
2018351405
2008232435
2021292881
2022223981
2023444467
2008247853
2022252810
2022371316
2013367893
2018375376
2021255576
2015101687
2019245096
2010282784
2017303719
2021100772
2017292019
2015279883
1999059872
2013359455
2003231356
2023269897
2021265248
2003285083
2016262259
2019376896
2003200492
2017202569
2020340919
2017248316
2020100166
2024258430
2005204618
2021201607
2014309408
2019420099
2008289837
2013277351
2018267602
2014389539
2013308495
2021205108
2017249974
2015271665
2025208497
2019364883
2011264953
2013368280
2006213188
2013275929
2011201693
2006337044
2004232184
2019227833
2012200540
2002361260
2017277224
2017334468
2023282232
2013269769
2020253611
2011212997
2024329874
2016200808
2012347953
2001034674
2022201692
2022396523
2020101597
2020297232
2024263597
2017336603
2017100096
2009347686
2006212679
2012397833
2017317554
2020382764
2022201863
2010319876
2017405577
2014297918
2021456362
2014202552
2018271308
2012244367
2014210248
2019373471
2009202522
2021201776
2021100081
2011269680
2015203381
2012224486
2002212313
2023214402
2010202382
2022200463
2016228126
2013205418
2023266290
2010257023
2010252589
2024278459
2016277745
2017248431
2022221377
2018449796
2016277593
2017269344
2022326490
2008299022
2016204603
2011320054
2009267486
2021258048
2014336243
2024284266
2005234662
2023210672
2013219082
2021227229
2022260505
2012245184
2024205278
2012326589
2016242900
2021212118
2012202127
2017214894
2007220303
2022206821
2010251606
2012332346
2020206999
2006229867
2008295723
2020274120
2016201619
2026200547
2005261458
2021473334
2024202834
2019400090
2017237179
2021462649
2002215281
2019390444
2022305653
2005234407
2018366208
2009252934
2017203416
2021251439
2014271282
2005283836
2006280450
2009268971
2018201816
2019202589
2018402444
2010227097
2022265744
2025202134
2008349779
2005233616
2026203038
2001254920
2004225177
2022201869
2019344405
2023233092
2021281287
2024330582
2023358738
2021101701
2025217322
2007277122
2015221491
2013304823
2009329674
2015201552
2013206832
2009221973
2017264836
2003299842
2018281967
2023278011
2016201265
2013260210
2002011044
2016202806
2005207982
2025271458
2024242609
2017351066
1999062051
2009228091
2009332075
2023326044
2011202836
2023331065
2021221664
2011226820
2018219354
2008209180
2021203923
2014323952
2000013370
2024348036
2026201719
2023202430
2019216594
2021257378
2018203417
2019386967
2004225090
2013101165
2010100885
2013206064
2025210907
2007202458
2008268245
2008358025
2020244611
2023426077
2007101107
2014388376
2011201986
2020211601
2015291136
2022245985
2005269091
2018382993
2001011156
2015262095
2022202669
2019226157
2002100945
2006259557
2019429551
2022201178
2010284795
2017232203
2012216436
2014337469
2019281278
2020203569
2020204576
2003204166
2024201520
2009301745
2022210349
2021102746
2020420364
2019434742
2022280908
2020239785
2008287008
2014253681
2013100994
2023409921
2001291148
2018301989
2006202615
2008307828
2019216733
2017202086
2021103580
2021479950
2015246113
2022422127
2025256165
2017268677
2021204766
2012299226
2015218497
2024202960
2022329648
2012382779
2022217797
2012247877
2022257980
2025248703
2021257642
2022326656
2023312740
2020220201
2016389089
2010202178
2019285827
2017219571
2011267799
2022369132
2024224987
2022211807
2024300679
2024229256
2017378712
2021209907
2016260760
2013270397
2005206589
2023201535
2021100967
1999064197
2023201094
2022475686
2012202817
2016287614
2000048671
2017394423
2016326892
2021214776
2024295509
2022487842
2014201219
2020104123
2014265030
2008318774
2017444046
2012216455
2012100252
2014201752
2024373326
2023201964
2016201369
2023204124
2018201344
2015316580
2009249319
2016101591
2014101358
2013273667
2004241985
2009302654
2022378702
2011308203
2010242814
2004242120
2022200401
2008279021
2022200703
2019201253
2017201001
2017255822
2018256569
2011100025
2014378590
2012311097
2007247783
2024283141
2018208713
2018203860
2010301924
2021240155
2012332049
2008352940
2004214582
2016243219
2021249220
2019362102
2023100095
2005219500
2023201696
2026203542
2004220878
2000051093
2021414155
2021249146
2024358688
2008200801
2017355827
2013224752
2021106622
2010228119
2022203790
2004100718
2017252593
2021106586
2017272906
2015303888
2005283938
2024231727
2020223719
2017202101
2018291851
2023212085
2022100162
2013258865
2010250978
2009322441
2012202468
2024234452
2013271505
2006264689
2004282820
2012200021
2016316371
2025208438
2022204892
2016100886
2018367592
2014303807
2004214794
2019200061
2008212670
2017363240
2017225008
2013202796
2021286428
2023216771
2014355109
2017262892
2001046288
2016286647
2006280225
2016248346
2022234766
2011210870
2026202165
2024259872
2020213304
2015211083
2015202912
2015354393
2022341113
2015201690
2015244516
2021334701
2001238189
1998084596
2008227640
2003275184
2020233750
2000060470
2019243977
2014347110
2020309601
2023217913
2022300855
2011234772
2023216713
2020416573
2022291168
2014212934
2024200721
2026200040
2023270190
2009212998
2013248891
2021200036
2016275564
2025202902
2012334595
2003204177
2006200083
2007221960
2009272283
2019200256
2021273296
2021201068
2001015000
2000071782
2022218482
1998077698
2018315984
2002324438
2013400142
2021261643
2007259456
2015100821
2011334857
2006317920
2021107540
2014211527
2004286528
2003269958
2023349457
2025201512
2014253868
2009286054
2007354506
2024208236
2012286480
2026201193
2008101207
2024216455
2008341115
2014101070
2019292266
2017241911
2005263169
2023237042
2018413669
2020233121
2007355223
2012261635
2020374440
2018201452
2013201755
2005330277
2009201637
2009276631
2012325942
2023273610
2013101792
2023201829
2016328795
2012384008
2010266785
2020416421
2019356483
2018262068
2014213268
2010238610
2024330850
2023373309
2023208185
2013203317
2026200550
2014200155
2016216240
2015306582
2022224775
2015380459
2018422270
2018205145
2021227740
2025210855
2009271497
2022457415
2022234783
2023267431
2011219829
2009226102
2021277231
2003201544
2019284015
2022275508
2017241164
2018101751
2023270700
2022226845
2017233683
2024273487
2021212084
2024363734
2021100560
2024200700
2019354789
2010219310
2013263411
2015402709
2016323754
2019285618
2022283679
2010268998
2014249251
2008321156
2017243868
2010202070
2021273796
2001018316
2015289441
2023242704
2018208797
2009210474
2013269845
2014226165
2007202302
2018304715
2002327060
2020427906
2017201111
2017318694
2015288971
2021208647
2003234339
2023203230
2017334293
2022476896
2017239160
2018367818
2000031190
2006207685
2015101269
2023204679
2011245251
2016293470
2017200665
2019358651
2025242081
2022263905
2002223898
2018304729
2022266287
2025201739
2023202261
2024266872
2008207587
2019240676
2020386834
2002331750
2013397749
2009297512
2011306045
2002356884
2023459396
2020204590
2012350101
2023358354
2024315146
2022219107
2023476387
2002011041
2002341564
2026200957
2022247450
2014358145
2018422442
2017200900
2010286903
2021247167
2024205073
2007231156
2015227480
2006351585
2020274853
2016203214
1998086033
2010100276
2006317657
2021205444
2021104816
2019203658
2021202560
2015253721
2012200035
2016308701
2012201091
2020334051
2018353819
2016404892
2026201366
2024259845
2002244504
2021299554
2019211679
2024390185
2021396459
2019418434
2020103158
2005283023
2007100033
2020100709
2023343085
2021202044
2020345874
2020204459
2021102220
2012381036
2003234020
2008309895
2013232533
2004301126
2024382085
2020218829
2016216932
2006202331
2004212864
2007227704
2011215835
2013245876
2014228991
2006349183
2018365046
2020365140
2024265299
2013279944
2015315001
2015258332
2023221382
2008291469
2016382909
2020250311
2012242996
2004255835
2014307974
2013219149
2023263487
2014389417
2020258915
2021240260
2011253986
2021399229
2022247583
2022332215
2020245002
2012202638
2021200128
2012373394
2023200802
2013232287
2023208075
2004203897
2019201449
2009332281
2018389642
2005256065
2021103366
2020299153
2015335554
2004324709
2025200009
2009269037
2024223969
2004323501
2018234352
2017100946
2018201541
2023311900
2005243139
2021106139
2015317489
2020203575
2023383017
2016240390
2020259889
2020357489
2022254519
2015298766
2019276944
2018406703
2011347182
2018418838
2021249420
2004213219
2011237869
2010325161
2014273811
2015274297
2026202153
2013101777
2001063621
2026200379
2020418147
2023201550
2024439269
2022398781
2023214332
2006285378
2015387474
2017368439
2012222963
2014252143
2004216264
2004251613
2021304862
2011320873
2018343116
2021106561
2005311850
2018250385
2022275447
2020391193
2016247110
2015250212
2020101179
2020282816
2015305856
2008288790
2004242534
2021101497
2020395346
2024358746
2012283100
2013263207
2004211285
2021106996
2012100026
2021460024
2023467014
2020285565
2008361245
2026202944
2022252857
2014203142
2018348319
2008261618
2017262264
2023260398
2006232450
2004308495
2016261837
2025212930
2020101527
2017436875
2006270506
2020103062
2019200896
2013202173
2015201551
2021299487
2022380384
2013255677
2011241708
2017201157
2024349991
2008349778
2024354191
2016235165
2013235200
2015210372
2009209066
2015323907
2022342002
2023276714
1999040563
2022279661
2019283407
2009320119
2004202974
2018299288
2019338541
2013377891
2014328501
2017408804
2005272280
2018409070
2016388357
2006262125
2020418917
2020227005
2021325900
2013395166
2016215367
2009270759
2022201703
2009202014
2002310750
2020202294
2017259206
2010204906
2021347175
2008220074
2022279124
2024334964
2011203159
2021271726
2012239630
2017355732
2023231518
2021437421
2013276202
2000076904
2018383023
2005327186
2004262368
2001100613
2015277086
2000030749
2014200078
2015328723
2020422557
2011215301
2020348402
2023204428
2021104854
2014224078
2017201109
2024201576
2014369339
2016223022
2018201118
2001225004
2012254219
2005253050
2021203463
2017418614
2020418431
2003258227
2008212267
2023330013
2013372516
2017274086
2013206560
2020100032
2025201382
2024417199
2022201492
2002321455
2013361452
2023390248
2022203715
2021206782
2021329814
2023202244
2015218232
2024380221
2020323703
2021103995
2023201988
2024219734
2001293236
2025267427
2016215287
2008246236
2012207577
2023409219
2019100534
2020455928
2009201398
2020316240
2023278064
2011213205
2024303399
2004272815
2012261650
2021401817
2010244726
2013206134
2019261813
2001268156
2000049150
2021404771
2020277218
2017332769
2013345596
2024235961
2020299634
2018241081
2023272946
2000249031
2002346586
2021240949
2023248190
2005204229
2019424830
1999024193
2020374879
2005218254
2021308791
2018347122
2022425754
2011237442
2016200694
2014405866
2009225669
2016307870
2024244908
2023318231
2017334471
2024227544
2010241936
2021203361
2014302426
2006100811
2023202097
2019101104
2025204769
2010212247
2018340860
2016203939
2018225213
2010209872
2014100927
2024369740
2013206615
2009357325
2021351505
2005253600
2014101135
2004207357
2000060421
2005273127
2018216105
2002342560
2017289252
2010277256
2023208127
2001078310
2021101776
2004256553
2018201153
2016412194
2024219479
2010230849
2017324850
2014233753
2022293513
2007275410
2011101463
2025217323
2016102031
2021438215
2024200307
2020363457
2001065799
2019280841
2015261635
2021380574
2005249872
2021353782
2025205586
2011380958
2021263432
2019284151
2022278101
2007219360
2010347764
2017344752
2023327801
2025279762
2019204218
2024400916
2006244369
2010295239
2007256579
2010232612
2016386349
2013245742
2021410074
2001258687
2004275973
2011344111
2024395293
2012292275
2018217302
2013100807
2019213313
2017200241
2017305636
2016100110
2011240640
2024353746
2013279297
2012268411
2023270307
2010290085
2017443403
2021444143
2015252029
2015282364
2016414454
2020203111
2014391630
2014100215
2020102033
2020227153
2021277639
2024227563
2016102483
2021203873
2016206331
2015101571
2020238850
2006235294
2020309839
2020328402
2015283796
2018341830
2024204952
2020373330
2026202565
2012203527
2008201158
2000032554
2018393169
2008315720
2005275741
1999064981
2024200359
2006254192
2018251993
2001283735
2014246625
2020353366
2020251018
2012277671
2016249106
2000041814
2023203508
2006206585
2020103374
2015205700
2025220893
2018217279
2025204624
2020286282
2014200926
2024259719
2015245951
2021229201
2021289313
2023372350
2017404493
2009220341
2005247504
2014214174
2024356467
2020266496
2003260192
2021293921
2017322706
2022408043
2015264913
2016331656
2019250118
2003275950
2014100351
2021241674
2005247050
2015261686
2022204836
2015203263
2014408498
2015227201
2020352828
2006205610
2017231678
2022368339
2011337124
2021105516
2019261720
2019248657
2022200498
2021221470
2008218929
2013406766
2015315801
2020241282
2007290835
2020345028
2012262351
2021278033
2020352996
2012271835
2023430177
2024350618
2013296944
2018201213
2021104374
2008213964
2011309301
2008357715
2005100865
2022482559
2019208158
2009333790
2021325335
2021100155
2023425728
2020223177
2018202567
2022215297
2020212661
2019280042
2018202801
2004291923
2010207543
2019280259
2008239613
2021338535
2024308350
2008207498
2013201700
2019319462
2015201911
2025275142
2019206097
2002353651
2017322386
2017276341
2011241810
2019241028
2013235237
2008202112
2009203870
2017437863
2022480950
2016288213
2024299855
2013211554
2022201090
2017392499
2011317136
2018450592
2021200910
2015311859
2014204513
2019421312
2014200288
2023274056
2023226165
2020356457
2005251096
2026200123
2024216570
2022313781
2021105968
2016341190
2021105469
2010257734
2013205543
2016225914
2019101133
2003277147
2010339468
2016231650
2010307479
2014101269
2025204603
2021102698
2007292418
2018366785
2024329135
2022416430
2017268604
2018323442
2020314490
2004201513
2024309668
2008311025
2022203690
2021303154
2008205368
2019289392
2003287098
2016202320
2017344049
2007305615
2021409960
2024342405
2000053425
2012233796
2015395615
2018286576
2004324295
2014339563
2024204034
2024241465
2007266304
2013364075
2021103996
2020394404
2015208292
2017204101
2011349750
2022248566
2024213110
2018299920
2016262803
2019266049
2014410440
2007200682
2008289251
2014375413
2020100225
2023377730
2019202701
2014101461
2019274665
2017235938
2016101510
2021276226
2011247876
2009208710
2003299940
2018230730
2020417304
2003282507
2019232855
2009303643
2021375694
2020205729
2016390249
2024205220
2015316587
2021320210
2022226116
2011203569
2005204322
2026201194
2013309312
2024204909
2005305305
2020210375
2018333123
2020313091
2000071400
2025205490
2022201569
2023285756
2018260627
2019202752
2022440629
2009285726
2017101681
2020213747
2017317602
2008250579
2021223865
2004264249
2024254890
2009202830
2007234609
2017101132
2012374618
2017310715
2024342565
2006100274
2025210895
2014200963
2010280078
2012201441
2017100064
1999059234
2014100369
2014302977
2006255662
2016250187
2016200938
2026200931
2012216248
2017426859
2026202038
2021240259
2018253989
2004232237
2021107405
2019201619
2023203248
2000014436
2019348492
2010219290
2013350345
2005285179
2006288843
2019350542
2020303591
2018201001
2012214260
2005234181
2015417853
2015385792
2015274757
2016201694
2006200232
2005210212
2004250726
2019314754
2017268244
2015231914
2018311670
2007217986
2006239305
2008201536
2009208949
2019384803
2016248378
2014377545
2020221580
2019375476
2014284538
2014268802
2007278327
2019204263
2020320867
2004306835
2003202800
2008304500
2022202291
2023239087
2010303830
2022360124
2005253883
2020202623
2009244974
2017386097
2021246603
2020236358
2024258925
2006306643
2018217436
2016352877
2020264946
2023200699
2021363805
2024216485
2005306867
2018203315
2010355793
2010271531
2019253811
2021103601
2017321138
2012202371
2009301425
2025259910
2011276637
2021107440
2020340411
2019280696
2020322283
2020101763
2020332854
2023434225
2020252872
2008247204
2022263518
1999028937
2012202261
2016397980
2004280973
2024319668
2017231862
2026202500
2016236116
2021209147
2018202521
2015264901
2019292471
2000026908
2010273723
2017417562
2007304736
2012272543
2020247242
2019100032
2006268017
2021218017
2021105802
2016228054
2022461760
2012295044
2014244663
2021100292
2023248246
2006269494
2018292424
2016412719
2019226241
2013324013
2001239839
2021339956
2023236974
2000046751
2020286184
2014268763
2010240822
2009286065
2018417272
2013338811
2011352830
2020229078
2023219975
2020297857
2017358882
2023430550
2016417262
2012201377
2016301112
2008327506
2019317366
2000057924
2023337047
2011367653
2024266859
2022271320
2024216392
2017413894
2003263479
2023227961
2024211738
2023269364
2024201208
2016219546
2014391026
2009350650
2017330433
2017291708
2021100116
2022248060
2020103444
2020102968
2024264368
2013206597
2019101039
2016102414
2020365419
2021107299
2020103047
2007312597
2019343079
2010281501
2022388627
2020234722
2006230705
2019210552
2014250695
2001267227
2023337510
2007278760
2017220312
2015215857
2016201889
2013339953
2021359747
2012264349
2015296637
2013100804
2006295024
2024389953
2019260574
2023436556
2018373587
2018413671
2023201328
2023227427
2009221462
2010237182
2012276349
2012278094
2022201784
2021426995
2016271130
2006256300
2021204551
2019220125
2025203976
2011258152
2014232382
2019314850
2005285434
2024200179
2019443684
2018386790
2024302028
2008288890
2024345004
2015263069
2009259875
2016351093
2021347699
2024351373
2016291669
2017252566
2023202152
2015236744
2025208476
2022336957
2017261545
2015234296
2017203429
2020318572
2024374390
2004212747
2014290556
2024404984
2023200179
2016203123
2000042348
2017285041
2019297413
2020203702
2019275720
2017384518
2020202716
2013205347
2024200246
2018277650
2023222491
2008207458
2013224847
2022203648
2017430531
2008298891
2018256645
2016345527
2020102928
2018372544
2023254054
2024427084
2005269214
2024392570
2023356081
2016204841
2006246539
2019273268
2001266305
2013215246
2006242125
2005339102
2021212040
2017204879
2011370782
2021366701
2011377681
2022267599
2012304228
2017441778
2008355960
2025217433
2023248708
1999061081
2017441231
2023203928
2016296130
2021100388
2020104379
2021105120
2024287256
2021393601
2016341832
2017352948
2015359323
2021285093
2012258394
2019275648
2001046128
2021282487
2024227567
2005311892
2006206371
2020103650
2020301216
2021272534
2020100326
2020352377
2024200007
2019208161
2013324105
2001282632
2020282835
2019200545
2024265898
2012227294
2023462921
2015388462
2017397408
2013209373
2020277159
2020299608
2014253486
2008269925
2024273668
2011200593
2023328211
2011246184
2020294855
2014200745
2012297583
2004209884
2013245535
2008295461
2007281912
2009200200
2000027710
2019200729
2006228030
2009236273
2010303984
2011241283
2001029636
2021284974
2008231968
2012273537
2014290732
2017292589
2024452608
2020266874
2008266775
2018356316
2021269714
2007237159
2024218683
2015249104
2019284127
2018272897
2003205083
2004275270
2005207062
2009241909
2018100744
2021377119
2016216822
2023203145
2010246464
2020414917
2025205230
2003267879
2001024480
2013203412
2020463350
2016203539
2011101540
2015100705
2022252783
2011205560
2015230738
2016244216
2008237509
2013330104
2013272941
2005330531
2021310145
2023243592
2001043192
2012202096
2023266313
2011340561
2016102415
2016398050
2012236861
2018318435
2018408054
2006205296
2020327340
2017303010
2006205466
2018264196
2014385973
2021342788
2021355853
2018247248
2015202556
2020223693
2023266116
2007342864
2018265262
2001293143
2020102092
2011200478
2024235744
2022203988
2022304240
2021103084
2013223875
2023201594
2022357542
2003285575
2015382816
2017274080
2008294388
2016410565
2005219956
2018265080
2017221835
2015328459
2018285662
2023265491
2012235718
2023412944
2016259613
2017221899
2018237342
2008211136
2001019208
2006201477
2024320183
2002351914
2001035552
2010210766
2013404287
2015385797
2017203364
2001298078
2021293245
2021101265
2013265441
2020277176
2017100494
2016355163
2018415016
2024201182
2020324317
2012266891
2014292809
2020277162
2015264605
2020418421
2021362735
2017313432
2010316008
2011244951
2009241693
2022204664
1999050697
2022247513
2025202370
2023248178
2023229515
2013406056
2016250452
2022261427
2005202980
2021332794
2014201254
1999050391
2008353573
2019352504
2021373518
2018442113
2006218256
2023237288
2013362583
2022200948
2009246177
2018233040
2007225334
2023356669
2019401465
2019316556
2008265175
2022201143
2021333661
2015230660
2024200972
2017433175
2021204972
2017218895
2014410858
2002334163
2015219278
2011308550
2021102278
2013330543
2019335219
1999062524
2014318699
2020201064
2024251062
2017269430
2014209296
2014304303
2018401510
2012333231
2012226256
2024283753
2021201039
2012232983
2001066387
2008215124
2013213723
2015215840
2022262833
2026202188
2025200152
2012245886
2021105563
2019402925
2016208402
2024252226
2004203591
2007339976
2005295108
2022202606
2021415514
2006336816
2001020353
2021233227
2019268123
2011224124
2021240203
2004204977
2020289744
2015264873
2021204570
2024291671
2012101696
2021240182
2024313518
2022206552
2018270758
2006328018
2018220040
2015384819
2024407767
2007207877
2018408730
2021266319
2017304739
2004274689
2017399008
2017413930
2021107694
2025201640
2023204197
2006261712
2021473364
2017237887
2019234231
2011367429
2016205258
2022225282
2013325120
2025201647
2012100470
2004326300
2017100104
2001033360
2003231401
2014277306
2021465754
2018291368
2024201410
2013298280
2014268284
2020406770
2016202476
2017313148
2004223606
2023360971
2007239565
2016266010
2016358443
2018402241
2013400712
2017279667
2013385924
2021106084
2011101494
2022304654
2023200629
2018266132
2015289082
2014265955
2019275596
2020382454
2011235937
2024318632
2022315233
2015387983
2019282300
2022200232
2020102380
2016332520
2022294957
2023212943
2018328285
2005267711
2022325173
2012262128
1998079400
2024362391
2011329096
2018399714
2014374303
2014274394
2025220691
2008356846
2019100582
2022240733
2013100482
2017101565
2021371434
2024239035
2000057082
2021213088
2012251368
2007313193
1999025038
2019413221
2013206028
2005220159
2008256473
2018331308
2020218190
2023282330
2004235139
2021412912
2022231713
2014248619
2015252038
2012296566
2016234966
2025202698
2015215972
2020400079
2016201173
2025204163
2020288753
2018442248
2010200639
2023296580
2021215807
2014240947
2002212511
2014393329
2018240808
2009331941
2019101728
2015274445
2020202437
2023325670
2021305435
2014400612
2006272486
2015221533
2013370495
2003215694
2010310836
2025202565
2012302204
2021326409
2017254865
2001063616
2018201359
2013359875
2009266361
2024364549
2013201967
2006207879
2007242731
2017336066
2011265835
2024227607
2022294329
2005267308
2011200346
2014411434
2015405689
2012100888
2021296379
2016203470
2019309870
2013200154
2022241539
2020297040
2014414020
2020247162
2020202095
2016309108
2011275591
2020101395
2021240234
2023203218
2014237292
2003280500
2014394870
2023203409
2010336498
2024200364
2020442585
2001241013
2000014547
2025200413
2020335843
2018408904
2014348826
2022333140
2019338669
2025252529
2010312811
2018204480
2010341482
1999063474
2004222348
2017340065
2020326410
2020220144
1999043697
2011336348
2004273105
2021432226
2022349459
2012233680
2018269780
2012244389
2008334638
2025207679
2022287658
2015230516
2021273563
2023310663
2014364121
2023221188
2013338069
2020220036
2017322608
2022377289
2023401078
2018219603
2016247201
2020378138
2020205973
2019369301
2004303107
2019268131
2019247652
2016285708
2024453796
1999063724
2013230230
2008201508
2002352155
2020104348
2023269197
2013200461
2025259928
2014324827
2020100705
2020103556
2010256742
2021396589
2008302643
2015227504
2018412629
2017204496
2014386727
2006200370
2020315955
2021428588
2006203033
2002342460
2021100424
2012343352
2007298724
2008303276
2019288835
2007208055
2019258527
2010272153
2013207574
2023206159
2019319711
2021275139
2003206103
2017204769
2023239943
2010359900
2023275477
2025267340
2008281483
2011207649
2020460273
2020102107
2011205078
2021293998
2018370932
2004304585
2025203911
2015303038
2016256828
2014200670
2015252017
2016202381
2018224333
2021240037
2020384660
2017445263
2008344134
2008333417
2022221413
2009292646
2021246046
2017213853
2019386395
2007207898
2013270534
2020101291
2016201751
2021251058
2023450791
2020294625
2004247081
2019260855
2022391653
2021204459
2013270459
2018366571
2017313074
2012308110
2012232064
2006332469
2012236088
2023315160
2018401396
2013223816
2021474749
2015213273
2018211217
2004301961
2019200668
2015100849
2002353184
2016389893
2021104336
2013245448
2019204155
2024248472
2024268616
2013320044
2006237926
2025237442
2020349689
2017308577
2023405444
2003270786
2018425774
2017261120
2017100636
2011204270
2017200452
2023270191
2018289194
2006208907
2023433089
2013204504
2017433998
2016333573
2024266883
2012274080
2016200251
2013404555
2023214365
2013381695
2022203068
2003279064
2022200446
2025205148
2015257343
2018235866
2024210501
2025275136
2008240217
2012200609
2020101788
2014237875
2011202532
2005288787
2014228758
2024203102
2005304254
2017412453
2022211864
2017338586
2021290430
2025230670
2014218975
2023298431
2004216761
2025213661
2023200037
2021101006
2008294649
2021237381
2020202776
2014311657
2016253904
2020203705
2020202841
2014236707
2021100829
2017213559
2010209664
2021105926
2017311190
2021106400
2024219445
2020354645
2023203061
2024201226
2022251417
2021290378
2016392241
2014309155
2015283802
2020200612
2019222923
2020202001
1999021443
2022219482
2024201831
2018341829
2021297896
2005263596
2002309608
2015201492
2008207374
2020293611
2005245694
2001296187
2013205200
2021203592
2026203234
2013240453
2022201422
2013261272
2024301078
2010257534
2021449885
2023204934
2013254954
2013348336
2020104086
2015100936
2020396954
2017285257
2018389037
2021279026
2024200062
2024226656
2011265560
2021106017
2005265048
2023202043
2022300143
2026201418
2000038966
2023225442
2025202056
2006257026
2025205144
2022224053
2021107377
2023337006
2025271171
2024202853
2023200801
2023201786
2019240650
2019342612
2020447271
2003231008
2023203182
2025220695
2007260405
2018261298
2010282895
2015255887
2021320480
2017290388
2014278279
2024282884
2021314320
2024203136
2016202956
2014250732
2013286290
2011259889
2019359827
2015203442
2000060535
2020412766
2019200484
2020202363
2014228247
2021305935
2005200345
2012379054
2023274154
2019205290
2010201923
2020397853
2004207261
2020267138
2021229257
2013320453
2022384229
2013255647
2006333453
2018334370
2023353108
2023283886
2022203262
2014331799
2018205472
2021226601
2020388678
2015100434
2023202958
2019241840
2015246704
2008289290
2009257561
2005253606
2023259684
2014227565
2021360589
2005278202
2015224465
2021406419
2013402452
2018262107
2018399651
2021206074
2024389335
2024233495
2004232287
2014362717
2012299030
1999062309
2017426874
2012302089
2018201096
2020266926
2021106350
2022287561
2012212128
2001279533
2020340968
2005316471
2018202540
2006294621
2017308812
2014277651
2014293238
2002232814
2021255683
2024100004
2021265364
2014404066
2020385005
2002242620
2014385716
2019396444
2024200643
2007317562
2016412564
2024288296
2012203105
2018219976
2012200662
2018209352
2016284002
2015201789
2024200705
2013217792
2020253798
2017437468
2020219111
2011278290
2022328378
2019397157
2004233497
2000058795
2018281745
2021404408
2014202286
2021285711
2025202891
2023206076
2015229457
2001054270
2021275224
2016200625
2004240062
2003233573
2024371658
2019204740
2003228771
2017101082
2023202539
2019101413
2005301336
2013217470
2016210702
2015414285
2010200146
2018216158
2025204597
2014200200
2021206920
2021269309
2018203913
2020468530
2018284487
2023402603
2022404321
2008309078
2022209278
2013229059
2022203832
2002325748
2011203158
2006334425
2025201068
2020201073
2016348909
2020206443
2019218240
2022201430
2006200171
2016101535
2014202751
2012201655
2013300191
2021100882
2024266448
2024219894
2020247240
2014412768
2006301022
2015268889
2021328270
2013219798
2000022575
2025252575
2000026133
2022221420
2015101110
2021329212
2023206133
2020201006
2016270338
2022373360
2004222820
2020416598
2003278944
2018204367
2004246998
2012380279
2013245877
2013274642
2014205255
2017285945
2006309408
2023240401
2024270638
2020100727
2003245780
2014216655
2018253560
2018217684
2019354826
2013209295
2014289073
2022208873
2014210627
2006299612
2020216128
2017262128
2024354213
2016379379
2023306441
2004314102
2023269215
2017334610
2012254886
2018388395
2015324148
2007234610
2001293471
2019201876
2024204711
2012203841
2011247001
2016393002
2016214178
2022279550
2000026215
2016203255
2008317341
2014326083
2005203671
2021203017
2012298602
2022348581
2019295730
2014209540
2022281407
2014274401
2008248616
2016201134
2023354139
2007200405
2014413657
2009207774
2022224851
2021202267
2026200150
2018354257
2014346694
2007220893
2019405686
2024200845
2013216599
2020354393
2020439978
2008245478
2008283851
2006275298
2004307167
2014329354
2022212918
2021300201
2020100572
2002257749
1999012655
2023201347
2019201265
2019431055
2018404869
2021229197
2021310639
2018203008
2016288779
2001043741
2021234957
2015255174
2016347484
2021218157
2019295206
2022275056
2021101320
2022225827
2019315986
2017202225
2011313030
2019343148
2001016717
2014270301
2025217386
2011201686
2001023750
2007231888
2022230780
2025202054
2003203745
2021103720
2004223343
2023285631
2023366141
2022200517
2004258540
2009202101
2023204620
2020227915
2020240578
2021202786
2013352328
2018214099
2022295672
2009207898
2020349504
2026203169
2002344297
2017263539
2020295066
2003297246
2011271218
2008202800
2015218375
2015200068
2023201388
2018337654
2005210215
2024200338
2002334818
2024202111
2014253687
2000038575
2008362914
2022272611
2023365963
2011353536
2015249350
2012239202
2020354883
2017100487
2021283746
2003211224
2017363055
2020343927
2022480096
2021203738
2018212916
2021287836
2013224697
2020481929
2017337339
2015292255
2021212165
2019375718
2022259060
2020358124
2016203809
2023300174
2022201355
2024303227
2023200732
2024269457
2015234324
2021260963
2023394018
2024204372
2002362968
2009203194
2021204051
2021380737
2005246876
2017295314
2017295096
2012375452
2013374126
2018299284
2014208243
2024219881
2015402582
2015230824
2021200065
2013204104
2025234275
2009267460
2011294440
2021466220
2009309329
2010334367
2009295963
2018426323
2020329833
2018301988
2017302672
2007294766
2016386870
2010325803
2023279211
2017228647
2017321575
2014285172
2017268741
1998091752
2014301292
2014229795
2004264610
2013231095
2002309230
2022215321
2019225853
2023372520
2024407004
2023208017
2010100543
2013215434
2021264555
2020315323
2006279867
2006299819
2007234563
2000059730
2015256567
2020309443
2017347651
2010236742
2024220029
2002300398
2009273626
2014402251
2019209726
2005273150
2021472623
2016201798
2018297132
2018415347
2004238461
2005248344
2013270552
2011265514
2016321421
2021350947
2021349237
2006284577
2002319215
2019397411
2006252377
2024230932
2020294605
2008255571
2020202079
2016219616
2022248996
2010201738
2006323470
2000023649
2026201337
2018225133
2011204813
2013292564
2020104091
2014335449
2016259987
2008289252
2020239687
2019205817
2011257582
2015271398
2010318605
2014101333
2019210657
2017427858
2008248166
2019229255
2016320011
2021200677
2019268068
2023299026
2006306720
2024278099
2012215743
2021100225
2016290090
2014266127
2021210956
2022246471
2022323667
2024205326
2021286272
2009292966
2020101803
2022200806
2002213644
2022200953
2011310239
2000059514
2024292439
2020203317
2018352089
2010352068
2021319150
2018422437
2020100702
2022384299
2013347807
2023201432
2022347443
2014272057
2018329244
2003229180
2003225378
2019466774
2014295217
2010340048
2023349665
2019221229
2012384904
2000073459
2020374952
2018292539
2017278292
2012243644
2003231690
2014315041
2024327348
2012374304
2017301504
2023303729
2012219327
2023206461
2011202291
2005202688
2020277186
2024200475
2005219034
2013287481
2022444811
2013308305
2009324266
2020202720
2022263527
2009228523
2013100984
2025203588
2023425553
2004266854
2013222043
2017100687
2018377602
2004306122
2010238652
2026202296
2011288893
2014405914
2021201865
2005267168
2015306260
2013409580
2009267459
2024201296
2021285502
2015246056
2021263475
2025283691
2022427984
2024323703
2023201767
2018307011
2015316940
2015404618
2012304637
2020254746
2020333411
2003283010
2014398664
2018200851
2009302470
2017254934
2007231799
2015275774
2018430794
2022245291
2006270663
2012294566
2024388359
2024278446
2014202659
2023245776
2008274979
2020104490
2002312104
2024391123
2012204302
2007283465
2006202810
2018208908
2021104431
2020399592
2016216531
2016287195
2018314059
2014253558
2007200765
2022235625
2009278932
2010310877
2021306181
2020381444
2023264656
2012200541
2019203086
2017208291
2020314167
2016222416
2023266349
2016428456
2012242639
2008201943
2019315355
2019100016
2013266996
2019421319
2003204376
2013392104
2020388338
2013213507
2016215466
2013204913
2006209790
2008203132
2014250620
2004306643
2024204652
2007207874
2018340859
2022201728
2023204576
2014311869
2003204444
2010201734
2019224837
2022256139
2019342158
2018437833
2005280392
2012200605
2016201585
2022419500
2014322632
2022349005
2017333946
2018241079
2012241085
2000016426
2016333265
2021455735
2002318293
2005329052
2023317827
2023438544
2008261025
2022421642
2020341422
2008321257
2022268339
2019207134
2012335336
2014203780
2021104191
2022257254
2012292466
2025287391
2023204152
2019206386
2005324791
2006248151
2018364811
2021232816
2021105860
2010206709
2010300532
2024256357
2019222905
1999051416
2013292312
2022258184
2025201377
2011314479
2025201915
2024355055
2015100040
2014361948
2015201185
2021448459
2002217592
2018231122
1999051724
2014270602
2024285254
2013364181
2022313202
2021215182
2023386713
2022211161
2001025238
2019415786
2018341366
2018430338
2017440655
2024218063
2005312295
2023203506
2013203014
2017101734
2012204040
2020443019
2024216361
2000069114
2021103905
2001290381
2019210677
2015200341
2023258042
1999033400
2022291483
2025204241
2017349920
2000025137
2011200699
2012277214
2019101188
2009293027
2021105615
2024331569
2010319758
2017308824
2025100006
2008343457
2012244113
2021204831
2021386895
2025242159
2020322639
2018307077
2006217707
2007333220
2007262746
2021331337
2008260429
2015292757
2018308491
2011289162
2015101674
2024200653
2001063618
2023214391
2024227758
2021204586
2017100542
2017342627
2023200059
2017101875
2016329815
2018298046
2023246851
2013211552
2007227000
2008311306
2012261544
2018331314
2015324281
2022226186
2023379251
2024200626
2007240455
2000025788
2012234345
2009336355
2025205368
2021257379
2025203966
2024267040
2021231648
2021266330
2014201139
2000024202
2008228734
2012328446
2020277277
2009267468
2011298473
2022367093
2015237261
2009100259
2021102692
2019287792
2014229097
2011269244
2012365711
2015207895
2014353789
2024321702
2020102593
2023200564
2021376672
2020295588
2018246838
2021212265
2006318395
2018201457
2022204049
2022353555
2017221017
2010304077
2023204180
2007205007
2022203118
2008355388
2006266579
2014375087
2020300838
2016206310
2017390890
2005283195
2021274178
2011353862
2023204360
2011201312
2021454890
2015211250
2016100422
2015201100
2009283500
2011237411
2020100306
2017406570
2002350278
2018304396
1998084753
2014201072
2023382655
2016271140
2005227051
2019275988
2025202241
2014361864
2022208211
2025203306
2013243805
2005323054
2004323411
2003205029
2000050007
2016222920
2019265673
2016203589
2005211759
2011234396
2020310613
2023237885
2019423293
2005276841
2021202244
2017442003
2016220173
2020458122
2016100090
2017279821
2020278256
2010258637
2011294860
2022371198
2008203796
2009313114
2004201861
2019314923
2011259584
2013200524
2024222581
2021301958
2023226700
2007278482
2021220164
2018402028
2010311837
2019261671
2021279033
2018225435
2023203229
2012376565
2004203412
2023232189
2018223124
2020421011
2012262733
2010240680
2022291648
2013370621
2021267932
2013212253
2021287206
2010248381
2009208012
2012356307
2017331639
2011281245
2022211890
2005244920
2019309779
2017202529
2021101339
2010338773
2016306227
2004297876
2010229089
2003207780
2020100578
2025217274
2015401078
2019246968
2023249688
2020203264
2017435486
2017262773
2018101627
2001056467
2014265782
2019201683
2019253843
2004314432
2009225899
2014352855
2020269377
2013202226
1999030726
2013368487
2018201428
2018200197
2011256908
2025271019
2010215876
2018368588
2024213184
2023465693
2002363103
2024278461
2021105808
2018347467
2023280163
2023356065
2014101432
2016336442
2020444025
2015258264
2005229636
2012347504
2019419087
2019398707
2013229767
2017248062
2025252530
2013400936
2018278003
2020201142
2003290983
2002353626
2019312330
2023294392
2022347030
2018202970
2023333455
2002216695
2021254787
2012241097
2001235323
2023441207
2018205470
2005277088
2017207533
2014406558
2009310907
2022327561
2018405223
2022420862
2020103558
2021107645
2012248149
2005306921
2021106574
2014200753
2021290852
2006299406
2017101339
2016240011
2007272030
2013248201
2021467326
2018311517
2016273984
2009206308
2001249718
2014205024
2000057560
2016219683
2005249619
2019366472
2013220276
2014277835
2018259168
2023284413
2008203454
2001063615
2010249499
2021389166
2015264426
2017321678
2016311035
2007227291
2017416807
2007202255
2000055736
2020328267
2021102576
2012256918
2017232242
2022293671
2006315927
2008243256
2021212319
2009201614
2023282174
2021231830
2012306994
2023440398
2019100871
2019395964
2018442376
2017414431
2024348439
2017423439
2020457240
2024289691
2011322042
2007208334
2025207937
2015213482
2016204650
2018415294
2015413329
2020294199
2009217479
2009212784
2019203550
2019100870
2013201515
2021263605
2010235318
2002100829
2007314584
2017200680
2016203331
2010318814
2022240642
2015343004
2014200974
2019449137
2019249622
2018200355
2013253132
2019324203
2023251494
2023270207
2005296362
2006311556
2023216501
2023377819
2020207833
2012238239
2024227713
1999036337
2012302074
2017245258
2024227123
1999028413
2024202281
2014236657
2021204619
2024318139
2022410057
2018448048
2018204782
2023318840
2000048545
2012101188
2016303185
2013251198
2023263446
2000011477
2000032963
2023228953
2023210626
2018345785
2006228553
2015210392
2020242931
2021100084
2005326902
2017219626
2004316447
2024410143
2016204256
2018204590
2000073561
2002023145
2024205224
2020397503
2011295367
2020100802
2018274373
2018101847
2013212140
2007202509
2020267132
2014219518
2019284012
2007290894
2015256267
2025203047
2007361004
2020245716
2017274829
2009249165
2019333253
2014236249
2023222964
2011222946
2010249249
2022301095
2014235569
2020422442
2024200319
2009241749
2021214758
2013202539
2009281584
2015230473
2025202339
2019307836
2020477040
2019469004
2026200041
2016262789
2010203497
2002301814
2021106540
2013295667
2012336327
2023360961
2019100615
2018237067
2000041505
2013395533
2021103863
2023282244
2005289395
2021106357
2019294492
2022361894
2024296851
2019444062
2020229784
2006220435
2018387454
2023275705
2021477256
2019202418
2005259731
2018203537
2018252723
2015355747
2015221442
2026200085
2021427872
2022311773
2000028928
2016250353
2017101877
2022258469
2024245781
2002366178
2022215201
2000240683
2008204723
2020262371
2015224488
2007221766
2008245873
2022231185
2020265655
2014101609
2005258975
2011265503
2020203923
2009292004
2020104408
2011206677
2015326293
2022361898
2018442596
2007322487
2006328804
2020399885
2020103068
2017254506
2016253607
2012290260
2000058885
2026202371
2019319547
2013202238
2020200242
2014400779
2005295553
2017420687
2014287883
2008319921
2023465088
2014205484
2018317224
2021286566
2013286622
2019257474
2020223712
2005222305
2019101189
2005256790
2024200276
2014210660
2015261725
2019232886
2009290591
2001265850
2012203157
2021296274
2014202763
2005325168
2013401795
2025204389
2019464406
2013275900
2023200633
2014398480
2019422245
2019337164
2017101722
2011244950
2024201575
2017248413
2024254636
2024278315
2014202730
2024219707
2006321928
2022250122
2016254582
2021103547
2004259219
2020102833
2019456792
2023201845
2020364505
2015209909
2013297031
2002355456
2006202309
2017389381
2019338311
2018284937
2020389322
2022374061
2024204547
2017210631
2013248194
2012203140
2017332357
2010286320
2022252257
2012100749
2007305432
2018311884
2014236630
2015202070
2009299613
2020341156
2020253340
2008283934
2023202633
2024250420
2009203967
2012281153
2017227323
2019229236
2019201383
2015223377
2012203374
2008229318
2019396663
2022203242
2022264438
2019241823
2019239619
2012203270
2017201792
2020337330
2023464687
2008305539
2022241545
2021221666
2008245884
2021100434
1999014605
2023258377
2019320270
2009254550
2020300781
2018335362
2017204914
2020294598
2006202459
2020275413
2018204852
2019200001
2019224937
2012368886
2019215046
2017217552
2017368129
2023254895
1998097593
2026200955
2009246403
2013322000
2021363640
2020327651
2008201571
2017276542
2023407207
2015275220
2015310670
2014274639
2023201121
2020329732
2018359016
2012216592
2004225099
2023354143
2024341199
2012244320
2011211342
2022230636
2020414207
2007202910
2019270244
2019344461
2010100226
2017445300
2019291568
2021100570
2008243200
2020428058
2019444189
2013237704
2001039490
2017273631
2016433153
2013399655
2004224764
2024203201
2019200133
2009322286
2022424380
2018348907
2009205547
2024395153
2017412309
2018206271
2019342803
2019379823
2020227110
2023203640
2014283892
2005258128
2009332433
1999020552
2019284211
2014275203
2014394068
2009233897
2008338485
2007200790
2019253187
2023203460
2019284051
2014204064
2022417000
2015202861
2003299428
2006201368
2017216479
2015215028
2006349035
2021101468
2017302325
2011351945
2004218658
2025287353
2017251839
2017278100
2016242867
2020100769
2022326458
2021206666
2024388318
2002210556
2005290314
2020348551
2011236589
2018443502
2015201988
2025204876
2018102222
2015200888
2026201297
2010306911
2022200809
2023276715
2006283733
2018200554
2025203616
2024202288
2016345116
2009213052
2019212194
2024219602
2014310668
2008245708
2010319783
2009273858
2017320339
2017228715
2021102962
2021445975
2009228804
2019334124
2023203092
2005302812
2017245281
2007309759
2014253684
2006243970
2014201100
2014100385
2017203427
2012101982
2011261455
2018100956
2013273731
2006308232
2018415756
2003280409
2010283370
2015296248
2021210440
2005252038
2019210606
2020220365
2016340742
1999022646
2013287585
2024339053
2025316666
2019433371
2013201856
2024201424
2014301071
2003203677
2023266274
2013224653
2012266511
2017269259
2021201368
2014402993
2009201386
2010100901
2015315252
2013291591
2009289253
2005274949
2021318264
2023285746
2023203398
2014253523
2025203201
2010352625
2015339238
2009253719
2014203890
2021105214
2024294994
2023219823
2023200482
2016291625
2021101078
2024205202
2011317052
2016100936
2007306966
2010253487
1998087461
2022263450
2021102345
2020346072
2014323351
2019367295
2024201055
2007356968
2008207448
2017101025
2020290622
2018409011
2022235592
2023361507
2013335196
2021321531
2023331938
2020103886
2025252663
2022203722
2015264784
2017341625
2021201184
2011295128
2017217153
2020418819
2021238937
2019383465
2014221415
2024202973
2022202704
2015244206
2021285881
2005310391
2008226843
2015261641
2015101531
2019362586
2019262048
2011250758
2018205104
1998094503
2002352604
2015410435
2020327856
2012270715
2012343907
2020203596
2015200295
2023241341
2019203691
2000052702
2023320506
2015226365
2016201298
2007249805
2009324800
2016369586
2005219978
2024219904
2019329412
2001014902
2025202815
2001277140
2020450939
2013101619
2020354589
2020386767
2022275389
1999046276
2020367926
2015203649
2016399229
2024200089
2015202071
2018311346
2015418657
2007245098
2019221233
2014202186
2025204018
2003271812
2012327192
2015376660
2004252114
2025208426
2024310123
2000013064
2018399010
2021107101
2014213529
2022229176
2001036833
2007357664
2018226460
2016222337
2000032267
2014394104
2008326956
2019357843
2020273349
2018209950
2024380229
2004280305
2014401866
2018233474
2017229296
2012275665
2000020149
2007211042
2018234848
2017370655
2014376350
2015249103
2019206109
2021100563
2011202296
2017258689
2016423565
2021106921
2022264812
2020257140
2024205758
2001018993
2022398236
2014360182
2020293224
2021388521
2021229178
2011258643
2019353279
2022263514
2010289874
2017203498
2021103378
2000014331
2019253828
2021463157
2016243552
2012318240
2023202189
2026201139
2016358098
2010263301
2017433746
2021256599
2012202508
2017418048
2012350881
2022287644
2020377394
2013404018
2024239169
2011223995
2016254271
2022327457
2020100161
2021438879
2017241538
2002223332
2013100746
2010295016
2013249189
2021397309
2009296413
2017276159
2006348443
2016298501
2017204569
2007300472
2018416927
2001057949
2024200646
2023370838
2017332863
2008277579
2014369524
2022209249
2008202771
2023205745
2010264199
2009226802
2021104479
2023237154
2017201267
2019397068
2009329902
2019387801
2022444027
2014246624
2020375212
2022275760
2020350697
2025201994
2015243071
2016219696
2024272217
2014208289
2018413291
2006287606
2023204315
2003262759
2017368470
2019306074
2012201004
2020294214
2016219672
2009328875
2010250871
2012287175
2018322656
2019202049
2000268370
2021103130
2021102111
2018264139
2023285884
2009210419
2014218464
2012364266
2024205545
2014277652
2017395592
2008329813
2022413292
2013242839
2015101335
2004234604
2000016258
2011206670
2007222105
2022203843
2023350692
2000072950
2016201943
2006338233
2020462418
2018412530
2017200370
2025202750
2022207503
2013324453
2018102235
2022430343
2016210650
2020247686
2011296881
2013205396
2018204462
2010309867
2019340665
2020242007
2019266064
2023466990
2012349663
2009248992
2025201106
2006271125
2008354445
2009229913
2021200247
2016279131
2008279972
1998084523
2025205438
2021104780
2004203241
2005202279
2020257123
2009261230
2020201359
2020394302
2005265224
2021106014
2024264643
2021246026
2016307884
2024237226
2021437226
2013232671
2006240364
2014275927
2017244065
2005272274
2022200274
2011253945
2008308184
2021294421
2009254903
2007340727
2010200604
2021102592
2012100623
2012364724
2000074954
2012352341
2017203477
2021286093
2021316103
2020203559
2006212881
2008355121
2009202285
2017305006
2003300549
2021322072
2006232116
2011336400
1999034131
2014241892
2012398320
2013100508
2010233864
2011347893
2012202678
2025201313
2023219995
2008229991
2008286218
2016203640
2021107380
2012261510
2020102438
2022237538
2010200245
2021372957
2022483180
2018100563
2013283570
2012340272
2018322456
2017228767
2020235220
2011226922
2023266368
2016204644
2004269804
2008279001
2012309303
2002341554
2000064379
2016399645
2007222811
2006227688
2012271443
2015100596
2018238187
2004258218
2011219835
2013200730
2024382581
2012339839
2012308101
2017203509
2022261115
2010265281
2021431583
2019101743
2007327566
2014378324
2013101331
2015203907
2022375768
2016208587
2018202004
2012320224
2005255158
2023309560
2019369517
2019204673
2014240544
2022423611
2020426055
2014222457
2024325218
2006282762
2014200922
2021241639
2009293536
2010213866
2017393428
2015261678
2020103227
2016269572
2006261620
2009246917
2012382936
2006225321
2018444262
2012309049
2009236001
2006300102
1999010869
2019216634
2020217373
2015342321
2021395472
2015238905
2015101694
2021319594
2012258495
2018101318
2016306709
2021282540
2014260498
2022252299
2020385023
2000013283
2020459888
2022202473
2014284691
2009262925
2020100998
2008200223
2003268266
2023204208
2007323923
2023250540
2008204838
2012216363
2016250461
2011101013
2001035648
2022482938
2021413229
2019100961
2025203055
2023258367
2003212847
2018298437
2015348151
2008240151
2002230101
2022306374
2021232040
2009334741
2023210622
2009313781
2024315890
2026203790
2019321613
2019100341
2021103975
2015213340
2004100488
2005312102
2015375343
2007223408
2021105420
2013286917
2020101675
2003258240
2022417277
2023203329
2012397797
2022254655
2012203332
2020218769
2020428397
2016200476
2018201542
2015237347
2023310709
2010216184
2023321871
2023336051
2011222943
2019257288
2023385645
2005242865
2009200932
2018204705
2020361511
2007221086
2021204124
2019415789
2006306010
2025271037
2020370719
2018226398
2016415201
2022305655
2018319213
2012374034
2005290338
2024216536
2020382138
2018277678
2013100549
2015203413
2005246404
2023241397
2019222946
2019355998
2020103199
2008212453
2024375026
2025271459
2020257009
2016343265
2008215125
2013246418
2005203724
2026203144
2018200792
2023200955
2022326664
2021359279
2021204532
2018379114
2010313857
2020322553
2012203145
2019201894
2014243710
2024202107
2008289182
2022259723
2007229406
2019100008
2021105939
2023271365
2013260235
2019430032
2022431986
2000057835
2012207719
2023298016
2016201121
2013100725
2019231761
2019202115
2019101224
2021101933
2022324039
2012308087
2008245594
2009200590
2021321883
2014200949
2018257146
2005204147
2013247670
2008203455
2019200002
2020245205
2007272728
2008322755
2013100873
2023395733
2017101771
2015353485
2020102040
2018298443
2004296621
2025234295
2007202588
2004306386
2006285161
2023264102
2012391016
2020260079
2018261832
2019222527
2020203076
2017378211
2017340146
2002222955
2020202161
2013203277
2010273372
2010218507
2013332371
2024336422
2013206245
2017101375
2009298598
2018252853
2021202994
2017276539
2018261332
2007299680
1998089091
2026201939
2015201623
2016379814
2019211179
2020239009
2019383439
2020399650
2025226719
2020374893
2017289488
2018264068
2013205791
2005211736
2022200299
2007265391
2025210779
2023202044
2010308380
2015100760
2004316380
2021106410
2004292161
2013407434
2025205133
2021105744
2020267811
2020327987
2013101514
2017216609
2008311850
2018246126
2023281492
2006276217
2024266740
2013311333
2014270647
2007313960
2017204749
2020206321
2002340262
2020276531
2024200317
2005280706
2017441775
2019204540
2021316062
2019344306
2022276473
2025263820
2018203266
2016200352
2025200504
2005212893
2025203289
2012227295
2022256099
2020203281
2020341932
1999028016
2012231777
2011244953
2017289924
1999055310
2011351962
2021229303
2022224767
2001034361
2011210732
2024322154
2015200553
2020203193
1998090100
2014201411
2017279700
2019204858
2018407193
2021294867
2020321751
2024202733
2015312565
2023362882
2022202379
2020380906
2021368139
2021231886
2013315303
2025204619
2004207347
2016268944
2007201196
2006243782
2014284441
2012373339
2002313235
2018200122
2012319376
2015361172
2016410568
2009337192
2021209836
2024210972
2020204424
2021201798
2019223785
2016202169
2020101652
2025201735
2006231549
2017314291
2020296735
2017279812
2023286035
2009339916
2002353837
2018305080
2021418124
2018302946
2020415280
2007240231
2024258114
2011314086
2012206977
2019283971
2022308059
2017200604
2017241166
2016255744
2022472704
2005205802
2018278063
2010215135
2008100281
2012306154
2001273750
2016359767
2021104472
2020104496
2016266021
2019475468
2016277609
2024246594
2010202323
2012245181
2007200471
2012356431
2008203058
2020409879
2022201851
2018404402
2017389025
2025263870
2002312508
2024203899
2016204978
2000032498
2021101517
2023251461
2013350472
2017274269
2016325432
2015101224
2006223420
2017202120
2023314394
2025206929
2000038567
2024320853
2018289195
2004321469
2006240057
2012202258
2017377490
2024202855
2021260985
2012256550
2012201518
2019377392
2012258497
2004271482
2013263834
2016257632
2013101332
2008346831
2020294636
2005274950
2009100636
2006241369
2018202051
2022200824
2019371162
2017274891
2011259844
2014250066
2010305529
2016256662
2003202251
2022287647
2017335889
2008324777
2022421989
2013285774
2022268306
2022231758
2002357030
2024227427
2019474900
2017325794
2021321909
2021105520
2006275772
2014337434
2019376655
2003298681
2022313873
2023376799
2014220228
2020315219
2018277210
2001014439
2014249575
2012282685
2021274633
2008345032
2008335637
2025220905
2006244859
2021202768
2013238104
2022276018
2022204101
2011345072
2023272445
2024242028
2017391378
2025234139
2017442099
2017279589
2015203602
2018282484
2015268731
2025267471
2002100304
2005232140
2005269255
2015407876
2024224009
2007205722
2015363675
2003235661
2004205731
2019257630
2012216814
2023409829
2015209091
2018356694
2019386279
2020348001
2017254868
2015271599
2006305623
2019468544
2023290182
2023350306
2018206106
2023201078
2016228166
2020225197
2024219505
2024253661
2020227004
2012333912
2012205031
2012200593
2016354255
2004312747
2021106582
2018445787
2023368466
2026200897
2023202555
2004303440
2006228821
2020103067
2007261342
2001294015
2024211168
2020334982
2020101959
2016263002
2017101891
2010201231
2006272721
2003276743
2024203707
2008337332
2020412962
2022322004
2023202891
2020210154
2003301075
2020206356
2013232183
2016226549
2018225177
2014329318
2007221978
2020366375
2023229571
2022204935
2022223410
2006209654
2018370755
2017389350
2009202309
2020220037
2020200383
2021319660
2016262702
2022391898
2021321325
2022306583
2022334031
2018203225
2009205544
2015383097
2019309583
2022297182
2018352483
2021266418
2024227347
2015224477
2018428631
2020212233
2022250360
2007318506
2006212799
2007215469
2023471703
2006335521
2002307052
2024342246
2014412020
2021227529
2020103690
2008204849
2020407967
2011211681
2019257422
2020200390
2024344411
2020100489
2023329569
2013311811
2020285476
2024278511
2022205449
2022380766
2008261691
2015360713
2002339501
2020356801
2015350532
1999038177
2010200657
2014100348
2022200015
2002328216
2017214479
2025201399
2020103803
2024320972
2023390970
2002346120
2019326260
2000069912
2008254127
2023241354
2018414599
2020392151
2022202447
2023282842
2016203997
2010337128
2020101668
2023278276
2014280960
2017440250
2015315050
2017321242
2023369186
2021392638
2023201405
2020379096
2009248420
2013305769
2016415213
2015213343
2020391402
1999015638
2026200696
2007319651
2011100877
2004293737
2013200036
2021377710
2015256182
2022473505
2004236836
2023240523
2002334776
2000040796
2019203195
2014221255
2020240270
2005302256
2018254303
2024201491
2018348022
2000019912
2003244466
2010292681
2006272626
2008317008
2020100275
2023230030
2019228454
2024297293
2024205739
2014308836
2002245274
2022201231
2012336572
2018205094
2015329722
2018213552
2026200890
2011316631
2015205919
2019418268
2023303021
2017433753
2007258867
1999025236
2011285426
2021104486
2025230655
2009255484
1998095822
2011269743
2000047249
2010282792
2022275439
2007245421
2021409643
2023254929
2016231596
2010101387
2015360437
2021215764
2007264175
2022203091
2012261707
2013256201
2024205402
2003243204
2021320591
2021294334
2006100627
2005200543
2022327116
2016296984
2019337093
2023205944
2014287072
2023200467
2009236052
2021357944
2026201905
2015232126
2024202817
2016200131
2024384393
2022274268
2008335217
2023286034
2018434435
2008349429
2008242924
2017405782
2012205171
2016235332
2023282892
2020374624
2010261281
2002364487
2018220141
2022304088
2017440171
2021221330
2018257151
2015280802
2021348167
2024304933
2012204104
2024216941
2023317449
2011371065
2023200747
2003298536
2020202005
2014238336
2018454491
2021203080
2024219807
2011205181
2022283025
2009100689
2026203871
2013206712
2019203081
2020202921
2007256720
2013336401
2017219066
2022421156
2006302674
2010328145
2022376876
2016204717
2016361449
2016205863
2010335058
2022263531
2016303740
2006326465
2007101137
2004233548
2008335255
2021273485
2019244446
2023200391
2023201403
2010234341
2024227450
2021473992
2009281762
2015201462
2017442806
2017378985
2020372024
2013232536
2013279648
2017269712
2013101464
2023258518
2021205097
2021262976
2011239422
2020376239
2012202920
2008297726
2019352891
2023203407
2015259096
2024200752
2016414700
2022445522
2001026326
2021102394
2008207617
2017233227
2014203699
2008200110
2006258198
2020354916
2014100960
2019346427
2022487843
2017420781
2007204333
2023430218
2016225903
2004311214
2003257865
2006222379
2015215980
2014200349
2020219048
2002315408
2001031517
2024364169
2017227628
2002222165
2016206265
2022275407
2002337039
2022202470
2020335919
2010310816
2000024557
2017201515
2016320012
2002343676
2000019333
2015354703
2016289048
2009240646
2005239620
2020301543
2021404877
2021100094
2021297788
2022340938
2020336448
2012233056
2017283867
2020484046
2016293154
2010300774
2014268207
2018401511
2022208266
2017205975
2020283912
2023233662
2010202485
2007253766
2019393095
2008338888
2024374545
2010235002
2020271905
2005201968
2021201027
2012296895
2019478563
2012311977
2020359506
2015100300
2020281094
2007305304
2009294781
2006220618
2007202589
2024259495
2021390530
2023353732
2024205849
2016204659
2022265022
2014285083
2014275757
2021104138
2004200519
2017299718
2016406586
2021286579
2017432971
2023233221
2015101714
2024246843
2011326861
2006272766
2018202896
2016219673
2009255482
2011352985
2013360272
2015201964
2019253420
2024331551
2023229510
2019202102
2007247081
2010273870
2009280381
2012299370
2011264921
2018418065
2023214355
2024201235
2002305918
2005241122
2023370629
2015314783
2013341251
2012376571
2014274265
2023208758
2016329200
2000034579
2022206822
2018429394
2019276564
2018266177
2012202680
2021283545
2011201964
2020205406
2014331094
2009222502
2024248639
2006294662
2020295684
2013203888
2021106247
2013277000
2023204191
2017207496
2018202515
2010306593
2010224368
2006352573
2018309611
2016434076
2021218055
2013100173
2018316466
2021291579
2011308105
2004301598
2016317860
2017352905
2024336355
2018244305
2022266655
2020235929
2011246790
2015213426
2002306518
2008258222
2019288473
2020256424
2022446988
2001264050
2019271963
2017438105
2015249406
2019473996
2019207965
2010257236
2013382296
2020103993
2012300471
2022334740
2004242421
2025278208
2017394135
2001296202
2002325413
2022328089
2022260125
2012316758
2014384897
2024200707
2020471163
1999010206
2020101125
2017249014
2026202913
2022330133
2023226748
2007317574
2020443361
2018201661
2021218959
2020101276
2022376150
2020270498
2018286651
2024201076
2021261956
2012331631
2018236894
2021201555
2014381181
2006260795
2020100920
2025213704
2017386515
2008200457
2012231004
2006298739
2017315398
2019326372
2023266358
2024278346
2017270593
2013378208
2022383161
2008356856
2007203010
2021278969
2008311740
2008215231
1999057464
2009299856
2013267071
2021311376
2016238580
2007244649
2022252821
2001283205
2025283689
2018252931
2025205164
2009344148
2020202559
2022381586
2013267043
2021204055
2019354637
2023364860
2022354707
2023289367
2020348304
2005203462
2002365134
2016200252
2018201920
2022278865
2024217825
2008203328
1999050977
2011250690
2019350380
2012216546
2020372880
2021453532
2022253026
2014244380
2020100274
2018379798
2013261854
2025279709
2024328721
2015345219
2004270729
2024291196
2014235986
2011226888
2002247446
2009338831
2024227214
2021232606
2024205653
2021201073
2021290455
2024364205
2006326213
2023320002
2002353975
2024203670
2022490999
2012387578
2023289066
2012201145
2020278126
2009250973
2020367203
2018101634
2009202884
2020341335
2014340088
2015227477
2004100818
2007356091
2014236791
2018409038
2017319511
2010242684
2012352834
2013370672
2018422333
2019333410
2017359047
2021107178
2021213813
2009101293
2005248892
2025283501
2020436768
2025201490
2018204169
2008202861
2002340246
2022456752
2017249072
2018226401
2011265365
2018343099
2021200018
2020225760
2011281007
2010219432
2020247472
2007247423
2007276093
2021384675
2007299896
2019100273
2021103787
2019383074
2008260168
2002343978
2020273945
2024204117
2023371024
2011283965
2013200631
2020101248
2014101134
2016383925
2015223378
2024202532
2017339771
2020239728
2001269583
2021286810
2017203504
2023263320
2013406219
2021261647
2008318749
2019284169
2016200657
2013227894
2020281617
2016341574
2019211234
2015323535
2016432983
2013309075
2017205032
2011202270
2017290387
2024323228
2017100123
2009307827
2011203816
2020332998
2014201387
2018366776
2018257685
2015200305
2000056874
2019325553
2003300700
2000059115
2011301214
2012220567
2019205007
2019310816
2018336811
2021406375
2019297721
2016101834
2017219148
2007302744
2023297955
2009314308
2022269916
2024205787
2020227446
2000033681
2025205445
2020100788
2021206097
2016350973
2009296796
2018280030
2024259109
2024395796
2019341638
2023201334
2016289462
2013214024
2020310932
2017278824
2010251821
2021313706
2000072319
2009260005
2022370570
2017341161
2016210694
2005241238
2010313417
2021283948
2003281447
2020296895
2025206383
2016200916
2013217739
2024219723
2009206856
2022426813
2013213762
2025210264
2020239811
2017251708
2025256167
2014336097
2024259707
2014341983
2017202908
2021266391
2023283453
2014392679
2024200039
2014250122
2008290576
2020221974
1999030081
2023203604
2000042492
2013285605
2013242849
2021105327
2024220159
2023206108
2013273830
2022450885
2015247901
2022429329
2007241125
2009279927
2019257701
2019363145
2010216271
2017100460
2007255598
2014268297
2021302094
2021202822
2016372575
2005236441
2023203417
2019203864
2006292679
2015203588
2015383606
2003304688
2017403653
2014328493
2023249253
2019220015
2024439059
2012240088
2012346380
2018273999
2021100526
2018200679
2024332283
2019203829
2005253487
2020262101
2022332888
2015100323
2016219421
2012261640
2020358845
2020316410
2004203357
2008288699
2020269603
2008264553
2013404886
2022430004
2018379172
2014226246
2017316222
2023222966
2011290810
2017432427
2025203755
2018306664
2015397197
2025204050
2022200700
2002358322
2025203744
2007326668
2013242693
2019320321
2022325804
2006292252
2018317851
2008216966
2021106178
2014302199
2017100962
2021285555
2010200138
2021448087
2022473582
2019306205
2011352974
2007306874
2004200453
2021105287
2021103042
2018413292
2010239134
2016231592
2016328995
2022368364
2018375768
2015268708
2010241256
2021104034
2009215759
2020200894
2019101509
2017437132
2020270516
2009240640
2005216169
2014203124
2017276796
2020319138
2014284129
2010215088
2019203498
2000042970
2021204821
2013308948
2009206038
2001238056
2016211216
2021104800
2015346021
2019216715
2024279418
2020246733
2010203039
2024211859
2005201651
2004214376
2012203569
2022201792
2013394952
2011347057
2023284367
2019359378
2013213722
2004225191
2020101462
2013399590
2011311815
2011274307
2008241689
2019101182
2015340352
2023214322
2011201802
2017337144
2016392585
2024282571
2015202624
2013203438
2018284829
2001055457
2016433300
2015201310
2011285425
2020427124
2016200622
2005259981
2004279165
2000063139
2015205816
2004276725
2021106429
2022252796
2007229846
2012311373
2021323751
2023203172
2017436303
2014202459
2022399687
2018320182
2018101088
2020233909
2023341904
2021322696
2015282749
2026202167
2013235225
2020201558
2013399051
2011335179
2023308992
2025200678
2018253514
2013206436
2019314897
2015203174
2016278851
2022303618
2024264960
2014299312
2014232168
2022204184
2021245117
2018214243
2008269815
2016426890
2015329733
2012244081
2020200676
2023427722
2021275906
2001011082
2019224209
2020445437
2016201927
2018427424
2019204967
2023229477
2017302500
2017377666
2001266722
2019222840
2022256129
2001080119
2020219289
2012101970
2019479604
2024227316
2018279138
2000062542
2005243198
1998084865
2004202113
2012201114
2010332934
2024299389
2004254771
2012366229
2006315666
2012315093
2006293290
2022485543
2023456818
2023413266
2014200033
2017302462
2011275436
2020338480
2021209917
2012207616
2000059486
2023285702
2005202604
2021346654
2019252455
2003268856
2012100460
2020102960
2022369271
2020201883
2015200722
2020231007
2020421460
2020391167
2019253910
2021333741
2015200870
2021332597
2000018739
2016273860
2023201017
2008201570
2020277711
2012201495
2006252972
2023201134
2013318521
2011100165
2014355732
2018216529
2022410724
2012363091
2006296557
2002334278
2012382968
2002353833
2001077282
2022327451
2011269746
2014202185
2025230785
2014229028
2021300121
1999025408
2020239051
2001262387
2013353368
2022201054
2018285692
2020200625
2024219384
2017266832
2019204910
2024200571
2008320275
2020327592
2021218125
2017428472
2011255654
2021102935
2008336329
2020101946
2019228625
2021420107
2016381827
2015207829
2003270982
2020260473
2009348180
2019216613
2013271968
2021305184
2022381922
2006334002
2016225929
2011285702
2024416009
2018214020
2016380877
2007237289
2021200428
2024205807
2002323176
2009290143
2011284806
2021299216
2004208274
2010300297
2011202316
2022407559
2023302057
2007202741
2003230995
2014398665
2017260462
2025202278
2015229865
2016405754
2022202499
2019246860
2016427777
2024202313
2020100003
2020283902
2017200030
2022381713
2015306062
2009222508
2022353910
2005268547
2019422008
2013302701
2017210311
2017330209
2016244282
2019383886
2018233014
2020259567
2025204022
2020244577
2014100773
2017239628
2013338258
2018224194
2023347079
2023445887
2006256757
2008327139
2024219826
2021303407
2019449128
2010221789
2013400686
2009266333
2022100030
2010294914
2005217943
2002246431
2012338330
2025201832
2019201903
2011340804
2023241270
2020104181
2018282315
2024205742
2017232659
2023458219
2019233899
2015413918
2023328887
2024264980
2012311291
2013228834
2013285752
2023213913
2013285168
2009327266
2017100437
2017259723
2011253325
2024389968
2015279923
2021247741
2008265960
2012240732
2010317253
2025279804
2013247950
2012240276
2024219948
2000066603
2017202066
2019301580
2021381766
2018291850
2005332039
2023208177
2013233911
2020102323
2023469583
2016101387
2022279493
2025203431
2021286653
2005306298
2019100204
2010271300
2023258435
2018220785
2025223751
2019368625
2016418791
2022352222
2017250221
2019314380
2016382189
2024278402
2018264106
2004312755
2022314858
2015277425
2001021038
2015254756
2020381566
2018329368
2021340295
2015201239
2014278303
2018423422
2021283683
2004312792
2020412360
2018345315
2015256590
2012262829
2020262140
2014311265
2006235861
2019317336
2014382718
2006228854
2008267838
2016390751
2017100685
2025201986
2008258910
2008354992
2004237689
2020407929
2022206791
2018202365
2011312756
2006312164
2017325706
2025203692
2006287156
1999021492
2022268248
2020405366
2019333058
2019200189
2024263086
2018214121
2015328516
2023282302
2013266122
2010100644
2003236032
2023201238
2019202843
2018226567
2022323312
2021364691
2016286709
2002100464
2019232786
2018264086
2022375204
2017361585
2021251204
2010234503
2020256373
2018335549
2016291761
2017329751
2024216379
2012200089
2005241566
2024287130
2011374206
2009282933
2019200857
2017204408
2018203178
2002315261
2008326228
2019288739
2012100059
2013341302
2022369776
2010200592
2017277418
2023241296
2002242023
2021246718
2014316299
2019204325
2020260078
2010242474
2013248175
2025202582
2007318106
2006204041
2012219504
2014340221
2011247331
2022303140
2024203083
2018204177
2014363686
2014339698
2001013723
2014263433
2017250626
2023279786
2010315698
2002303392
2019210587
2019203952
2008203261
2003250621
2014231771
2020315837
2022428809
2008203424
2022211850
2022201105
2020102328
2022241475
2000052742
2019325324
2021252536
2004304818
2007254597
2021229222
2013279748
2023204177
2012202698
2022388446
2022388757
2013100542
2023229514
2016256684
2018214146
2008355092
2005225031
2007200529
2017367245
2024273309
2021418920
2018309582
2013237644
2017200266
2025232989
2023349337
2024204376
2006269327
2002361386
2021312427
2022200721
2000048842
2023466489
2023202899
2018412968
2007206195
2006300103
2021103443
2020219110
2024353336
2024212507
2017251855
2019370555
2022480348
2018299289
2013275930
2012245129
2023208220
2017270401
2014205792
2020203669
2015384820
2003266437
2015328523
2023317588
2011223488
2006341445
2009245818
2018230771
2018203839
2020418490
2017299655
2020221273
2007281076
2022437623
2024215904
2021351611
2022422775
2016228987
2012262809
2021263967
2017305867
2008335089
2002353826
2019349581
2024230654
2011252751
2011226242
2012286906
2013234379
2020101484
2007205840
2022212797
2016372573
2014100228
2016422603
2019356905
2011236087
2021210856
2019380590
2012217632
2001040580
2018256600
2001287017
2004201995
2025200070
2011202569
2014200338
2023264655
2023200851
2007293812
2024205844
2016200539
2018202849
2019252418
2019222897
2023278009
2017239488
2016204370
2004254663
2016418599
2017203287
2019321639
2021203450
2009248421
2014202246
2006247618
2010260479
2001018806
2023204185
2009205718
2023258431
1999041845
2018305821
2013256520
2008308750
2014202759
2013100748
2012101186
2021344967
2024216437
2022228180
2022359625
2022470715
2014388113
2008308745
2015320660
2014315883
2023277222
2023356809
2012244209
2015203292
2014369919
2022230997
2018214063
2006262611
2015229973
2009200459
2023204278
2015316061
2007311186
2021358831
2020322315
2019203771
2021200217
2002320421
2024298350
2023200549
2024242577
2020102948
2023200837
2018388844
2024382550
2001022405
2006270382
2002334719
2021100805
2021102799
2020217786
2014201825
2004247033
2021104561
2021332888
2007211859
2000012740
2024307048
2012100212
2014388379
2004270186
2021374236
2020267130
2024227178
2018204523
2009266922
2023258402
2021200422
2016377491
2023430474
2017432714
2010350746
2004211404
2022284770
2001241103
2021214827
2008248990
2011329767
2014208305
2009228467
2009324883
2014376189
2017225333
2014216056
2018305075
2023203536
2016206832
2010248074
2017413023
2016202314
2012200023
2019341745
2011323574
2024244923
2014292816
2022212950
2018203530
2011202042
2016204080
2023202100
2013229126
2024291267
2005315358
2024200139
2016385712
2011361394
2002325168
2008254682
2021274721
2022398322
2014318429
2006252308
2019200774
2018305214
2002018716
2022203014
2005100947
2013354877
2017217846
2002249632
2006218255
2023200466
2022200734
2017202910
2008264235
2018337653
2023200600
2007344053
2017209973
2025205008
2023381347
2021277234
2005202864
2006300903
2008265813
2007300810
2009299020
2020257125
2011307516
2000052233
2020201408
2004232047
2011282501
2023315607
2026202168
2018301453
2019101606
2017252167
2018100221
2021100304
2003230650
2003261236
2010352626
2024203903
2014203181
2024353211
2018417367
2013100866
2020104202
2022386138
2022200839
2020290508
2018202720
2017249063
2018309575
2025201429
2025217425
2012202619
2007225420
2023263525
2022300269
2007276715
2020201212
2009282998
2023225939
2011243126
2025204151
2013226551
2010200010
2011203884
2016331691
2004201413
2024202216
2011214925
2020210143
2016201361
2011244957
2022252849
2008258343
2025287397
2013276357
2023258395
2015240252
2019202047
2023375014
2021211150
2016304907
1999027107
2007284378
2025202000
2004202627
2018430802
2018200830
2020268735
2016350896
2013208831
2014202151
2017328875
2016410102
2013216791
2013101014
2004211843
2017424814
2008242838
2018432963
2000063939
2013341636
2007203699
2017302236
2017203010
2003219717
2006205254
2005335548
2021294240
2021240273
2018200702
2022252749
2014275115
2003291803
2008329805
2015100593
2018301295
2021211707
2021373731
1999044960
2022358391
2016216259
2012287359
2012328426
2008299811
2025220707
2023202574
2014265558
2008352059
2018338117
2023200663
2014202594
2023301919
2021254666
2023297169
2015346655
2006100117
2013332635
2006279868
2023203717
2020256312
2024200516
2023390074
2020100210
2010227002
2022226332
2019100696
2017322485
2015375301
2018271262
2014321540
2022309659
2015224506
2016231631
2013299259
2016100197
2007291927
2006201589
2009312069
2006323227
2011363087
2002333726
2025234180
2020102992
2000022269
2009202531
2022373333
2014249666
2014210571
2021370352
2016247101
2018301578
2012267487
2008255212
2000023857
2020367106
2024227397
2020207811
2019402067
2011218778
2021200754
2022410229
2015206771
2009232922
2020201098
2021201097
2023435249
2018340470
2003205038
2017100886
2020403654
2022434487
2021338583
2020294309
2018400261
2019399699
2021103986
2006330465
2011256772
2024227282
2018275194
2017200327
2013205374
2002353784
2021201825
2012227218
2013202417
2006315617
2023203244
2024201153
2012284168
2021245285
2021231850
2023356403
2009256413
2022425230
2015224531
2024216486
2000025229
2019441740
2014302666
2026200757
2015227417
2023201543
2009217331
2018303111
2025201573
2023201491
2024315439
2020245322
2022270727
2018334994
2013283173
2007208310
2015255226
2020256029
2007205175
2013255673
2009200890
2023202970
2020248492
2021201183
2020102863
2016204283
2008343942
2017201097
2013206708
2009292864
2016205917
2019439338
2022349615
2023448807
2007202316
2020294188
2008205439
2012304619
2014294482
2020104121
2024201095
2021240132
2026201553
2010202912
2013202406
2018357713
2019200481
2020102123
2005320421
2017243865
2021103335
2014257422
2017362883
2004218703
2014237209
2025220753
2011373554
2007262658
2017440899
2003220490
2013203704
2015268306
2014215953
2012241159
2020204205
2011253880
2007340045
2012203109
2004310062
2004100949
2024317380
2017310363
2022454092
2025202588
2007221921
2021381550
2013201445
2019101417
2022267857
2020104011
2013203777
2008280929
2017248453
2013224731
2024286781
2000068898
2018242148
2020405942
2013200325
2022202190
2018204126
2019378514
2023204179
2009329868
2013401276
2025263781
2005202602
2021106058
2019271028
2025208442
2011253711
2010257039
2018264074
2023284885
2014100908
2008255227
2025267532
2014318704
2005100678
2020202902
2007212811
2017301096
2016204122
2016315019
2019231514
2023289826
2002243161
2015300773
2010283277
2010208557
2025226806
2004279179
2020400880
2008247754
2015382316
2005284886
2016374498
2023439421
2020203671
2018444521
2014272840
2019354911
2013200896
2001056021
2016280171
2019275564
2024357834
2016337227
2006313021
2002337524
2024305676
2009231823
2015324509
2005218027
2013403409
2019202189
2014415339
2019388795
2021269127
2013210955
2018219188
2021100566
2020100309
2008299029
2021200024
2007240214
2019221549
2003281129
2020410417
2015208702
2012327574
2005213574
1999047942
2018233482
2014200834
2013407276
2004322659
2021358061
2019245424
2016100397
2005261353
2002331054
2006342800
2024362583
2009252932
2011239288
2016227457
2009219057
2008279318
2010328469
2024204100
2006294654
2011271581
2013394777
2025238117
2021106284
2018239863
2021200591
2007251560
2023285704
2010206229
2013346969
2018332082
2022319175
2021346299
2005306875
2014312020
2018453104
2015231096
2018205044
2012209603
2006279734
2020100266
2026204533
2004219094
2012352343
2018263871
2020257304
2008259730
2009281555
2020307364
2019283821
2017376897
2017204460
2011100807
2004240149
2000031358
2017398275
2011205143
2024204894
2016391833
2007296511
2008268549
2013302551
2024395991
2020261351
2018200403
2023203804
2016102034
2022246569
2025203439
2013100954
2020294004
2023203866
2017404183
2013247949
2003276070
2010278977
2018359395
2006273032
2002318154
2020202829
2019202871
2010228936
2023441334
2021202189
2019346258
2001294970
2005302222
2019362972
2025203262
2022204210
2020205283
2006225272
2009100573
2016208113
2000054517
2022200411
2006225279
2005270966
2020393923
2019304036
2016226500
2000276087
2006247276
2023248046
2020103115
2021204362
2017237840
2022483600
2002353931
2017205583
2023379646
2022231680
2012377350
2012215968
2016358821
2023474225
2009230878
2001019000
2024203430
2015360953
2008319307
2007306432
2021310874
2025201907
2018366777
2023285833
2025200210
2003261675
2019262610
2014233248
2003207316
2021212011
2008276617
2019420297
2011281587
2018370024
2020394885
2000041959
2021430612
2023200114
2022246663
2017412349
2004313277
2013266439
2010249496
2011260369
2004211402
2015269334
2019279587
2024205215
2001036514
2023200423
2019397944
2022405040
2022269686
2024340717
2022437917
2007235644
2010281480
1999047202
2021326057
2016253924
2017444431
2019294827
2017397594
2015100031
2012277420
2022379488
2023414297
2000033126
2021378007
2017216499
2018431320
2004200481
2011325822
2020270246
2013346513
2023277832
2013261274
2003204978
2025200380
2023444874
2019100931
2023247751
2019388633
2018311637
2022206694
2009226643
2006223156
2017445534
2016279999
2024400340
2024227582
2017225114
2003262457
2017206162
2022202575
2019327091
2023246691
2024310215
2005203428
2023322371
2022277431
2013214446
2015231128
2019280824
2018359502
2016210663
2013235252
2020233401
2020249191
2022223205
2007200681
2024227106
2011250689
2023404430
2008237266
2014412483
2018101512
2021451244
2022309979
2021240311
2016212242
2014306424
2018432066
2014318980
2013101179
2000033388
2009238232
2021322806
2022403869
2004201364
2024417779
2024205764
2024227559
2014201853
2017320329
2020103330
2015387270
2021103399
2017201472
2001294798
2013309452
2014311348
2023201715
2014250652
2023217631
2015249048
2024201081
2022350581
2020104203
2019373839
2017406364
2017214818
2023206207
2024271649
2013201726
2024421563
2013258866
2014100909
2008202710
1999043164
2019275576
2010353170
2023226793
2015202509
2022200081
2014216247
2009240855
2015351677
2022204397
2015293807
2023208069
2017288933
2010307519
2008246243
2021397434
2020102856
2013297107
2016295940
2023228709
2015288012
2022203982
2021211706
2021430556
2002332686
2025201111
2008216983
2024200025
2015101207
2013345396
2021276728
2015395663
2013206433
2011347729
2007264420
2019293864
2022275496
2021283195
2016100711
2000074788
2021203875
2001263081
2012273357
2021103505
2024216360
2014101617
2005264973
2024210835
2004280650
2005333761
2017349006
2009293583
2009246955
2016202714
2020103716
2008265537
2013236919
2010313867
2022424925
2010268589
2021204426
2017231097
2002359018
2005334879
2024205026
2020364348
2002331236
2018288098
2012326539
2024202607
2013228462
2014360724
2005246522
2018401063
2023285802
2022260255
2019201125
2022205151
2019200514
2007212967
2015251884
2015324610
2010202903
2010265451
2012294770
2025230741
2011320937
2013374486
2021200904
2023422212
2014203291
2011100310
2020103727
2020100825
2010304098
